"type";"begin_time";"frequency";"count";"created with version";"exported with version";"last_name";"first_name";"born";"sex";"measurement_date";"record_name"
"record";"0,00000";"2000.4";"42520";"Noraxon myoRESEARCH Software 4.2.22";"4.2.22";"MyoMetrics Demo Record";"";"";"male";"2025-12-02T11:31:19.387+01:00";"Free Capture"

"time";"Activity";"Marker";"BICEPS BR. LT (uV)"
0,00000;"Activity";;-9,373022054
0,00050;;;-5,100300347
0,00100;;;-0,2171898234
0,00150;;;1,003587807
0,00200;;;1,003587807
0,00250;;;6,191892738
0,00300;;;19,62044668
0,00350;;;35,79575029
0,00400;;;43,73080489
0,00450;;;40,98405522
0,00500;;;34,26977825
0,00550;;;31,52302858
0,00600;;;32,13341739
0,00650;;;31,52302858
0,00700;;;28,4710845
0,00750;;;26,94511246
0,00800;;;27,55550128
0,00850;;;26,63991805
0,00900;;;22,67239075
0,00950;;;18,09447464
0,01000;;;15,95811378
0,01050;;;14,43214175
0,01100;;;11,38019767
0,01150;;;7,412670369
0,01200;;;4,6659207
0,01250;;;0,6983933997
0,01300;;;-6,626272385
0,01350;;;-15,1717158
0,01400;;;-20,66521514
0,01450;;;-24,32754803
0,01500;;;-27,98988092
0,01550;;;-29,82104737
0,01600;;;-27,68468652
0,01650;;;-24,93793685
0,01700;;;-24,93793685
0,01750;;;-26,15871448
0,01800;;;-24,93793685
0,01850;;;-21,58079836
0,01900;;;-20,36002073
0,01950;;;-19,74963192
0,02000;;;-16,08729902
0,02050;;;-11,50938291
0,02100;;;-9,678216462
0,02150;;;-9,373022054
0,02200;;;-5,405494754
0,02250;;;1,919171031
0,02300;;;7,717864777
0,02350;;;11,99058648
0,02400;;;18,39966905
0,02450;;;26,63991805
0,02500;;;30,30225095
0,02550;;;28,16589009
0,02600;;;25,72433483
0,02650;;;24,5035572
0,02700;;;22,36719635
0,02750;;;18,70486345
0,02800;;;17,78928023
0,02849;;;18,70486345
0,02899;;;17,48408582
0,02949;;;12,29578089
0,02999;;;7,717864777
0,03049;;;6,191892738
0,03099;;;4,971115108
0,03149;;;1,613976623
0,03199;;;-2,353550677
0,03249;;;-6,931466793
0,03299;;;-13,95093817
0,03349;;;-22,19118718
0,03399;;;-28,29507533
0,03449;;;-31,95740822
0,03499;;;-35,0093523
0,03549;;;-36,23012993
0,03599;;;-34,09376908
0,03649;;;-30,12624178
0,03699;;;-29,21065856
0,03749;;;-30,12624178
0,03799;;;-28,29507533
0,03849;;;-24,32754803
0,03899;;;-21,27560395
0,03949;;;-20,05482632
0,03999;;;-17,30807665
0,04049;;;-13,34054935
0,04099;;;-11,50938291
0,04149;;;-10,59379969
0,04199;;;-6,01588357
0,04249;;;1,919171031
0,04299;;;9,243836815
0,04349;;;14,12694734
0,04399;;;20,23083549
0,04449;;;27,86069569
0,04499;;;31,82822299
0,04549;;;30,30225095
0,04599;;;27,55550128
0,04649;;;26,33472365
0,04699;;;25,11394602
0,04749;;;23,58797398
0,04799;;;23,89316839
0,04849;;;25,11394602
0,04899;;;23,58797398
0,04949;;;19,31525227
0,04999;;;15,95811378
0,05049;;;15,04253056
0,05099;;;13,21136412
0,05149;;;8,938642408
0,05199;;;4,6659207
0,05249;;;0,6983933997
0,05299;;;-5,710689162
0,05349;;;-14,25613258
0,05399;;;-20,66521514
0,05449;;;-23,1067704
0,05499;;;-24,32754803
0,05549;;;-25,24313125
0,05599;;;-23,71715922
0,05649;;;-20,66521514
0,05699;;;-19,1392431
0,05749;;;-20,05482632
0,05799;;;-20,05482632
0,05849;;;-17,91846547
0,05899;;;-16,08729902
0,05949;;;-14,56132699
0,05999;;;-10,59379969
0,06049;;;-6,01588357
0,06099;;;-4,795105939
0,06149;;;-4,795105939
0,06199;;;-0,2171898234
0,06249;;;8,633448
0,06299;;;15,95811378
0,06349;;;20,5360299
0,06399;;;26,94511246
0,06449;;;35,49055588
0,06499;;;39,45808318
0,06549;;;36,10094469
0,06599;;;32,4386118
0,06649;;;33,04900062
0,06699;;;32,13341739
0,06749;;;26,63991805
0,06799;;;24,19836279
0,06849;;;30,30225095
0,06899;;;37,32172232
0,06949;;;33,35419502
0,06999;;;19,62044668
0,07049;;;8,938642408
0,07099;;;6,497087146
0,07149;;;6,191892738
0,07199;;;1,308782215
0,07249;;;-6,01588357
0,07299;;;-13,03535495
0,07349;;;-18,83404869
0,07399;;;-25,24313125
0,07449;;;-31,041825
0,07499;;;-33,78857467
0,07549;;;-33,17818586
0,07599;;;-31,041825
0,07649;;;-29,82104737
0,07699;;;-30,43143619
0,07749;;;-30,43143619
0,07799;;;-29,21065856
0,07849;;;-27,68468652
0,07899;;;-26,15871448
0,07949;;;-23,1067704
0,07999;;;-18,83404869
0,08049;;;-15,78210462
0,08099;;;-14,86652139
0,08149;;;-13,34054935
0,08199;;;-8,152244424
0,08249;;;-1,437967454
0,08299;;;4,055531884
0,08349;;;10,15942004
0,08399;;;17,78928023
0,08448;;;24,5035572
0,08498;;;26,33472365
0,08548;;;25,41914042
0,08598;;;24,80875161
0,08648;;;24,19836279
0,08698;;;22,36719635
0,08748;;;20,84122431
0,08798;;;21,75680753
0,08848;;;22,06200194
0,08898;;;18,70486345
0,08948;;;14,12694734
0,08998;;;12,29578089
0,09048;;;11,38019767
0,09098;;;8,328253592
0,09148;;;4,360726292
0,09198;;;1,613976623
0,09248;;;-1,743161862
0,09298;;;-9,678216462
0,09348;;;-18,83404869
0,09398;;;-24,02235362
0,09448;;;-26,15871448
0,09498;;;-28,60026974
0,09548;;;-30,12624178
0,09598;;;-27,68468652
0,09648;;;-24,02235362
0,09698;;;-23,41196481
0,09748;;;-23,71715922
0,09798;;;-22,19118718
0,09848;;;-19,1392431
0,09898;;;-17,61327106
0,09948;;;-15,78210462
0,09998;;;-11,50938291
0,10048;;;-7,236661201
0,10098;;;-6,321077977
0,10148;;;-5,405494754
0,10198;;;0,08800458433
0,10248;;;8,328253592
0,10298;;;14,43214175
0,10348;;;19,62044668
0,10398;;;26,94511246
0,10448;;;33,65938943
0,10498;;;35,18536147
0,10548;;;32,74380621
0,10598;;;31,52302858
0,10648;;;30,91263976
0,10698;;;28,16589009
0,10748;;;25,11394602
0,10798;;;25,41914042
0,10848;;;26,94511246
0,10898;;;24,80875161
0,10948;;;19,31525227
0,10998;;;15,65291938
0,11048;;;14,12694734
0,11098;;;10,76980885
0,11148;;;5,886698331
0,11198;;;1,613976623
0,11248;;;-2,963939493
0,11298;;;-10,28860528
0,11348;;;-19,44443751
0,11398;;;-26,15871448
0,11448;;;-30,12624178
0,11498;;;-32,87299145
0,11548;;;-34,09376908
0,11598;;;-32,56779704
0,11648;;;-30,12624178
0,11698;;;-29,82104737
0,11748;;;-30,43143619
0,11798;;;-29,51585296
0,11848;;;-27,37949211
0,11898;;;-25,54832566
0,11948;;;-23,1067704
0,11998;;;-19,44443751
0,12048;;;-16,08729902
0,12098;;;-14,86652139
0,12148;;;-13,64574376
0,12198;;;-8,762633239
0,12248;;;-1,437967454
0,12298;;;5,276309515
0,12348;;;11,38019767
0,12398;;;17,78928023
0,12448;;;23,58797398
0,12498;;;26,33472365
0,12548;;;25,11394602
0,12598;;;21,75680753
0,12648;;;19,62044668
0,12698;;;19,62044668
0,12748;;;19,62044668
0,12798;;;16,5685026
0,12848;;;12,6009753
0,12898;;;14,43214175
0,12948;;;21,14641872
0,12998;;;23,58797398
0,13048;;;14,12694734
0,13098;;;0,08800458433
0,13148;;;-6,321077977
0,13198;;;-6,321077977
0,13248;;;-9,98341087
0,13298;;;-20,05482632
0,13348;;;-29,51585296
0,13398;;;-33,17818586
0,13448;;;-35,0093523
0,13498;;;-38,36649079
0,13548;;;-38,9768796
0,13598;;;-35,31454671
0,13648;;;-31,95740822
0,13698;;;-31,34701941
0,13748;;;-31,041825
0,13798;;;-27,98988092
0,13848;;;-24,63274244
0,13898;;;-23,1067704
0,13948;;;-20,36002073
0,13998;;;-15,47691021
0,14048;;;-11,81457732
0,14097;;;-11,2041885
0,14147;;;-9,373022054
0,14197;;;-2,658745085
0,14247;;;4,971115108
0,14297;;;10,46461445
0,14347;;;16,26330819
0,14397;;;24,5035572
0,14447;;;31,52302858
0,14497;;;32,4386118
0,14547;;;30,30225095
0,14597;;;29,99705654
0,14647;;;29,99705654
0,14697;;;28,16589009
0,14747;;;25,72433483
0,14797;;;26,33472365
0,14847;;;26,63991805
0,14897;;;23,58797398
0,14947;;;18,70486345
0,14997;;;16,87369701
0,15047;;;17,17889142
0,15097;;;15,04253056
0,15147;;;10,15942004
0,15197;;;5,276309515
0,15247;;;0,393198992
0,15297;;;-6,626272385
0,15347;;;-14,86652139
0,15397;;;-21,27560395
0,15447;;;-24,63274244
0,15497;;;-26,46390889
0,15547;;;-26,15871448
0,15597;;;-23,41196481
0,15647;;;-20,66521514
0,15697;;;-20,36002073
0,15747;;;-20,97040955
0,15797;;;-19,1392431
0,15847;;;-16,39249343
0,15897;;;-14,86652139
0,15947;;;-13,34054935
0,15997;;;-9,373022054
0,16047;;;-5,405494754
0,16097;;;-4,795105939
0,16147;;;-4,184717123
0,16197;;;1,003587807
0,16247;;;8,938642408
0,16297;;;14,73733615
0,16347;;;19,01005786
0,16397;;;25,72433483
0,16447;;;32,74380621
0,16497;;;34,88016706
0,16547;;;32,4386118
0,16597;;;29,99705654
0,16647;;;28,77627891
0,16697;;;26,94511246
0,16747;;;25,11394602
0,16797;;;24,80875161
0,16847;;;24,5035572
0,16897;;;21,14641872
0,16947;;;15,95811378
0,16997;;;13,51655852
0,17047;;;12,6009753
0,17097;;;9,549031223
0,17147;;;4,971115108
0,17197;;;0,6983933997
0,17247;;;-3,2691339
0,17297;;;-10,28860528
0,17347;;;-18,22365988
0,17397;;;-24,32754803
0,17447;;;-28,29507533
0,17497;;;-30,73663059
0,17547;;;-30,73663059
0,17597;;;-27,0742977
0,17647;;;-24,02235362
0,17697;;;-24,63274244
0,17747;;;-26,15871448
0,17797;;;-24,63274244
0,17847;;;-21,58079836
0,17897;;;-20,05482632
0,17947;;;-18,52885429
0,17997;;;-14,25613258
0,18047;;;-10,59379969
0,18097;;;-9,98341087
0,18147;;;-8,762633239
0,18197;;;-2,963939493
0,18247;;;4,6659207
0,18297;;;10,46461445
0,18347;;;16,26330819
0,18397;;;23,89316839
0,18447;;;30,91263976
0,18497;;;32,13341739
0,18547;;;29,99705654
0,18597;;;28,16589009
0,18647;;;26,63991805
0,18697;;;24,80875161
0,18747;;;24,80875161
0,18797;;;26,94511246
0,18847;;;26,02952924
0,18897;;;19,92564108
0,18947;;;14,43214175
0,18997;;;13,82175293
0,19047;;;13,51655852
0,19097;;;9,549031223
0,19147;;;5,276309515
0,19197;;;3,445143069
0,19247;;;0,393198992
0,19297;;;-6,931466793
0,19347;;;-15,78210462
0,19397;;;-21,88599277
0,19447;;;-26,46390889
0,19497;;;-29,51585296
0,19547;;;-27,98988092
0,19597;;;-24,02235362
0,19647;;;-24,32754803
0,19696;;;-26,46390889
0,19746;;;-19,74963192
0,19796;;;-5,710689162
0,19846;;;-0,8275786388
0,19896;;;-11,2041885
0,19946;;;-20,66521514
0,19996;;;-16,69768784
0,20046;;;-8,457438831
0,20096;;;-8,457438831
0,20146;;;-10,89899409
0,20196;;;-4,489911531
0,20246;;;6,191892738
0,20296;;;11,38019767
0,20346;;;14,43214175
0,20396;;;23,89316839
0,20446;;;34,26977825
0,20496;;;35,18536147
0,20546;;;29,38666772
0,20596;;;27,25030687
0,20646;;;28,77627891
0,20696;;;26,33472365
0,20746;;;22,06200194
0,20796;;;22,97758516
0,20846;;;26,33472365
0,20896;;;23,58797398
0,20946;;;17,17889142
0,20996;;;14,43214175
0,21046;;;14,73733615
0,21096;;;11,99058648
0,21146;;;5,886698331
0,21196;;;2,224365438
0,21246;;;0,08800458433
0,21296;;;-6,931466793
0,21346;;;-17,00288225
0,21396;;;-23,71715922
0,21446;;;-25,54832566
0,21496;;;-27,0742977
0,21546;;;-28,29507533
0,21596;;;-26,46390889
0,21646;;;-23,1067704
0,21696;;;-22,49638159
0,21746;;;-23,41196481
0,21796;;;-21,58079836
0,21846;;;-18,22365988
0,21896;;;-17,00288225
0,21946;;;-16,08729902
0,21996;;;-12,42496613
0,22046;;;-8,152244424
0,22096;;;-6,931466793
0,22146;;;-6,01588357
0,22196;;;-0,5223842311
0,22246;;;6,497087146
0,22296;;;11,99058648
0,22346;;;17,17889142
0,22396;;;24,80875161
0,22446;;;31,52302858
0,22496;;;32,13341739
0,22546;;;29,08147332
0,22596;;;27,86069569
0,22646;;;28,16589009
0,22696;;;25,72433483
0,22746;;;22,97758516
0,22796;;;23,28277957
0,22846;;;24,5035572
0,22896;;;21,45161312
0,22946;;;15,95811378
0,22996;;;13,82175293
0,23046;;;13,82175293
0,23096;;;11,38019767
0,23146;;;6,802281554
0,23196;;;3,445143069
0,23246;;;0,08800458433
0,23296;;;-7,847050016
0,23346;;;-17,61327106
0,23396;;;-23,41196481
0,23446;;;-24,93793685
0,23496;;;-26,46390889
0,23546;;;-27,68468652
0,23596;;;-26,15871448
0,23646;;;-22,49638159
0,23696;;;-21,27560395
0,23746;;;-21,88599277
0,23796;;;-20,36002073
0,23846;;;-17,00288225
0,23896;;;-14,86652139
0,23946;;;-13,64574376
0,23996;;;-9,98341087
0,24046;;;-6,321077977
0,24096;;;-5,100300347
0,24146;;;-4,489911531
0,24196;;;0,393198992
0,24246;;;8,633448
0,24296;;;15,04253056
0,24346;;;19,92564108
0,24396;;;27,25030687
0,24446;;;34,57497265
0,24496;;;35,49055588
0,24546;;;31,21783417
0,24596;;;28,4710845
0,24646;;;28,4710845
0,24696;;;27,55550128
0,24746;;;23,89316839
0,24796;;;22,67239075
0,24846;;;24,19836279
0,24896;;;23,58797398
0,24946;;;19,01005786
0,24996;;;14,73733615
0,25046;;;13,21136412
0,25096;;;10,76980885
0,25146;;;6,191892738
0,25196;;;2,529559846
0,25246;;;0,08800458433
0,25296;;;-5,405494754
0,25345;;;-15,1717158
0,25395;;;-24,32754803
0,25445;;;-29,21065856
0,25495;;;-32,26260263
0,25545;;;-35,92493552
0,25595;;;-37,14571316
0,25645;;;-34,39896349
0,25695;;;-31,041825
0,25745;;;-30,73663059
0,25795;;;-31,34701941
0,25845;;;-30,43143619
0,25895;;;-28,29507533
0,25945;;;-26,15871448
0,25995;;;-23,41196481
0,26045;;;-20,05482632
0,26095;;;-16,69768784
0,26145;;;-14,86652139
0,26195;;;-12,73016054
0,26245;;;-8,457438831
0,26295;;;-1,743161862
0,26345;;;5,581503923
0,26395;;;11,99058648
0,26445;;;16,26330819
0,26495;;;21,14641872
0,26545;;;29,99705654
0,26595;;;39,45808318
0,26645;;;39,76327759
0,26695;;;27,55550128
0,26745;;;14,43214175
0,26795;;;11,99058648
0,26845;;;17,48408582
0,26895;;;17,78928023
0,26945;;;10,46461445
0,26995;;;5,276309515
0,27045;;;6,802281554
0,27095;;;7,412670369
0,27145;;;3,139948661
0,27195;;;-0,8275786388
0,27245;;;-2,353550677
0,27295;;;-5,405494754
0,27345;;;-13,95093817
0,27395;;;-23,1067704
0,27445;;;-27,68468652
0,27495;;;-29,51585296
0,27545;;;-31,65221382
0,27595;;;-32,26260263
0,27645;;;-29,21065856
0,27695;;;-26,46390889
0,27745;;;-27,0742977
0,27795;;;-28,29507533
0,27845;;;-27,0742977
0,27895;;;-24,63274244
0,27945;;;-23,1067704
0,27995;;;-20,36002073
0,28045;;;-15,47691021
0,28095;;;-12,42496613
0,28145;;;-12,73016054
0,28195;;;-11,50938291
0,28245;;;-4,795105939
0,28295;;;2,529559846
0,28345;;;7,107475961
0,28395;;;12,29578089
0,28445;;;21,45161312
0,28495;;;29,69186213
0,28545;;;30,30225095
0,28595;;;26,02952924
0,28645;;;23,58797398
0,28695;;;23,89316839
0,28745;;;22,97758516
0,28795;;;21,14641872
0,28845;;;21,75680753
0,28895;;;22,67239075
0,28945;;;19,92564108
0,28995;;;15,04253056
0,29045;;;12,90616971
0,29095;;;12,29578089
0,29145;;;10,46461445
0,29195;;;7,107475961
0,29245;;;4,360726292
0,29295;;;0,393198992
0,29345;;;-6,931466793
0,29395;;;-15,78210462
0,29445;;;-21,27560395
0,29495;;;-24,02235362
0,29545;;;-27,0742977
0,29595;;;-28,29507533
0,29645;;;-25,85352007
0,29695;;;-21,88599277
0,29745;;;-21,58079836
0,29795;;;-23,1067704
0,29845;;;-21,88599277
0,29895;;;-18,52885429
0,29945;;;-16,39249343
0,29995;;;-14,56132699
0,30045;;;-11,2041885
0,30095;;;-8,457438831
0,30145;;;-8,152244424
0,30195;;;-6,931466793
0,30245;;;-1,743161862
0,30295;;;4,6659207
0,30345;;;9,549031223
0,30395;;;15,34772497
0,30445;;;23,58797398
0,30495;;;29,99705654
0,30545;;;29,99705654
0,30595;;;26,63991805
0,30645;;;25,72433483
0,30695;;;24,80875161
0,30745;;;21,45161312
0,30795;;;19,01005786
0,30845;;;20,84122431
0,30895;;;22,06200194
0,30944;;;17,48408582
0,30994;;;10,76980885
0,31044;;;8,023059185
0,31094;;;7,717864777
0,31144;;;4,6659207
0,31194;;;0,08800458433
0,31244;;;-2,658745085
0,31294;;;-6,01588357
0,31344;;;-14,25613258
0,31394;;;-24,02235362
0,31444;;;-29,51585296
0,31494;;;-31,95740822
0,31544;;;-34,70415789
0,31594;;;-36,23012993
0,31644;;;-32,56779704
0,31694;;;-28,60026974
0,31744;;;-28,90546415
0,31794;;;-30,43143619
0,31844;;;-27,68468652
0,31894;;;-23,71715922
0,31944;;;-23,1067704
0,31994;;;-22,19118718
0,32044;;;-17,00288225
0,32094;;;-11,81457732
0,32144;;;-11,50938291
0,32194;;;-10,89899409
0,32244;;;-4,489911531
0,32294;;;3,445143069
0,32344;;;7,717864777
0,32394;;;12,29578089
0,32444;;;22,36719635
0,32494;;;29,69186213
0,32544;;;26,63991805
0,32594;;;22,06200194
0,32644;;;29,38666772
0,32694;;;40,98405522
0,32744;;;39,76327759
0,32794;;;25,11394602
0,32844;;;14,73733615
0,32894;;;15,34772497
0,32944;;;17,78928023
0,32994;;;14,12694734
0,33044;;;9,243836815
0,33094;;;8,023059185
0,33144;;;7,412670369
0,33194;;;3,750337477
0,33244;;;-0,8275786388
0,33294;;;-6,01588357
0,33344;;;-13,64574376
0,33394;;;-21,27560395
0,33444;;;-25,85352007
0,33494;;;-27,37949211
0,33544;;;-29,51585296
0,33594;;;-30,73663059
0,33644;;;-27,98988092
0,33694;;;-24,02235362
0,33744;;;-23,41196481
0,33794;;;-23,1067704
0,33844;;;-20,05482632
0,33894;;;-16,69768784
0,33944;;;-16,69768784
0,33994;;;-16,08729902
0,34044;;;-10,28860528
0,34094;;;-4,489911531
0,34144;;;-4,184717123
0,34194;;;-4,795105939
0,34244;;;0,393198992
0,34294;;;9,243836815
0,34344;;;14,73733615
0,34394;;;18,39966905
0,34444;;;26,63991805
0,34494;;;35,18536147
0,34544;;;36,71133351
0,34594;;;31,82822299
0,34644;;;29,38666772
0,34694;;;29,69186213
0,34744;;;28,4710845
0,34794;;;26,33472365
0,34844;;;28,16589009
0,34894;;;30,91263976
0,34944;;;27,86069569
0,34994;;;21,14641872
0,35044;;;17,78928023
0,35094;;;18,09447464
0,35144;;;16,26330819
0,35194;;;11,99058648
0,35244;;;8,633448
0,35294;;;5,276309515
0,35344;;;-2,353550677
0,35394;;;-12,42496613
0,35444;;;-18,83404869
0,35494;;;-20,97040955
0,35544;;;-23,1067704
0,35594;;;-24,02235362
0,35644;;;-20,97040955
0,35694;;;-17,30807665
0,35744;;;-17,61327106
0,35794;;;-20,05482632
0,35844;;;-19,1392431
0,35894;;;-15,1717158
0,35944;;;-13,03535495
0,35994;;;-12,11977172
0,36044;;;-8,762633239
0,36094;;;-4,795105939
0,36144;;;-3,879522716
0,36194;;;-3,2691339
0,36244;;;1,919171031
0,36294;;;10,15942004
0,36344;;;15,95811378
0,36394;;;19,92564108
0,36444;;;26,63991805
0,36494;;;33,96458384
0,36544;;;35,18536147
0,36593;;;31,52302858
0,36643;;;28,77627891
0,36693;;;29,08147332
0,36743;;;28,4710845
0,36793;;;26,33472365
0,36843;;;25,72433483
0,36893;;;26,33472365
0,36943;;;23,58797398
0,36993;;;18,39966905
0,37043;;;15,34772497
0,37093;;;15,34772497
0,37143;;;14,73733615
0,37193;;;11,07500326
0,37243;;;6,191892738
0,37293;;;0,6983933997
0,37343;;;-6,931466793
0,37393;;;-15,1717158
0,37443;;;-21,27560395
0,37493;;;-23,71715922
0,37543;;;-24,63274244
0,37593;;;-24,93793685
0,37643;;;-24,02235362
0,37693;;;-22,19118718
0,37743;;;-21,58079836
0,37793;;;-21,58079836
0,37843;;;-20,66521514
0,37893;;;-18,22365988
0,37943;;;-16,08729902
0,37993;;;-13,64574376
0,38043;;;-9,98341087
0,38093;;;-6,321077977
0,38143;;;-4,489911531
0,38193;;;-3,2691339
0,38243;;;0,08800458433
0,38293;;;6,802281554
0,38343;;;14,12694734
0,38393;;;19,62044668
0,38443;;;23,89316839
0,38493;;;30,60744535
0,38543;;;40,06847199
0,38593;;;46,47755455
0,38643;;;42,51002725
0,38693;;;29,99705654
0,38743;;;19,92564108
0,38793;;;19,92564108
0,38843;;;24,5035572
0,38893;;;24,19836279
0,38943;;;18,09447464
0,38993;;;13,51655852
0,39043;;;12,6009753
0,39093;;;11,38019767
0,39143;;;7,717864777
0,39193;;;4,360726292
0,39243;;;1,308782215
0,39293;;;-4,489911531
0,39343;;;-13,95093817
0,39393;;;-21,88599277
0,39443;;;-25,54832566
0,39493;;;-28,29507533
0,39543;;;-31,34701941
0,39593;;;-31,95740822
0,39643;;;-29,21065856
0,39693;;;-27,0742977
0,39743;;;-28,29507533
0,39793;;;-28,90546415
0,39843;;;-26,15871448
0,39893;;;-22,80157599
0,39943;;;-20,66521514
0,39993;;;-18,22365988
0,40043;;;-14,25613258
0,40093;;;-11,50938291
0,40143;;;-10,89899409
0,40193;;;-8,762633239
0,40243;;;-2,353550677
0,40293;;;5,276309515
0,40343;;;11,38019767
0,40393;;;17,17889142
0,40443;;;23,89316839
0,40493;;;28,77627891
0,40543;;;28,77627891
0,40593;;;26,63991805
0,40643;;;25,72433483
0,40693;;;25,41914042
0,40743;;;22,97758516
0,40793;;;20,23083549
0,40843;;;19,31525227
0,40893;;;19,01005786
0,40943;;;16,26330819
0,40993;;;11,99058648
0,41043;;;8,938642408
0,41093;;;6,497087146
0,41143;;;3,750337477
0,41193;;;0,393198992
0,41243;;;-2,963939493
0,41293;;;-8,457438831
0,41343;;;-16,08729902
0,41393;;;-23,71715922
0,41443;;;-29,82104737
0,41493;;;-33,78857467
0,41543;;;-36,23012993
0,41593;;;-35,31454671
0,41643;;;-32,56779704
0,41693;;;-30,73663059
0,41743;;;-31,34701941
0,41793;;;-31,34701941
0,41843;;;-29,21065856
0,41893;;;-26,46390889
0,41943;;;-24,63274244
0,41993;;;-21,88599277
0,42043;;;-18,22365988
0,42093;;;-15,78210462
0,42143;;;-15,78210462
0,42192;;;-13,64574376
0,42242;;;-7,236661201
0,42292;;;0,393198992
0,42342;;;6,802281554
0,42392;;;12,6009753
0,42442;;;19,62044668
0,42492;;;24,5035572
0,42542;;;24,5035572
0,42592;;;22,06200194
0,42642;;;20,23083549
0,42692;;;19,01005786
0,42742;;;17,78928023
0,42792;;;16,87369701
0,42842;;;17,17889142
0,42892;;;15,95811378
0,42942;;;11,99058648
0,42992;;;8,938642408
0,43042;;;7,717864777
0,43092;;;5,886698331
0,43142;;;2,224365438
0,43192;;;-1,132773046
0,43242;;;-4,489911531
0,43292;;;-10,28860528
0,43342;;;-19,44443751
0,43392;;;-27,37949211
0,43442;;;-31,95740822
0,43492;;;-35,0093523
0,43542;;;-37,45090756
0,43592;;;-36,23012993
0,43642;;;-31,65221382
0,43692;;;-28,60026974
0,43742;;;-29,21065856
0,43792;;;-29,21065856
0,43842;;;-25,54832566
0,43892;;;-20,66521514
0,43942;;;-18,22365988
0,43992;;;-16,08729902
0,44042;;;-12,42496613
0,44092;;;-8,762633239
0,44142;;;-7,236661201
0,44192;;;-4,795105939
0,44242;;;1,308782215
0,44292;;;8,938642408
0,44342;;;16,26330819
0,44392;;;23,28277957
0,44442;;;31,82822299
0,44492;;;37,93211114
0,44542;;;38,54249995
0,44592;;;35,79575029
0,44642;;;33,35419502
0,44692;;;32,13341739
0,44742;;;30,60744535
0,44792;;;29,08147332
0,44842;;;29,08147332
0,44892;;;28,77627891
0,44942;;;26,94511246
0,44992;;;22,36719635
0,45042;;;18,09447464
0,45092;;;15,65291938
0,45142;;;14,12694734
0,45192;;;9,549031223
0,45242;;;1,613976623
0,45292;;;-4,184717123
0,45342;;;-4,184717123
0,45392;;;-2,963939493
0,45442;;;-9,678216462
0,45492;;;-24,63274244
0,45542;;;-35,31454671
0,45592;;;-32,56779704
0,45642;;;-24,32754803
0,45692;;;-21,88599277
0,45742;;;-24,32754803
0,45792;;;-23,71715922
0,45842;;;-19,44443751
0,45892;;;-17,00288225
0,45942;;;-16,39249343
0,45992;;;-13,03535495
0,46042;;;-7,541855608
0,46092;;;-5,710689162
0,46142;;;-6,321077977
0,46192;;;-2,658745085
0,46242;;;5,581503923
0,46292;;;13,21136412
0,46342;;;18,39966905
0,46392;;;25,11394602
0,46442;;;33,96458384
0,46492;;;38,84769436
0,46542;;;37,62691673
0,46592;;;35,18536147
0,46642;;;34,57497265
0,46692;;;32,4386118
0,46742;;;28,77627891
0,46792;;;27,25030687
0,46842;;;28,4710845
0,46892;;;26,63991805
0,46942;;;20,84122431
0,46992;;;16,26330819
0,47042;;;15,04253056
0,47092;;;13,51655852
0,47142;;;8,633448
0,47192;;;3,139948661
0,47242;;;-0,2171898234
0,47292;;;-6,01588357
0,47342;;;-15,1717158
0,47392;;;-23,71715922
0,47442;;;-28,90546415
0,47492;;;-32,56779704
0,47542;;;-35,0093523
0,47592;;;-33,78857467
0,47642;;;-29,21065856
0,47692;;;-26,46390889
0,47742;;;-27,68468652
0,47792;;;-28,60026974
0,47841;;;-26,15871448
0,47891;;;-23,1067704
0,47941;;;-21,88599277
0,47991;;;-18,83404869
0,48041;;;-13,64574376
0,48091;;;-9,98341087
0,48141;;;-9,98341087
0,48191;;;-8,152244424
0,48241;;;-1,132773046
0,48291;;;7,412670369
0,48341;;;13,51655852
0,48391;;;19,62044668
0,48441;;;27,55550128
0,48491;;;33,04900062
0,48541;;;32,74380621
0,48591;;;29,08147332
0,48641;;;26,63991805
0,48691;;;25,72433483
0,48741;;;24,19836279
0,48791;;;22,67239075
0,48841;;;22,36719635
0,48891;;;20,84122431
0,48941;;;16,5685026
0,48991;;;12,6009753
0,49041;;;11,07500326
0,49091;;;9,854225631
0,49141;;;6,802281554
0,49191;;;2,224365438
0,49241;;;-2,658745085
0,49291;;;-9,678216462
0,49341;;;-18,52885429
0,49391;;;-25,85352007
0,49441;;;-30,43143619
0,49491;;;-33,78857467
0,49541;;;-36,84051875
0,49591;;;-36,84051875
0,49641;;;-33,17818586
0,49691;;;-29,82104737
0,49741;;;-29,21065856
0,49791;;;-28,60026974
0,49841;;;-26,76910329
0,49891;;;-24,63274244
0,49941;;;-21,88599277
0,49991;;;-17,91846547
0,50041;;;-13,64574376
0,50091;;;-11,81457732
0,50141;;;-11,2041885
0,50191;;;-7,847050016
0,50241;;;-0,8275786388
0,50291;;;6,497087146
0,50341;;;12,90616971
0,50391;;;20,23083549
0,50441;;;27,86069569
0,50491;;;32,4386118
0,50541;;;31,82822299
0,50591;;;28,77627891
0,50641;;;26,33472365
0,50691;;;24,80875161
0,50741;;;23,28277957
0,50791;;;21,75680753
0,50841;;;20,84122431
0,50891;;;19,31525227
0,50941;;;17,17889142
0,50991;;;14,12694734
0,51041;;;10,46461445
0,51091;;;8,023059185
0,51141;;;6,497087146
0,51191;;;1,919171031
0,51241;;;-6,931466793
0,51291;;;-15,78210462
0,51341;;;-16,39249343
0,51391;;;-12,73016054
0,51441;;;-17,00288225
0,51491;;;-31,95740822
0,51541;;;-44,16518453
0,51591;;;-42,33401809
0,51641;;;-33,78857467
0,51691;;;-31,65221382
0,51741;;;-34,70415789
0,51791;;;-33,48338026
0,51841;;;-28,29507533
0,51891;;;-25,24313125
0,51941;;;-24,63274244
0,51991;;;-21,27560395
0,52041;;;-15,47691021
0,52091;;;-13,34054935
0,52141;;;-13,95093817
0,52191;;;-10,28860528
0,52241;;;-1,437967454
0,52291;;;6,497087146
0,52341;;;11,68539208
0,52391;;;19,01005786
0,52441;;;28,4710845
0,52491;;;33,04900062
0,52541;;;31,21783417
0,52591;;;28,4710845
0,52641;;;28,16589009
0,52691;;;27,55550128
0,52741;;;25,11394602
0,52791;;;23,89316839
0,52841;;;24,80875161
0,52891;;;24,19836279
0,52941;;;19,62044668
0,52991;;;15,04253056
0,53041;;;12,90616971
0,53091;;;11,38019767
0,53141;;;8,633448
0,53191;;;5,276309515
0,53241;;;1,003587807
0,53291;;;-6,01588357
0,53341;;;-15,1717158
0,53391;;;-22,80157599
0,53440;;;-27,68468652
0,53490;;;-31,041825
0,53540;;;-32,56779704
0,53590;;;-31,34701941
0,53640;;;-27,68468652
0,53690;;;-25,85352007
0,53740;;;-25,54832566
0,53790;;;-24,32754803
0,53840;;;-21,58079836
0,53890;;;-19,1392431
0,53940;;;-17,30807665
0,53990;;;-13,95093817
0,54040;;;-10,28860528
0,54090;;;-9,067827647
0,54140;;;-8,457438831
0,54190;;;-4,184717123
0,54240;;;2,834754254
0,54290;;;10,15942004
0,54340;;;16,5685026
0,54390;;;24,80875161
0,54440;;;33,04900062
0,54490;;;36,71133351
0,54540;;;35,79575029
0,54590;;;33,96458384
0,54640;;;33,35419502
0,54690;;;31,52302858
0,54740;;;29,38666772
0,54790;;;28,77627891
0,54840;;;29,08147332
0,54890;;;25,72433483
0,54940;;;20,23083549
0,54990;;;17,17889142
0,55040;;;16,26330819
0,55090;;;14,12694734
0,55140;;;9,549031223
0,55190;;;6,191892738
0,55240;;;2,529559846
0,55290;;;-4,184717123
0,55340;;;-14,25613258
0,55390;;;-20,97040955
0,55440;;;-24,32754803
0,55490;;;-27,37949211
0,55540;;;-30,43143619
0,55590;;;-29,21065856
0,55640;;;-24,63274244
0,55690;;;-21,58079836
0,55740;;;-22,19118718
0,55790;;;-22,19118718
0,55840;;;-19,74963192
0,55890;;;-17,61327106
0,55940;;;-15,78210462
0,55990;;;-12,11977172
0,56040;;;-7,236661201
0,56090;;;-4,795105939
0,56140;;;-4,489911531
0,56190;;;-1,132773046
0,56240;;;6,497087146
0,56290;;;15,04253056
0,56340;;;21,75680753
0,56390;;;28,77627891
0,56440;;;37,01652792
0,56490;;;41,89963844
0,56540;;;41,28924962
0,56590;;;37,93211114
0,56640;;;35,79575029
0,56690;;;35,18536147
0,56740;;;33,96458384
0,56790;;;32,4386118
0,56840;;;30,91263976
0,56890;;;28,16589009
0,56940;;;24,19836279
0,56990;;;20,5360299
0,57040;;;18,39966905
0,57090;;;16,5685026
0,57140;;;13,51655852
0,57190;;;9,243836815
0,57240;;;4,055531884
0,57290;;;-2,353550677
0,57340;;;-11,2041885
0,57390;;;-20,66521514
0,57440;;;-27,0742977
0,57490;;;-28,60026974
0,57540;;;-27,37949211
0,57590;;;-27,68468652
0,57640;;;-28,60026974
0,57690;;;-24,02235362
0,57740;;;-12,73016054
0,57790;;;-5,100300347
0,57840;;;-9,678216462
0,57890;;;-20,66521514
0,57940;;;-23,1067704
0,57990;;;-15,1717158
0,58040;;;-7,847050016
0,58090;;;-8,762633239
0,58140;;;-10,89899409
0,58190;;;-5,405494754
0,58240;;;3,445143069
0,58290;;;9,243836815
0,58340;;;13,82175293
0,58390;;;21,45161312
0,58440;;;29,69186213
0,58490;;;32,74380621
0,58540;;;30,91263976
0,58590;;;28,77627891
0,58640;;;28,16589009
0,58690;;;26,02952924
0,58740;;;22,67239075
0,58790;;;21,14641872
0,58840;;;21,14641872
0,58890;;;18,39966905
0,58940;;;13,51655852
0,58990;;;10,46461445
0,59040;;;8,633448
0,59089;;;5,276309515
0,59139;;;0,393198992
0,59189;;;-2,353550677
0,59239;;;-6,01588357
0,59289;;;-13,64574376
0,59339;;;-24,63274244
0,59389;;;-32,56779704
0,59439;;;-36,53532434
0,59489;;;-39,28207401
0,59539;;;-41,11324046
0,59589;;;-39,58726842
0,59639;;;-35,0093523
0,59689;;;-31,65221382
0,59739;;;-31,34701941
0,59789;;;-31,041825
0,59839;;;-28,60026974
0,59889;;;-25,54832566
0,59939;;;-23,1067704
0,59989;;;-19,44443751
0,60039;;;-15,1717158
0,60089;;;-12,73016054
0,60139;;;-11,2041885
0,60189;;;-7,236661201
0,60239;;;-0,8275786388
0,60289;;;5,581503923
0,60339;;;12,29578089
0,60389;;;20,5360299
0,60439;;;29,08147332
0,60489;;;33,65938943
0,60539;;;33,35419502
0,60589;;;32,13341739
0,60639;;;31,21783417
0,60689;;;29,08147332
0,60739;;;26,33472365
0,60789;;;25,41914042
0,60839;;;25,11394602
0,60889;;;22,67239075
0,60939;;;17,78928023
0,60989;;;14,12694734
0,61039;;;12,29578089
0,61089;;;9,854225631
0,61139;;;6,497087146
0,61189;;;3,445143069
0,61239;;;-0,8275786388
0,61289;;;-8,762633239
0,61339;;;-17,91846547
0,61389;;;-24,93793685
0,61439;;;-28,90546415
0,61489;;;-32,26260263
0,61539;;;-34,09376908
0,61589;;;-31,95740822
0,61639;;;-28,29507533
0,61689;;;-27,68468652
0,61739;;;-28,29507533
0,61789;;;-26,46390889
0,61839;;;-22,49638159
0,61889;;;-20,66521514
0,61939;;;-19,1392431
0,61989;;;-15,1717158
0,62039;;;-10,59379969
0,62089;;;-9,373022054
0,62139;;;-9,678216462
0,62189;;;-5,100300347
0,62239;;;2,834754254
0,62289;;;9,549031223
0,62339;;;14,43214175
0,62389;;;22,36719635
0,62439;;;31,21783417
0,62489;;;34,88016706
0,62539;;;33,04900062
0,62589;;;31,21783417
0,62639;;;30,91263976
0,62689;;;29,38666772
0,62739;;;26,33472365
0,62789;;;25,72433483
0,62839;;;26,33472365
0,62889;;;24,5035572
0,62939;;;18,70486345
0,62989;;;14,12694734
0,63039;;;11,99058648
0,63089;;;9,549031223
0,63139;;;6,191892738
0,63189;;;2,834754254
0,63239;;;-1,743161862
0,63289;;;-9,373022054
0,63339;;;-18,52885429
0,63389;;;-25,54832566
0,63439;;;-30,73663059
0,63489;;;-34,39896349
0,63539;;;-35,31454671
0,63589;;;-32,56779704
0,63639;;;-29,82104737
0,63689;;;-29,82104737
0,63739;;;-29,51585296
0,63789;;;-27,0742977
0,63839;;;-24,93793685
0,63889;;;-23,71715922
0,63939;;;-20,05482632
0,63989;;;-13,95093817
0,64039;;;-12,11977172
0,64089;;;-15,1717158
0,64139;;;-11,2041885
0,64189;;;3,750337477
0,64239;;;17,17889142
0,64289;;;16,5685026
0,64339;;;10,46461445
0,64389;;;14,43214175
0,64439;;;26,33472365
0,64489;;;32,13341739
0,64539;;;28,77627891
0,64589;;;25,72433483
0,64639;;;26,63991805
0,64688;;;25,41914042
0,64738;;;21,75680753
0,64788;;;21,14641872
0,64838;;;22,97758516
0,64888;;;21,14641872
0,64938;;;15,65291938
0,64988;;;11,68539208
0,65038;;;9,854225631
0,65088;;;6,802281554
0,65138;;;1,919171031
0,65188;;;-0,8275786388
0,65238;;;-4,489911531
0,65288;;;-13,03535495
0,65338;;;-24,32754803
0,65388;;;-31,95740822
0,65438;;;-35,0093523
0,65488;;;-38,06129638
0,65538;;;-40,19765723
0,65588;;;-38,36649079
0,65638;;;-33,78857467
0,65688;;;-31,95740822
0,65738;;;-32,87299145
0,65788;;;-31,34701941
0,65838;;;-27,68468652
0,65888;;;-24,63274244
0,65938;;;-22,49638159
0,65988;;;-17,61327106
0,66038;;;-12,11977172
0,66088;;;-10,28860528
0,66138;;;-10,59379969
0,66188;;;-6,321077977
0,66238;;;1,613976623
0,66288;;;9,243836815
0,66338;;;15,65291938
0,66388;;;23,89316839
0,66438;;;32,74380621
0,66488;;;37,01652792
0,66538;;;35,18536147
0,66588;;;32,74380621
0,66638;;;32,13341739
0,66688;;;31,21783417
0,66738;;;29,38666772
0,66788;;;28,4710845
0,66838;;;28,4710845
0,66888;;;26,02952924
0,66938;;;20,5360299
0,66988;;;16,5685026
0,67038;;;15,34772497
0,67088;;;14,12694734
0,67138;;;10,46461445
0,67188;;;6,497087146
0,67238;;;1,613976623
0,67288;;;-6,01588357
0,67338;;;-16,08729902
0,67388;;;-24,32754803
0,67438;;;-28,60026974
0,67488;;;-31,041825
0,67538;;;-31,95740822
0,67588;;;-29,82104737
0,67638;;;-26,76910329
0,67688;;;-25,24313125
0,67738;;;-25,24313125
0,67788;;;-24,32754803
0,67838;;;-21,88599277
0,67888;;;-19,74963192
0,67938;;;-17,30807665
0,67988;;;-13,03535495
0,68038;;;-9,678216462
0,68088;;;-9,067827647
0,68138;;;-8,762633239
0,68188;;;-3,879522716
0,68238;;;3,750337477
0,68288;;;10,46461445
0,68338;;;16,5685026
0,68388;;;24,19836279
0,68438;;;32,13341739
0,68488;;;35,49055588
0,68538;;;33,35419502
0,68588;;;30,91263976
0,68638;;;29,69186213
0,68688;;;27,86069569
0,68738;;;25,11394602
0,68788;;;24,19836279
0,68838;;;24,5035572
0,68888;;;22,67239075
0,68938;;;17,78928023
0,68988;;;13,82175293
0,69038;;;11,99058648
0,69088;;;10,15942004
0,69138;;;7,107475961
0,69188;;;3,139948661
0,69238;;;-2,04835627
0,69288;;;-9,678216462
0,69338;;;-18,52885429
0,69388;;;-26,15871448
0,69438;;;-31,041825
0,69488;;;-34,09376908
0,69538;;;-35,0093523
0,69588;;;-33,17818586
0,69638;;;-30,43143619
0,69688;;;-28,60026974
0,69738;;;-27,98988092
0,69788;;;-27,0742977
0,69838;;;-25,54832566
0,69888;;;-23,41196481
0,69938;;;-19,74963192
0,69988;;;-15,1717158
0,70038;;;-12,42496613
0,70088;;;-11,2041885
0,70138;;;-9,373022054
0,70188;;;-4,795105939
0,70238;;;1,308782215
0,70288;;;8,938642408
0,70337;;;17,17889142
0,70387;;;23,89316839
0,70437;;;28,16589009
0,70487;;;33,65938943
0,70537;;;41,89963844
0,70587;;;47,39313778
0,70637;;;41,89963844
0,70687;;;28,4710845
0,70737;;;20,5360299
0,70787;;;22,67239075
0,70837;;;25,41914042
0,70887;;;21,75680753
0,70937;;;15,65291938
0,70987;;;13,51655852
0,71037;;;13,82175293
0,71087;;;11,68539208
0,71137;;;8,938642408
0,71187;;;6,497087146
0,71237;;;1,919171031
0,71287;;;-6,626272385
0,71337;;;-15,47691021
0,71387;;;-20,05482632
0,71437;;;-22,80157599
0,71487;;;-26,46390889
0,71537;;;-28,29507533
0,71587;;;-25,54832566
0,71637;;;-21,88599277
0,71687;;;-21,58079836
0,71737;;;-21,88599277
0,71787;;;-19,74963192
0,71837;;;-17,00288225
0,71887;;;-16,08729902
0,71937;;;-14,25613258
0,71987;;;-9,373022054
0,72037;;;-5,100300347
0,72087;;;-4,795105939
0,72137;;;-4,489911531
0,72187;;;0,393198992
0,72237;;;8,328253592
0,72287;;;15,65291938
0,72337;;;22,67239075
0,72387;;;31,52302858
0,72437;;;38,54249995
0,72487;;;40,3736664
0,72537;;;38,54249995
0,72587;;;37,62691673
0,72637;;;36,71133351
0,72687;;;33,35419502
0,72737;;;30,30225095
0,72787;;;29,99705654
0,72837;;;30,30225095
0,72887;;;26,63991805
0,72937;;;21,45161312
0,72987;;;18,70486345
0,73037;;;17,48408582
0,73087;;;14,43214175
0,73137;;;10,76980885
0,73187;;;7,412670369
0,73237;;;2,224365438
0,73287;;;-6,321077977
0,73337;;;-15,78210462
0,73387;;;-22,19118718
0,73437;;;-25,85352007
0,73487;;;-29,21065856
0,73537;;;-31,041825
0,73587;;;-28,60026974
0,73637;;;-25,54832566
0,73687;;;-24,93793685
0,73737;;;-25,54832566
0,73787;;;-24,02235362
0,73837;;;-22,19118718
0,73887;;;-20,97040955
0,73937;;;-18,83404869
0,73987;;;-13,34054935
0,74037;;;-9,067827647
0,74087;;;-9,067827647
0,74137;;;-9,373022054
0,74187;;;-4,795105939
0,74237;;;2,224365438
0,74287;;;8,328253592
0,74337;;;14,73733615
0,74387;;;22,97758516
0,74437;;;29,38666772
0,74487;;;30,60744535
0,74537;;;28,4710845
0,74587;;;27,25030687
0,74637;;;26,63991805
0,74687;;;23,89316839
0,74737;;;21,14641872
0,74787;;;22,06200194
0,74837;;;22,36719635
0,74887;;;18,09447464
0,74937;;;11,68539208
0,74987;;;9,243836815
0,75037;;;9,549031223
0,75087;;;7,717864777
0,75137;;;3,445143069
0,75187;;;0,08800458433
0,75237;;;-4,795105939
0,75287;;;-13,34054935
0,75337;;;-22,80157599
0,75387;;;-29,21065856
0,75437;;;-33,17818586
0,75487;;;-37,45090756
0,75537;;;-38,9768796
0,75587;;;-35,61974112
0,75637;;;-31,65221382
0,75687;;;-32,26260263
0,75737;;;-34,09376908
0,75787;;;-31,95740822
0,75837;;;-27,68468652
0,75887;;;-25,85352007
0,75936;;;-24,02235362
0,75986;;;-19,44443751
0,76036;;;-15,1717158
0,76086;;;-15,1717158
0,76136;;;-14,56132699
0,76186;;;-8,457438831
0,76236;;;0,08800458433
0,76286;;;5,581503923
0,76336;;;11,38019767
0,76386;;;21,75680753
0,76436;;;30,91263976
0,76486;;;31,82822299
0,76536;;;27,86069569
0,76586;;;26,94511246
0,76636;;;27,25030687
0,76686;;;23,89316839
0,76736;;;20,5360299
0,76786;;;22,67239075
0,76836;;;24,80875161
0,76886;;;18,09447464
0,76936;;;10,46461445
0,76986;;;14,73733615
0,77036;;;26,02952924
0,77086;;;26,33472365
0,77136;;;11,38019767
0,77186;;;-2,963939493
0,77236;;;-8,152244424
0,77286;;;-10,89899409
0,77336;;;-19,74963192
0,77386;;;-29,21065856
0,77436;;;-33,17818586
0,77486;;;-33,78857467
0,77536;;;-34,39896349
0,77586;;;-33,48338026
0,77636;;;-30,73663059
0,77686;;;-28,90546415
0,77736;;;-28,90546415
0,77786;;;-27,98988092
0,77836;;;-24,93793685
0,77886;;;-22,19118718
0,77936;;;-20,05482632
0,77986;;;-16,08729902
0,78036;;;-11,81457732
0,78086;;;-10,59379969
0,78136;;;-10,59379969
0,78186;;;-6,626272385
0,78236;;;1,613976623
0,78286;;;9,243836815
0,78336;;;15,04253056
0,78386;;;21,75680753
0,78436;;;28,77627891
0,78486;;;31,52302858
0,78536;;;29,69186213
0,78586;;;26,94511246
0,78636;;;26,33472365
0,78686;;;25,72433483
0,78736;;;24,19836279
0,78786;;;23,58797398
0,78836;;;23,28277957
0,78886;;;20,84122431
0,78936;;;16,87369701
0,78986;;;13,51655852
0,79036;;;11,99058648
0,79086;;;10,15942004
0,79136;;;8,023059185
0,79186;;;5,886698331
0,79236;;;1,613976623
0,79286;;;-6,01588357
0,79336;;;-14,25613258
0,79386;;;-19,74963192
0,79436;;;-23,41196481
0,79486;;;-27,0742977
0,79536;;;-28,90546415
0,79586;;;-26,76910329
0,79636;;;-24,02235362
0,79686;;;-24,02235362
0,79736;;;-25,24313125
0,79786;;;-24,63274244
0,79836;;;-22,49638159
0,79886;;;-20,66521514
0,79936;;;-18,22365988
0,79986;;;-13,95093817
0,80036;;;-10,28860528
0,80086;;;-10,28860528
0,80136;;;-10,89899409
0,80186;;;-6,931466793
0,80236;;;0,08800458433
0,80286;;;6,191892738
0,80336;;;11,99058648
0,80386;;;19,31525227
0,80436;;;26,02952924
0,80486;;;28,4710845
0,80536;;;27,55550128
0,80586;;;26,63991805
0,80636;;;26,02952924
0,80686;;;24,19836279
0,80736;;;22,97758516
0,80786;;;22,97758516
0,80836;;;22,67239075
0,80886;;;19,01005786
0,80936;;;14,12694734
0,80986;;;11,38019767
0,81036;;;10,46461445
0,81086;;;8,633448
0,81136;;;6,191892738
0,81186;;;3,445143069
0,81236;;;-0,2171898234
0,81286;;;-7,541855608
0,81336;;;-15,78210462
0,81386;;;-21,58079836
0,81436;;;-25,54832566
0,81486;;;-28,90546415
0,81536;;;-29,82104737
0,81585;;;-27,0742977
0,81635;;;-24,93793685
0,81685;;;-26,15871448
0,81735;;;-27,37949211
0,81785;;;-24,63274244
0,81835;;;-20,36002073
0,81885;;;-18,83404869
0,81935;;;-17,61327106
0,81985;;;-13,34054935
0,82035;;;-9,373022054
0,82085;;;-9,067827647
0,82135;;;-9,678216462
0,82185;;;-6,01588357
0,82235;;;1,308782215
0,82285;;;7,717864777
0,82335;;;13,21136412
0,82385;;;20,5360299
0,82435;;;27,55550128
0,82485;;;29,38666772
0,82535;;;27,25030687
0,82585;;;26,63991805
0,82635;;;27,55550128
0,82685;;;26,02952924
0,82735;;;24,19836279
0,82785;;;24,80875161
0,82835;;;26,33472365
0,82885;;;23,28277957
0,82935;;;17,17889142
0,82985;;;14,43214175
0,83035;;;15,04253056
0,83085;;;12,90616971
0,83135;;;8,023059185
0,83185;;;4,360726292
0,83235;;;1,613976623
0,83285;;;-5,710689162
0,83335;;;-16,39249343
0,83385;;;-22,80157599
0,83435;;;-24,02235362
0,83485;;;-26,46390889
0,83535;;;-31,65221382
0,83585;;;-30,43143619
0,83635;;;-18,52885429
0,83685;;;-6,931466793
0,83735;;;-7,847050016
0,83785;;;-18,52885429
0,83835;;;-26,76910329
0,83885;;;-26,15871448
0,83935;;;-20,05482632
0,83985;;;-14,25613258
0,84035;;;-11,50938291
0,84085;;;-10,89899409
0,84135;;;-10,89899409
0,84185;;;-8,152244424
0,84235;;;-2,353550677
0,84285;;;4,055531884
0,84335;;;11,07500326
0,84385;;;19,01005786
0,84435;;;26,02952924
0,84485;;;28,4710845
0,84535;;;26,94511246
0,84585;;;25,11394602
0,84635;;;24,19836279
0,84685;;;23,28277957
0,84735;;;21,75680753
0,84785;;;21,14641872
0,84835;;;21,14641872
0,84885;;;19,31525227
0,84935;;;15,65291938
0,84985;;;13,21136412
0,85035;;;11,99058648
0,85085;;;10,46461445
0,85135;;;8,633448
0,85185;;;6,497087146
0,85235;;;2,529559846
0,85285;;;-4,795105939
0,85335;;;-13,95093817
0,85385;;;-20,66521514
0,85435;;;-24,32754803
0,85485;;;-26,76910329
0,85535;;;-27,37949211
0,85585;;;-24,93793685
0,85635;;;-21,88599277
0,85685;;;-20,97040955
0,85735;;;-20,97040955
0,85785;;;-20,05482632
0,85835;;;-18,22365988
0,85885;;;-17,00288225
0,85935;;;-14,56132699
0,85985;;;-9,98341087
0,86035;;;-6,321077977
0,86085;;;-6,01588357
0,86135;;;-6,01588357
0,86185;;;-1,743161862
0,86235;;;4,6659207
0,86285;;;10,15942004
0,86335;;;15,65291938
0,86385;;;23,89316839
0,86435;;;32,13341739
0,86485;;;33,96458384
0,86535;;;31,21783417
0,86585;;;29,38666772
0,86635;;;29,38666772
0,86685;;;28,4710845
0,86735;;;26,02952924
0,86785;;;25,72433483
0,86835;;;26,63991805
0,86885;;;24,19836279
0,86935;;;18,70486345
0,86985;;;15,65291938
0,87035;;;15,04253056
0,87085;;;13,21136412
0,87135;;;8,633448
0,87184;;;5,886698331
0,87234;;;5,581503923
0,87284;;;2,529559846
0,87334;;;-6,321077977
0,87384;;;-16,08729902
0,87434;;;-21,27560395
0,87484;;;-24,02235362
0,87534;;;-26,76910329
0,87584;;;-28,60026974
0,87634;;;-27,68468652
0,87684;;;-25,85352007
0,87734;;;-24,32754803
0,87784;;;-22,19118718
0,87834;;;-19,44443751
0,87884;;;-18,83404869
0,87934;;;-20,05482632
0,87984;;;-17,61327106
0,88034;;;-11,2041885
0,88084;;;-7,541855608
0,88134;;;-9,373022054
0,88184;;;-9,98341087
0,88234;;;-4,489911531
0,88284;;;3,750337477
0,88334;;;9,854225631
0,88384;;;15,34772497
0,88434;;;23,89316839
0,88484;;;31,52302858
0,88534;;;32,4386118
0,88584;;;28,77627891
0,88634;;;26,94511246
0,88684;;;26,63991805
0,88734;;;24,80875161
0,88784;;;22,97758516
0,88834;;;23,58797398
0,88884;;;23,58797398
0,88934;;;19,31525227
0,88984;;;14,12694734
0,89034;;;11,99058648
0,89084;;;10,76980885
0,89134;;;7,717864777
0,89184;;;4,360726292
0,89234;;;2,834754254
0,89284;;;-2,04835627
0,89334;;;-12,73016054
0,89384;;;-23,1067704
0,89434;;;-27,37949211
0,89484;;;-30,43143619
0,89534;;;-36,23012993
0,89584;;;-38,06129638
0,89634;;;-32,26260263
0,89684;;;-28,29507533
0,89734;;;-32,87299145
0,89784;;;-35,31454671
0,89834;;;-24,32754803
0,89884;;;-9,678216462
0,89934;;;-8,762633239
0,89984;;;-19,1392431
0,90034;;;-23,41196481
0,90084;;;-17,61327106
0,90134;;;-13,34054935
0,90184;;;-14,56132699
0,90234;;;-12,73016054
0,90284;;;-3,879522716
0,90334;;;4,6659207
0,90384;;;11,38019767
0,90434;;;19,62044668
0,90484;;;28,77627891
0,90534;;;30,91263976
0,90584;;;26,63991805
0,90634;;;23,58797398
0,90684;;;24,5035572
0,90734;;;24,19836279
0,90784;;;21,75680753
0,90834;;;21,75680753
0,90884;;;23,89316839
0,90934;;;22,06200194
0,90984;;;15,95811378
0,91034;;;11,38019767
0,91084;;;10,46461445
0,91134;;;8,938642408
0,91184;;;5,276309515
0,91234;;;0,6983933997
0,91284;;;-4,795105939
0,91334;;;-13,03535495
0,91384;;;-22,49638159
0,91434;;;-28,29507533
0,91484;;;-31,041825
0,91534;;;-33,48338026
0,91584;;;-34,70415789
0,91634;;;-32,26260263
0,91684;;;-28,60026974
0,91734;;;-27,98988092
0,91784;;;-28,60026974
0,91834;;;-27,0742977
0,91884;;;-23,71715922
0,91934;;;-21,58079836
0,91984;;;-19,1392431
0,92034;;;-14,56132699
0,92084;;;-11,2041885
0,92134;;;-11,2041885
0,92184;;;-10,59379969
0,92234;;;-5,100300347
0,92284;;;2,834754254
0,92334;;;8,938642408
0,92384;;;15,04253056
0,92434;;;23,89316839
0,92484;;;31,82822299
0,92534;;;33,65938943
0,92584;;;31,82822299
0,92634;;;30,60744535
0,92684;;;29,69186213
0,92734;;;26,94511246
0,92784;;;25,11394602
0,92833;;;25,72433483
0,92883;;;25,41914042
0,92933;;;20,84122431
0,92983;;;15,95811378
0,93033;;;14,73733615
0,93083;;;14,43214175
0,93133;;;11,68539208
0,93183;;;8,328253592
0,93233;;;6,802281554
0,93283;;;3,139948661
0,93333;;;-5,710689162
0,93383;;;-17,00288225
0,93433;;;-23,71715922
0,93483;;;-26,76910329
0,93533;;;-29,82104737
0,93583;;;-31,041825
0,93633;;;-28,60026974
0,93683;;;-25,85352007
0,93733;;;-26,15871448
0,93783;;;-27,0742977
0,93833;;;-24,32754803
0,93883;;;-20,97040955
0,93933;;;-20,05482632
0,93983;;;-18,22365988
0,94033;;;-11,81457732
0,94083;;;-6,01588357
0,94133;;;-6,01588357
0,94183;;;-6,931466793
0,94233;;;-2,353550677
0,94283;;;5,886698331
0,94333;;;13,21136412
0,94383;;;20,23083549
0,94433;;;30,30225095
0,94483;;;38,84769436
0,94533;;;40,06847199
0,94583;;;35,79575029
0,94633;;;33,04900062
0,94683;;;32,13341739
0,94733;;;30,60744535
0,94783;;;28,16589009
0,94833;;;27,55550128
0,94883;;;27,25030687
0,94933;;;24,19836279
0,94983;;;19,92564108
0,95033;;;17,48408582
0,95083;;;15,65291938
0,95133;;;13,51655852
0,95183;;;11,38019767
0,95233;;;8,633448
0,95283;;;2,224365438
0,95333;;;-6,01588357
0,95383;;;-13,03535495
0,95433;;;-17,61327106
0,95483;;;-22,80157599
0,95533;;;-27,0742977
0,95583;;;-26,15871448
0,95633;;;-22,49638159
0,95683;;;-22,19118718
0,95733;;;-24,93793685
0,95783;;;-24,63274244
0,95833;;;-20,97040955
0,95883;;;-20,36002073
0,95933;;;-21,27560395
0,95983;;;-16,69768784
0,96033;;;-9,067827647
0,96083;;;-8,457438831
0,96133;;;-12,42496613
0,96183;;;-6,321077977
0,96233;;;10,46461445
0,96283;;;20,84122431
0,96333;;;16,26330819
0,96383;;;10,76980885
0,96433;;;17,48408582
0,96483;;;27,86069569
0,96533;;;29,08147332
0,96583;;;24,5035572
0,96633;;;23,58797398
0,96683;;;24,5035572
0,96733;;;22,36719635
0,96783;;;19,62044668
0,96833;;;21,45161312
0,96883;;;23,28277957
0,96933;;;19,31525227
0,96983;;;13,21136412
0,97033;;;11,07500326
0,97083;;;10,76980885
0,97133;;;8,328253592
0,97183;;;4,971115108
0,97233;;;2,834754254
0,97283;;;-1,132773046
0,97333;;;-9,678216462
0,97383;;;-18,22365988
0,97433;;;-22,80157599
0,97483;;;-26,15871448
0,97533;;;-30,73663059
0,97583;;;-32,26260263
0,97633;;;-28,60026974
0,97683;;;-24,63274244
0,97733;;;-24,93793685
0,97783;;;-25,85352007
0,97833;;;-23,41196481
0,97883;;;-20,66521514
0,97933;;;-20,05482632
0,97983;;;-17,91846547
0,98033;;;-13,03535495
0,98083;;;-9,98341087
0,98133;;;-11,50938291
0,98183;;;-11,81457732
0,98233;;;-6,626272385
0,98283;;;0,08800458433
0,98333;;;4,971115108
0,98383;;;10,76980885
0,98432;;;20,23083549
0,98482;;;27,86069569
0,98532;;;28,4710845
0,98582;;;25,41914042
0,98632;;;24,19836279
0,98682;;;23,89316839
0,98732;;;21,75680753
0,98782;;;19,62044668
0,98832;;;20,23083549
0,98882;;;20,5360299
0,98932;;;17,48408582
0,98982;;;13,21136412
0,99032;;;11,68539208
0,99082;;;10,76980885
0,99132;;;8,328253592
0,99182;;;5,276309515
0,99232;;;2,834754254
0,99282;;;-1,743161862
0,99332;;;-10,59379969
0,99382;;;-18,52885429
0,99432;;;-23,1067704
0,99482;;;-26,46390889
0,99532;;;-31,041825
0,99582;;;-32,56779704
0,99632;;;-29,21065856
0,99682;;;-25,24313125
0,99732;;;-25,24313125
0,99782;;;-26,15871448
0,99832;;;-24,63274244
0,99882;;;-22,19118718
0,99932;;;-20,97040955
0,99982;;;-18,83404869
1,00032;;;-13,95093817
1,00082;;;-10,28860528
1,00132;;;-10,59379969
1,00182;;;-10,89899409
1,00232;;;-6,01588357
1,00282;;;1,003587807
1,00332;;;7,107475961
1,00382;;;12,6009753
1,00432;;;20,23083549
1,00482;;;27,25030687
1,00532;;;29,08147332
1,00582;;;26,94511246
1,00632;;;25,41914042
1,00682;;;24,80875161
1,00732;;;23,58797398
1,00782;;;22,97758516
1,00832;;;23,28277957
1,00882;;;22,36719635
1,00932;;;18,09447464
1,00982;;;13,82175293
1,01032;;;12,29578089
1,01082;;;11,99058648
1,01132;;;9,854225631
1,01182;;;7,107475961
1,01232;;;4,360726292
1,01282;;;-0,5223842311
1,01332;;;-9,067827647
1,01382;;;-17,30807665
1,01432;;;-22,49638159
1,01482;;;-25,54832566
1,01532;;;-28,90546415
1,01582;;;-29,82104737
1,01632;;;-27,0742977
1,01682;;;-24,93793685
1,01732;;;-26,46390889
1,01782;;;-27,0742977
1,01832;;;-23,41196481
1,01882;;;-19,74963192
1,01932;;;-19,1392431
1,01982;;;-18,52885429
1,02032;;;-13,64574376
1,02082;;;-9,067827647
1,02132;;;-9,067827647
1,02182;;;-9,373022054
1,02232;;;-4,184717123
1,02282;;;3,139948661
1,02332;;;8,633448
1,02382;;;14,43214175
1,02432;;;24,19836279
1,02482;;;32,13341739
1,02532;;;30,91263976
1,02582;;;26,33472365
1,02632;;;30,30225095
1,02682;;;40,98405522
1,02732;;;44,95158252
1,02782;;;36,4061391
1,02832;;;25,11394602
1,02882;;;20,84122431
1,02932;;;20,84122431
1,02982;;;19,01005786
1,03032;;;15,34772497
1,03082;;;13,21136412
1,03132;;;12,29578089
1,03182;;;10,46461445
1,03232;;;6,191892738
1,03282;;;0,08800458433
1,03332;;;-7,236661201
1,03382;;;-14,86652139
1,03432;;;-20,97040955
1,03482;;;-25,85352007
1,03532;;;-29,21065856
1,03582;;;-29,21065856
1,03632;;;-26,46390889
1,03682;;;-24,32754803
1,03732;;;-24,63274244
1,03782;;;-24,93793685
1,03832;;;-23,41196481
1,03882;;;-21,58079836
1,03932;;;-20,66521514
1,03982;;;-18,22365988
1,04032;;;-13,64574376
1,04081;;;-10,89899409
1,04131;;;-11,81457732
1,04181;;;-11,50938291
1,04231;;;-6,626272385
1,04281;;;0,393198992
1,04331;;;6,191892738
1,04381;;;13,21136412
1,04431;;;22,06200194
1,04481;;;29,38666772
1,04531;;;30,30225095
1,04581;;;27,86069569
1,04631;;;26,02952924
1,04681;;;25,11394602
1,04731;;;23,58797398
1,04781;;;22,97758516
1,04831;;;23,89316839
1,04881;;;23,28277957
1,04931;;;19,31525227
1,04981;;;15,34772497
1,05031;;;13,51655852
1,05081;;;11,38019767
1,05131;;;7,717864777
1,05181;;;4,360726292
1,05231;;;2,224365438
1,05281;;;-2,353550677
1,05331;;;-10,89899409
1,05381;;;-19,44443751
1,05431;;;-24,63274244
1,05481;;;-28,60026974
1,05531;;;-31,95740822
1,05581;;;-32,56779704
1,05631;;;-29,51585296
1,05681;;;-27,0742977
1,05731;;;-27,98988092
1,05781;;;-28,29507533
1,05831;;;-25,85352007
1,05881;;;-23,1067704
1,05931;;;-22,19118718
1,05981;;;-19,74963192
1,06031;;;-14,56132699
1,06081;;;-11,2041885
1,06131;;;-11,50938291
1,06181;;;-11,2041885
1,06231;;;-6,626272385
1,06281;;;0,08800458433
1,06331;;;5,886698331
1,06381;;;12,90616971
1,06431;;;21,45161312
1,06481;;;26,94511246
1,06531;;;26,94511246
1,06581;;;24,80875161
1,06631;;;24,19836279
1,06681;;;23,89316839
1,06731;;;22,36719635
1,06781;;;21,45161312
1,06831;;;22,06200194
1,06881;;;20,5360299
1,06931;;;16,26330819
1,06981;;;12,6009753
1,07031;;;11,68539208
1,07081;;;10,46461445
1,07131;;;7,107475961
1,07181;;;4,6659207
1,07231;;;3,139948661
1,07281;;;-1,743161862
1,07331;;;-11,50938291
1,07381;;;-20,05482632
1,07431;;;-24,32754803
1,07481;;;-27,37949211
1,07531;;;-31,041825
1,07581;;;-31,95740822
1,07631;;;-28,60026974
1,07681;;;-25,85352007
1,07731;;;-27,0742977
1,07781;;;-28,29507533
1,07831;;;-26,15871448
1,07881;;;-23,41196481
1,07931;;;-22,19118718
1,07981;;;-20,36002073
1,08031;;;-15,78210462
1,08081;;;-12,42496613
1,08131;;;-13,34054935
1,08181;;;-13,64574376
1,08231;;;-9,067827647
1,08281;;;-1,437967454
1,08331;;;3,750337477
1,08381;;;9,854225631
1,08431;;;18,70486345
1,08481;;;26,63991805
1,08531;;;28,16589009
1,08581;;;25,11394602
1,08631;;;23,58797398
1,08681;;;24,5035572
1,08731;;;23,89316839
1,08781;;;22,06200194
1,08831;;;22,36719635
1,08881;;;22,67239075
1,08931;;;19,62044668
1,08981;;;15,04253056
1,09031;;;12,90616971
1,09081;;;13,21136412
1,09131;;;11,07500326
1,09181;;;7,107475961
1,09231;;;4,6659207
1,09281;;;1,919171031
1,09331;;;-6,626272385
1,09381;;;-19,1392431
1,09431;;;-24,63274244
1,09481;;;-19,1392431
1,09531;;;-12,42496613
1,09581;;;-14,56132699
1,09631;;;-24,02235362
1,09680;;;-30,12624178
1,09730;;;-28,90546415
1,09780;;;-25,24313125
1,09830;;;-24,02235362
1,09880;;;-24,02235362
1,09930;;;-21,58079836
1,09980;;;-17,30807665
1,10030;;;-13,64574376
1,10080;;;-13,03535495
1,10130;;;-13,03535495
1,10180;;;-10,59379969
1,10230;;;-5,100300347
1,10280;;;1,308782215
1,10330;;;7,412670369
1,10380;;;13,82175293
1,10430;;;20,84122431
1,10480;;;26,33472365
1,10530;;;28,4710845
1,10580;;;27,86069569
1,10630;;;26,33472365
1,10680;;;25,41914042
1,10730;;;24,5035572
1,10780;;;24,19836279
1,10830;;;23,89316839
1,10880;;;22,67239075
1,10930;;;20,5360299
1,10980;;;17,78928023
1,11030;;;15,04253056
1,11080;;;12,6009753
1,11130;;;11,07500326
1,11180;;;9,549031223
1,11230;;;5,886698331
1,11280;;;-0,8275786388
1,11330;;;-9,373022054
1,11380;;;-16,08729902
1,11430;;;-20,36002073
1,11480;;;-24,32754803
1,11530;;;-27,0742977
1,11580;;;-26,76910329
1,11630;;;-24,63274244
1,11680;;;-23,41196481
1,11730;;;-23,41196481
1,11780;;;-22,49638159
1,11830;;;-20,05482632
1,11880;;;-18,22365988
1,11930;;;-16,69768784
1,11980;;;-13,03535495
1,12030;;;-8,457438831
1,12080;;;-6,931466793
1,12130;;;-7,847050016
1,12180;;;-6,321077977
1,12230;;;-0,2171898234
1,12280;;;7,107475961
1,12330;;;13,21136412
1,12380;;;19,01005786
1,12430;;;26,02952924
1,12480;;;32,13341739
1,12530;;;34,26977825
1,12580;;;33,65938943
1,12630;;;32,4386118
1,12680;;;31,52302858
1,12730;;;30,91263976
1,12780;;;30,91263976
1,12830;;;30,60744535
1,12880;;;29,08147332
1,12930;;;26,63991805
1,12980;;;24,5035572
1,13030;;;21,75680753
1,13080;;;18,39966905
1,13130;;;16,26330819
1,13180;;;15,04253056
1,13230;;;12,29578089
1,13280;;;4,6659207
1,13330;;;-4,184717123
1,13380;;;-11,2041885
1,13430;;;-16,08729902
1,13480;;;-21,27560395
1,13530;;;-24,32754803
1,13580;;;-22,80157599
1,13630;;;-19,74963192
1,13680;;;-19,44443751
1,13730;;;-20,97040955
1,13780;;;-19,44443751
1,13830;;;-16,39249343
1,13880;;;-15,47691021
1,13930;;;-15,1717158
1,13980;;;-11,50938291
1,14030;;;-6,01588357
1,14080;;;-4,489911531
1,14130;;;-6,01588357
1,14180;;;-4,489911531
1,14230;;;1,308782215
1,14280;;;7,107475961
1,14330;;;12,6009753
1,14380;;;19,92564108
1,14430;;;27,86069569
1,14480;;;31,82822299
1,14530;;;31,52302858
1,14580;;;30,91263976
1,14630;;;30,30225095
1,14680;;;28,4710845
1,14730;;;26,33472365
1,14780;;;26,33472365
1,14830;;;26,33472365
1,14880;;;23,89316839
1,14930;;;20,5360299
1,14980;;;19,01005786
1,15030;;;17,17889142
1,15080;;;12,90616971
1,15130;;;10,46461445
1,15180;;;11,07500326
1,15230;;;8,023059185
1,15280;;;-2,353550677
1,15329;;;-11,2041885
1,15379;;;-9,373022054
1,15429;;;-5,710689162
1,15479;;;-14,25613258
1,15529;;;-29,21065856
1,15579;;;-34,70415789
1,15629;;;-28,90546415
1,15679;;;-24,63274244
1,15729;;;-27,0742977
1,15779;;;-27,98988092
1,15829;;;-23,71715922
1,15879;;;-20,66521514
1,15929;;;-20,97040955
1,15979;;;-18,52885429
1,16029;;;-12,42496613
1,16079;;;-9,678216462
1,16129;;;-11,81457732
1,16179;;;-10,59379969
1,16229;;;-2,963939493
1,16279;;;4,971115108
1,16329;;;9,549031223
1,16379;;;15,04253056
1,16429;;;23,28277957
1,16479;;;28,77627891
1,16529;;;28,4710845
1,16579;;;26,63991805
1,16629;;;26,33472365
1,16679;;;25,41914042
1,16729;;;22,67239075
1,16779;;;21,45161312
1,16829;;;22,36719635
1,16879;;;21,14641872
1,16929;;;16,26330819
1,16979;;;12,29578089
1,17029;;;10,76980885
1,17079;;;9,854225631
1,17129;;;8,023059185
1,17179;;;5,886698331
1,17229;;;1,919171031
1,17279;;;-5,405494754
1,17329;;;-15,1717158
1,17379;;;-22,49638159
1,17429;;;-27,0742977
1,17479;;;-32,26260263
1,17529;;;-36,23012993
1,17579;;;-35,0093523
1,17629;;;-30,12624178
1,17679;;;-28,60026974
1,17729;;;-30,43143619
1,17779;;;-30,43143619
1,17829;;;-26,76910329
1,17879;;;-24,02235362
1,17929;;;-22,49638159
1,17979;;;-18,52885429
1,18029;;;-13,03535495
1,18079;;;-10,59379969
1,18129;;;-12,42496613
1,18179;;;-11,2041885
1,18229;;;-4,184717123
1,18279;;;3,750337477
1,18329;;;9,854225631
1,18379;;;17,17889142
1,18429;;;26,02952924
1,18479;;;31,52302858
1,18529;;;31,21783417
1,18579;;;28,16589009
1,18629;;;26,94511246
1,18679;;;26,33472365
1,18729;;;24,80875161
1,18779;;;23,28277957
1,18829;;;22,67239075
1,18879;;;20,84122431
1,18929;;;17,48408582
1,18979;;;13,51655852
1,19029;;;10,76980885
1,19079;;;8,328253592
1,19129;;;5,581503923
1,19179;;;3,445143069
1,19229;;;0,08800458433
1,19279;;;-7,541855608
1,19329;;;-17,61327106
1,19379;;;-25,85352007
1,19429;;;-30,73663059
1,19479;;;-35,0093523
1,19529;;;-38,06129638
1,19579;;;-37,14571316
1,19629;;;-33,78857467
1,19679;;;-32,26260263
1,19729;;;-33,17818586
1,19779;;;-32,56779704
1,19829;;;-30,12624178
1,19879;;;-27,68468652
1,19929;;;-25,85352007
1,19979;;;-21,88599277
1,20029;;;-17,30807665
1,20079;;;-16,08729902
1,20129;;;-16,69768784
1,20179;;;-13,95093817
1,20229;;;-6,321077977
1,20279;;;1,003587807
1,20329;;;7,107475961
1,20379;;;14,73733615
1,20429;;;23,28277957
1,20479;;;28,77627891
1,20529;;;28,77627891
1,20579;;;26,63991805
1,20629;;;26,02952924
1,20679;;;24,5035572
1,20729;;;21,75680753
1,20779;;;20,5360299
1,20829;;;20,84122431
1,20879;;;19,01005786
1,20928;;;14,43214175
1,20978;;;11,07500326
1,21028;;;10,15942004
1,21078;;;8,633448
1,21128;;;5,276309515
1,21178;;;2,529559846
1,21228;;;0,393198992
1,21278;;;-5,405494754
1,21328;;;-15,47691021
1,21378;;;-24,32754803
1,21428;;;-29,21065856
1,21478;;;-33,17818586
1,21528;;;-36,84051875
1,21578;;;-36,53532434
1,21628;;;-31,95740822
1,21678;;;-29,82104737
1,21728;;;-31,65221382
1,21778;;;-31,041825
1,21828;;;-25,54832566
1,21878;;;-21,88599277
1,21928;;;-24,02235362
1,21978;;;-23,1067704
1,22028;;;-11,81457732
1,22078;;;1,308782215
1,22128;;;3,139948661
1,22178;;;-4,489911531
1,22228;;;-8,762633239
1,22278;;;-2,04835627
1,22328;;;9,243836815
1,22378;;;18,39966905
1,22428;;;23,89316839
1,22478;;;27,86069569
1,22528;;;30,30225095
1,22578;;;30,30225095
1,22628;;;29,38666772
1,22678;;;28,4710845
1,22728;;;27,55550128
1,22778;;;26,33472365
1,22828;;;24,80875161
1,22878;;;22,97758516
1,22928;;;20,23083549
1,22978;;;17,17889142
1,23028;;;14,12694734
1,23078;;;11,68539208
1,23128;;;9,854225631
1,23178;;;8,023059185
1,23228;;;4,055531884
1,23278;;;-3,574328308
1,23328;;;-12,73016054
1,23378;;;-20,36002073
1,23428;;;-26,15871448
1,23478;;;-30,73663059
1,23528;;;-33,17818586
1,23578;;;-31,34701941
1,23628;;;-27,98988092
1,23678;;;-26,76910329
1,23728;;;-27,37949211
1,23778;;;-26,15871448
1,23828;;;-22,80157599
1,23878;;;-20,05482632
1,23928;;;-17,30807665
1,23978;;;-12,42496613
1,24028;;;-8,152244424
1,24078;;;-7,236661201
1,24128;;;-7,847050016
1,24178;;;-4,795105939
1,24228;;;2,529559846
1,24278;;;10,15942004
1,24328;;;17,17889142
1,24378;;;26,33472365
1,24428;;;36,4061391
1,24478;;;41,28924962
1,24528;;;40,67886081
1,24578;;;39,15288877
1,24628;;;38,84769436
1,24678;;;37,62691673
1,24728;;;35,18536147
1,24778;;;33,96458384
1,24828;;;33,35419502
1,24878;;;30,30225095
1,24928;;;25,11394602
1,24978;;;20,84122431
1,25028;;;18,09447464
1,25078;;;15,04253056
1,25128;;;12,29578089
1,25178;;;10,76980885
1,25228;;;7,412670369
1,25278;;;-1,437967454
1,25328;;;-13,03535495
1,25378;;;-21,27560395
1,25428;;;-25,54832566
1,25478;;;-29,82104737
1,25528;;;-32,87299145
1,25578;;;-31,34701941
1,25628;;;-27,0742977
1,25678;;;-25,54832566
1,25728;;;-27,0742977
1,25778;;;-26,76910329
1,25828;;;-24,32754803
1,25878;;;-22,49638159
1,25928;;;-20,66521514
1,25978;;;-17,00288225
1,26028;;;-12,42496613
1,26078;;;-11,2041885
1,26128;;;-12,11977172
1,26178;;;-9,98341087
1,26228;;;-3,574328308
1,26278;;;3,445143069
1,26328;;;10,76980885
1,26378;;;19,01005786
1,26428;;;26,94511246
1,26478;;;30,91263976
1,26528;;;31,21783417
1,26577;;;30,91263976
1,26627;;;30,30225095
1,26677;;;28,16589009
1,26727;;;26,02952924
1,26777;;;25,72433483
1,26827;;;25,11394602
1,26877;;;21,75680753
1,26927;;;17,17889142
1,26977;;;14,43214175
1,27027;;;13,21136412
1,27077;;;11,07500326
1,27127;;;8,328253592
1,27177;;;5,581503923
1,27227;;;1,003587807
1,27277;;;-6,321077977
1,27327;;;-16,08729902
1,27377;;;-24,32754803
1,27427;;;-30,12624178
1,27477;;;-34,39896349
1,27527;;;-36,53532434
1,27577;;;-35,31454671
1,27627;;;-32,56779704
1,27677;;;-31,041825
1,27727;;;-31,65221382
1,27777;;;-31,34701941
1,27827;;;-28,90546415
1,27877;;;-24,63274244
1,27927;;;-20,97040955
1,27977;;;-19,1392431
1,28027;;;-16,39249343
1,28077;;;-8,762633239
1,28127;;;1,919171031
1,28177;;;8,328253592
1,28227;;;5,581503923
1,28277;;;1,919171031
1,28327;;;7,717864777
1,28377;;;21,14641872
1,28427;;;31,52302858
1,28477;;;33,04900062
1,28527;;;31,82822299
1,28577;;;32,4386118
1,28627;;;32,13341739
1,28677;;;28,77627891
1,28727;;;26,63991805
1,28777;;;27,25030687
1,28827;;;27,25030687
1,28877;;;23,28277957
1,28927;;;18,09447464
1,28977;;;15,65291938
1,29027;;;13,82175293
1,29077;;;10,46461445
1,29127;;;7,412670369
1,29177;;;5,886698331
1,29227;;;2,224365438
1,29277;;;-6,321077977
1,29327;;;-16,39249343
1,29377;;;-23,41196481
1,29427;;;-28,29507533
1,29477;;;-32,87299145
1,29527;;;-35,0093523
1,29577;;;-32,87299145
1,29627;;;-29,51585296
1,29677;;;-28,90546415
1,29727;;;-28,90546415
1,29777;;;-26,15871448
1,29827;;;-22,80157599
1,29877;;;-21,88599277
1,29927;;;-20,66521514
1,29977;;;-16,08729902
1,30027;;;-10,89899409
1,30077;;;-9,678216462
1,30127;;;-10,28860528
1,30177;;;-7,236661201
1,30227;;;0,08800458433
1,30277;;;8,023059185
1,30327;;;15,95811378
1,30377;;;25,11394602
1,30427;;;33,65938943
1,30477;;;37,93211114
1,30527;;;38,23730555
1,30577;;;37,32172232
1,30627;;;36,10094469
1,30677;;;33,35419502
1,30727;;;30,30225095
1,30777;;;29,38666772
1,30827;;;28,77627891
1,30877;;;25,72433483
1,30927;;;21,75680753
1,30977;;;18,70486345
1,31027;;;16,26330819
1,31077;;;12,90616971
1,31127;;;10,15942004
1,31177;;;7,717864777
1,31227;;;2,529559846
1,31277;;;-6,626272385
1,31327;;;-16,39249343
1,31377;;;-22,49638159
1,31427;;;-27,68468652
1,31477;;;-33,78857467
1,31527;;;-37,75610197
1,31577;;;-35,92493552
1,31627;;;-31,95740822
1,31677;;;-31,65221382
1,31727;;;-32,56779704
1,31777;;;-30,12624178
1,31827;;;-26,15871448
1,31877;;;-24,32754803
1,31927;;;-22,80157599
1,31977;;;-17,61327106
1,32027;;;-12,11977172
1,32077;;;-11,50938291
1,32127;;;-13,03535495
1,32176;;;-9,98341087
1,32226;;;-1,743161862
1,32276;;;5,886698331
1,32326;;;13,21136412
1,32376;;;22,67239075
1,32426;;;31,82822299
1,32476;;;35,79575029
1,32526;;;35,18536147
1,32576;;;34,88016706
1,32626;;;35,49055588
1,32676;;;34,57497265
1,32726;;;31,82822299
1,32776;;;30,30225095
1,32826;;;29,69186213
1,32876;;;26,63991805
1,32926;;;22,36719635
1,32976;;;19,62044668
1,33026;;;17,17889142
1,33076;;;14,12694734
1,33126;;;11,38019767
1,33176;;;10,76980885
1,33226;;;7,412670369
1,33276;;;-1,743161862
1,33326;;;-12,73016054
1,33376;;;-20,05482632
1,33426;;;-24,63274244
1,33476;;;-29,82104737
1,33526;;;-33,17818586
1,33576;;;-31,95740822
1,33626;;;-29,21065856
1,33676;;;-28,60026974
1,33726;;;-29,21065856
1,33776;;;-27,0742977
1,33826;;;-24,02235362
1,33876;;;-22,19118718
1,33926;;;-19,1392431
1,33976;;;-13,95093817
1,34026;;;-9,98341087
1,34076;;;-9,678216462
1,34126;;;-9,067827647
1,34176;;;-4,795105939
1,34226;;;0,6983933997
1,34276;;;7,412670369
1,34326;;;16,87369701
1,34376;;;27,25030687
1,34426;;;32,74380621
1,34476;;;34,57497265
1,34526;;;40,98405522
1,34576;;;51,05547067
1,34626;;;52,2762483
1,34676;;;39,45808318
1,34726;;;26,63991805
1,34776;;;25,11394602
1,34826;;;28,77627891
1,34876;;;25,72433483
1,34926;;;18,39966905
1,34976;;;15,34772497
1,35026;;;15,34772497
1,35076;;;11,99058648
1,35126;;;7,107475961
1,35176;;;5,581503923
1,35226;;;2,529559846
1,35276;;;-7,541855608
1,35326;;;-20,97040955
1,35376;;;-28,90546415
1,35426;;;-32,56779704
1,35476;;;-37,14571316
1,35526;;;-41,41843486
1,35576;;;-40,50285164
1,35626;;;-36,53532434
1,35676;;;-36,23012993
1,35726;;;-38,06129638
1,35776;;;-36,53532434
1,35826;;;-32,56779704
1,35876;;;-30,73663059
1,35926;;;-30,73663059
1,35976;;;-27,0742977
1,36026;;;-20,36002073
1,36076;;;-16,39249343
1,36126;;;-14,86652139
1,36176;;;-11,50938291
1,36226;;;-5,100300347
1,36276;;;1,919171031
1,36326;;;9,549031223
1,36376;;;18,70486345
1,36426;;;27,86069569
1,36476;;;32,4386118
1,36526;;;33,04900062
1,36576;;;32,13341739
1,36626;;;30,60744535
1,36676;;;27,55550128
1,36726;;;25,41914042
1,36776;;;25,41914042
1,36826;;;25,41914042
1,36876;;;21,75680753
1,36926;;;15,95811378
1,36976;;;12,29578089
1,37026;;;10,76980885
1,37076;;;8,938642408
1,37126;;;6,497087146
1,37176;;;4,055531884
1,37226;;;-1,132773046
1,37276;;;-10,89899409
1,37326;;;-21,58079836
1,37376;;;-28,60026974
1,37426;;;-33,17818586
1,37476;;;-38,06129638
1,37526;;;-40,50285164
1,37576;;;-38,67168519
1,37626;;;-35,31454671
1,37676;;;-34,70415789
1,37726;;;-35,61974112
1,37776;;;-34,09376908
1,37825;;;-31,041825
1,37875;;;-28,60026974
1,37925;;;-25,54832566
1,37975;;;-19,74963192
1,38025;;;-14,86652139
1,38075;;;-14,56132699
1,38125;;;-14,86652139
1,38175;;;-9,98341087
1,38225;;;-1,743161862
1,38275;;;5,276309515
1,38325;;;12,90616971
1,38375;;;23,28277957
1,38425;;;32,4386118
1,38475;;;35,49055588
1,38525;;;35,18536147
1,38575;;;35,49055588
1,38625;;;35,49055588
1,38675;;;32,74380621
1,38725;;;29,69186213
1,38775;;;31,21783417
1,38825;;;33,04900062
1,38875;;;29,69186213
1,38925;;;23,58797398
1,38975;;;20,5360299
1,39025;;;19,92564108
1,39075;;;17,17889142
1,39125;;;13,82175293
1,39175;;;11,99058648
1,39225;;;8,938642408
1,39275;;;-0,5223842311
1,39325;;;-13,34054935
1,39375;;;-21,58079836
1,39425;;;-26,15871448
1,39475;;;-30,73663059
1,39525;;;-34,70415789
1,39575;;;-33,48338026
1,39625;;;-28,90546415
1,39675;;;-27,37949211
1,39725;;;-28,90546415
1,39775;;;-27,37949211
1,39825;;;-23,1067704
1,39875;;;-20,66521514
1,39925;;;-19,1392431
1,39975;;;-14,56132699
1,40025;;;-9,678216462
1,40075;;;-9,373022054
1,40125;;;-11,2041885
1,40175;;;-7,236661201
1,40225;;;2,224365438
1,40275;;;11,38019767
1,40325;;;18,39966905
1,40375;;;27,25030687
1,40425;;;37,32172232
1,40475;;;42,51002725
1,40525;;;41,28924962
1,40575;;;39,45808318
1,40625;;;38,84769436
1,40675;;;37,62691673
1,40725;;;34,88016706
1,40775;;;34,26977825
1,40825;;;34,88016706
1,40875;;;31,52302858
1,40925;;;24,5035572
1,40975;;;20,5360299
1,41025;;;21,14641872
1,41075;;;19,31525227
1,41125;;;12,90616971
1,41175;;;8,938642408
1,41225;;;12,29578089
1,41275;;;14,12694734
1,41325;;;4,055531884
1,41375;;;-15,47691021
1,41425;;;-31,65221382
1,41475;;;-37,14571316
1,41525;;;-35,31454671
1,41575;;;-32,26260263
1,41625;;;-31,041825
1,41675;;;-30,12624178
1,41725;;;-28,29507533
1,41775;;;-25,85352007
1,41825;;;-23,71715922
1,41875;;;-21,88599277
1,41925;;;-18,22365988
1,41975;;;-12,42496613
1,42025;;;-8,152244424
1,42075;;;-7,847050016
1,42125;;;-9,067827647
1,42175;;;-6,321077977
1,42225;;;1,003587807
1,42275;;;9,854225631
1,42325;;;18,39966905
1,42375;;;27,25030687
1,42425;;;35,79575029
1,42475;;;40,06847199
1,42525;;;39,76327759
1,42575;;;38,23730555
1,42625;;;37,32172232
1,42675;;;35,49055588
1,42725;;;33,35419502
1,42775;;;32,13341739
1,42825;;;31,52302858
1,42875;;;28,16589009
1,42925;;;22,36719635
1,42975;;;18,09447464
1,43025;;;16,26330819
1,43075;;;13,82175293
1,43125;;;9,549031223
1,43175;;;6,191892738
1,43225;;;4,055531884
1,43275;;;-0,2171898234
1,43325;;;-8,762633239
1,43375;;;-18,22365988
1,43424;;;-27,37949211
1,43474;;;-36,53532434
1,43524;;;-43,55479572
1,43574;;;-43,85999012
1,43624;;;-38,67168519
1,43674;;;-35,92493552
1,43724;;;-38,36649079
1,43774;;;-39,89246282
1,43824;;;-36,53532434
1,43874;;;-32,26260263
1,43924;;;-31,041825
1,43974;;;-28,90546415
1,44024;;;-22,80157599
1,44074;;;-17,61327106
1,44124;;;-17,30807665
1,44174;;;-18,22365988
1,44224;;;-13,64574376
1,44274;;;-5,100300347
1,44324;;;2,529559846
1,44374;;;9,854225631
1,44424;;;19,62044668
1,44474;;;28,77627891
1,44524;;;32,13341739
1,44574;;;31,21783417
1,44624;;;29,99705654
1,44674;;;29,69186213
1,44724;;;28,16589009
1,44774;;;25,72433483
1,44824;;;24,80875161
1,44874;;;24,5035572
1,44924;;;20,84122431
1,44974;;;15,95811378
1,45024;;;13,21136412
1,45074;;;11,68539208
1,45124;;;8,938642408
1,45174;;;5,276309515
1,45224;;;1,919171031
1,45274;;;-2,353550677
1,45324;;;-11,50938291
1,45374;;;-22,80157599
1,45424;;;-32,26260263
1,45474;;;-38,67168519
1,45524;;;-43,55479572
1,45574;;;-45,08076776
1,45624;;;-42,9444069
1,45674;;;-40,19765723
1,45724;;;-39,58726842
1,45774;;;-39,58726842
1,45824;;;-37,14571316
1,45874;;;-34,09376908
1,45924;;;-31,65221382
1,45974;;;-28,90546415
1,46024;;;-24,02235362
1,46074;;;-20,05482632
1,46124;;;-19,44443751
1,46174;;;-18,83404869
1,46224;;;-14,56132699
1,46274;;;-7,541855608
1,46324;;;0,08800458433
1,46374;;;8,938642408
1,46424;;;19,31525227
1,46474;;;27,55550128
1,46524;;;30,30225095
1,46574;;;29,99705654
1,46624;;;28,77627891
1,46674;;;26,63991805
1,46724;;;23,89316839
1,46774;;;22,67239075
1,46824;;;22,97758516
1,46874;;;21,75680753
1,46924;;;17,17889142
1,46974;;;13,51655852
1,47024;;;11,38019767
1,47074;;;8,633448
1,47124;;;4,6659207
1,47174;;;2,224365438
1,47224;;;0,6983933997
1,47274;;;-4,795105939
1,47324;;;-15,78210462
1,47374;;;-26,15871448
1,47424;;;-33,17818586
1,47474;;;-39,89246282
1,47524;;;-45,99635098
1,47574;;;-47,21712861
1,47624;;;-43,85999012
1,47674;;;-41,41843486
1,47724;;;-41,72362927
1,47774;;;-39,58726842
1,47824;;;-35,31454671
1,47874;;;-34,09376908
1,47924;;;-32,87299145
1,47974;;;-22,49638159
1,48024;;;-5,710689162
1,48074;;;0,08800458433
1,48124;;;-9,067827647
1,48174;;;-18,52885429
1,48224;;;-13,34054935
1,48274;;;-0,5223842311
1,48324;;;8,023059185
1,48374;;;14,43214175
1,48424;;;25,11394602
1,48474;;;35,79575029
1,48524;;;39,15288877
1,48574;;;37,93211114
1,48624;;;38,54249995
1,48674;;;39,76327759
1,48724;;;37,01652792
1,48774;;;33,65938943
1,48824;;;33,96458384
1,48874;;;34,88016706
1,48924;;;30,91263976
1,48974;;;24,5035572
1,49024;;;22,06200194
1,49073;;;21,75680753
1,49123;;;19,62044668
1,49173;;;16,5685026
1,49223;;;14,43214175
1,49273;;;9,549031223
1,49323;;;-0,5223842311
1,49373;;;-11,81457732
1,49423;;;-18,52885429
1,49473;;;-23,41196481
1,49523;;;-28,90546415
1,49573;;;-31,65221382
1,49623;;;-28,90546415
1,49673;;;-24,63274244
1,49723;;;-25,24313125
1,49773;;;-26,76910329
1,49823;;;-24,32754803
1,49873;;;-19,74963192
1,49923;;;-17,00288225
1,49973;;;-14,56132699
1,50023;;;-9,373022054
1,50073;;;-4,184717123
1,50123;;;-3,2691339
1,50173;;;-3,574328308
1,50223;;;0,6983933997
1,50273;;;8,938642408
1,50323;;;17,48408582
1,50373;;;25,72433483
1,50423;;;36,10094469
1,50473;;;45,25677692
1,50523;;;48,308721
1,50573;;;47,39313778
1,50623;;;46,78274896
1,50673;;;46,78274896
1,50723;;;44,3411937
1,50773;;;41,59444403
1,50823;;;40,67886081
1,50873;;;40,3736664
1,50923;;;36,71133351
1,50973;;;30,91263976
1,51023;;;26,63991805
1,51073;;;24,19836279
1,51123;;;22,06200194
1,51173;;;19,62044668
1,51223;;;16,5685026
1,51273;;;10,15942004
1,51323;;;-0,2171898234
1,51373;;;-10,89899409
1,51423;;;-18,83404869
1,51473;;;-24,32754803
1,51523;;;-29,82104737
1,51573;;;-32,56779704
1,51623;;;-30,73663059
1,51673;;;-28,29507533
1,51723;;;-28,29507533
1,51773;;;-28,60026974
1,51823;;;-26,15871448
1,51873;;;-22,49638159
1,51923;;;-20,66521514
1,51973;;;-18,22365988
1,52023;;;-13,03535495
1,52073;;;-8,762633239
1,52123;;;-8,152244424
1,52173;;;-8,457438831
1,52223;;;-4,184717123
1,52273;;;3,445143069
1,52323;;;11,38019767
1,52373;;;19,01005786
1,52423;;;28,77627891
1,52473;;;37,32172232
1,52523;;;40,3736664
1,52573;;;39,15288877
1,52623;;;37,62691673
1,52673;;;36,4061391
1,52723;;;33,35419502
1,52773;;;30,60744535
1,52823;;;29,99705654
1,52873;;;29,08147332
1,52923;;;24,5035572
1,52973;;;18,39966905
1,53023;;;15,04253056
1,53073;;;13,82175293
1,53123;;;11,07500326
1,53173;;;7,717864777
1,53223;;;5,276309515
1,53273;;;0,6983933997
1,53323;;;-9,373022054
1,53373;;;-22,19118718
1,53423;;;-30,12624178
1,53473;;;-34,09376908
1,53523;;;-38,9768796
1,53573;;;-43,24960131
1,53623;;;-41,41843486
1,53673;;;-35,61974112
1,53723;;;-35,0093523
1,53773;;;-39,58726842
1,53823;;;-38,36649079
1,53873;;;-26,46390889
1,53923;;;-13,64574376
1,53973;;;-11,50938291
1,54023;;;-18,22365988
1,54073;;;-23,71715922
1,54123;;;-23,71715922
1,54173;;;-20,66521514
1,54223;;;-16,39249343
1,54273;;;-9,98341087
1,54323;;;-0,8275786388
1,54373;;;9,243836815
1,54423;;;19,62044668
1,54473;;;27,55550128
1,54523;;;30,91263976
1,54573;;;30,60744535
1,54623;;;28,4710845
1,54672;;;26,33472365
1,54722;;;24,5035572
1,54772;;;22,67239075
1,54822;;;21,75680753
1,54872;;;20,23083549
1,54922;;;15,95811378
1,54972;;;11,07500326
1,55022;;;7,412670369
1,55072;;;5,276309515
1,55122;;;3,750337477
1,55172;;;1,919171031
1,55222;;;-0,5223842311
1,55272;;;-6,931466793
1,55322;;;-17,61327106
1,55372;;;-27,98988092
1,55422;;;-35,61974112
1,55472;;;-41,72362927
1,55522;;;-47,21712861
1,55572;;;-49,04829506
1,55622;;;-45,99635098
1,55672;;;-42,63921249
1,55722;;;-42,02882368
1,55772;;;-41,72362927
1,55822;;;-38,06129638
1,55872;;;-33,48338026
1,55922;;;-31,34701941
1,55972;;;-28,29507533
1,56022;;;-21,27560395
1,56072;;;-15,1717158
1,56122;;;-14,25613258
1,56172;;;-14,56132699
1,56222;;;-9,678216462
1,56272;;;0,393198992
1,56322;;;10,76980885
1,56372;;;20,23083549
1,56422;;;31,52302858
1,56472;;;41,28924962
1,56522;;;45,25677692
1,56572;;;44,64638811
1,56622;;;44,3411937
1,56672;;;44,95158252
1,56722;;;44,03599929
1,56772;;;41,89963844
1,56822;;;40,98405522
1,56872;;;39,45808318
1,56922;;;35,49055588
1,56972;;;30,60744535
1,57022;;;27,25030687
1,57072;;;25,41914042
1,57122;;;23,28277957
1,57172;;;21,14641872
1,57222;;;18,39966905
1,57272;;;11,68539208
1,57322;;;0,08800458433
1,57372;;;-10,59379969
1,57422;;;-17,30807665
1,57472;;;-22,80157599
1,57522;;;-28,90546415
1,57572;;;-31,95740822
1,57622;;;-29,51585296
1,57672;;;-25,85352007
1,57722;;;-24,93793685
1,57772;;;-25,24313125
1,57822;;;-23,1067704
1,57872;;;-19,44443751
1,57922;;;-16,39249343
1,57972;;;-12,42496613
1,58022;;;-6,931466793
1,58072;;;-2,963939493
1,58122;;;-3,2691339
1,58172;;;-2,963939493
1,58222;;;2,529559846
1,58272;;;11,38019767
1,58322;;;19,92564108
1,58372;;;28,77627891
1,58422;;;39,45808318
1,58472;;;48,00352659
1,58522;;;50,44508186
1,58572;;;48,91910982
1,58622;;;47,69833219
1,58672;;;46,47755455
1,58722;;;44,03599929
1,58772;;;41,59444403
1,58822;;;40,06847199
1,58872;;;37,32172232
1,58922;;;32,13341739
1,58972;;;26,94511246
1,59022;;;23,89316839
1,59072;;;20,84122431
1,59122;;;17,17889142
1,59172;;;14,43214175
1,59222;;;11,38019767
1,59272;;;3,750337477
1,59322;;;-8,152244424
1,59372;;;-18,83404869
1,59422;;;-25,54832566
1,59472;;;-31,95740822
1,59522;;;-38,67168519
1,59572;;;-40,80804605
1,59622;;;-37,75610197
1,59672;;;-35,92493552
1,59722;;;-38,06129638
1,59772;;;-38,36649079
1,59822;;;-33,48338026
1,59872;;;-30,43143619
1,59922;;;-31,041825
1,59972;;;-28,29507533
1,60022;;;-20,05482632
1,60072;;;-15,47691021
1,60122;;;-19,74963192
1,60172;;;-20,36002073
1,60222;;;-6,626272385
1,60272;;;11,07500326
1,60321;;;17,78928023
1,60371;;;14,73733615
1,60421;;;16,5685026
1,60471;;;26,63991805
1,60521;;;33,96458384
1,60571;;;33,04900062
1,60621;;;29,69186213
1,60671;;;29,08147332
1,60721;;;29,08147332
1,60771;;;27,55550128
1,60821;;;24,80875161
1,60871;;;21,75680753
1,60921;;;17,78928023
1,60971;;;13,51655852
1,61021;;;10,15942004
1,61071;;;6,802281554
1,61121;;;3,445143069
1,61171;;;1,003587807
1,61221;;;-2,04835627
1,61271;;;-9,373022054
1,61321;;;-20,66521514
1,61371;;;-31,34701941
1,61421;;;-38,67168519
1,61471;;;-45,08076776
1,61521;;;-50,8794615
1,61571;;;-52,40543354
1,61621;;;-49,35348946
1,61671;;;-46,30154539
1,61721;;;-47,21712861
1,61771;;;-46,9119342
1,61821;;;-42,9444069
1,61871;;;-38,36649079
1,61921;;;-36,23012993
1,61971;;;-33,17818586
1,62021;;;-27,68468652
1,62071;;;-24,02235362
1,62121;;;-24,32754803
1,62171;;;-23,41196481
1,62221;;;-17,30807665
1,62271;;;-8,457438831
1,62321;;;0,08800458433
1,62371;;;8,938642408
1,62421;;;19,31525227
1,62471;;;27,25030687
1,62521;;;29,38666772
1,62571;;;28,77627891
1,62621;;;28,4710845
1,62671;;;26,94511246
1,62721;;;24,19836279
1,62771;;;22,97758516
1,62821;;;23,89316839
1,62871;;;22,67239075
1,62921;;;18,09447464
1,62971;;;13,51655852
1,63021;;;11,68539208
1,63071;;;9,854225631
1,63121;;;7,107475961
1,63171;;;5,276309515
1,63221;;;3,750337477
1,63271;;;-2,04835627
1,63321;;;-13,95093817
1,63371;;;-25,54832566
1,63421;;;-32,56779704
1,63471;;;-38,36649079
1,63521;;;-44,16518453
1,63571;;;-45,69115657
1,63621;;;-41,41843486
1,63671;;;-37,14571316
1,63721;;;-36,84051875
1,63771;;;-37,14571316
1,63821;;;-33,78857467
1,63871;;;-30,12624178
1,63921;;;-28,60026974
1,63971;;;-25,85352007
1,64021;;;-19,74963192
1,64071;;;-15,1717158
1,64121;;;-15,78210462
1,64171;;;-16,69768784
1,64221;;;-11,50938291
1,64271;;;-2,04835627
1,64321;;;7,107475961
1,64371;;;15,95811378
1,64421;;;26,02952924
1,64471;;;34,26977825
1,64521;;;37,01652792
1,64571;;;35,79575029
1,64621;;;34,26977825
1,64671;;;33,04900062
1,64721;;;31,52302858
1,64771;;;30,30225095
1,64821;;;29,08147332
1,64871;;;26,02952924
1,64921;;;20,5360299
1,64971;;;15,95811378
1,65021;;;13,51655852
1,65071;;;10,76980885
1,65121;;;7,412670369
1,65171;;;5,581503923
1,65221;;;3,750337477
1,65271;;;-3,2691339
1,65321;;;-15,78210462
1,65371;;;-27,68468652
1,65421;;;-34,70415789
1,65471;;;-40,80804605
1,65521;;;-46,9119342
1,65571;;;-48,74310065
1,65621;;;-44,77557335
1,65671;;;-41,41843486
1,65721;;;-42,02882368
1,65771;;;-41,11324046
1,65821;;;-36,23012993
1,65871;;;-31,65221382
1,65920;;;-30,12624178
1,65970;;;-26,46390889
1,66020;;;-19,74963192
1,66070;;;-16,08729902
1,66120;;;-17,61327106
1,66170;;;-16,08729902
1,66220;;;-6,931466793
1,66270;;;1,919171031
1,66320;;;8,023059185
1,66370;;;16,87369701
1,66420;;;31,82822299
1,66470;;;42,20483285
1,66520;;;41,59444403
1,66570;;;40,3736664
1,66620;;;48,61391541
1,66670;;;57,46455323
1,66720;;;53,19183152
1,66770;;;40,3736664
1,66820;;;32,74380621
1,66870;;;33,35419502
1,66920;;;31,82822299
1,66970;;;25,72433483
1,67020;;;20,84122431
1,67070;;;19,92564108
1,67120;;;18,39966905
1,67170;;;14,73733615
1,67220;;;10,15942004
1,67270;;;4,055531884
1,67320;;;-5,710689162
1,67370;;;-17,30807665
1,67420;;;-25,54832566
1,67470;;;-30,43143619
1,67520;;;-34,39896349
1,67570;;;-35,61974112
1,67620;;;-33,17818586
1,67670;;;-29,82104737
1,67720;;;-28,90546415
1,67770;;;-28,60026974
1,67820;;;-25,54832566
1,67870;;;-21,27560395
1,67920;;;-17,91846547
1,67970;;;-13,95093817
1,68020;;;-8,762633239
1,68070;;;-5,405494754
1,68120;;;-5,405494754
1,68170;;;-3,879522716
1,68220;;;3,139948661
1,68270;;;13,21136412
1,68320;;;22,06200194
1,68370;;;31,21783417
1,68420;;;41,89963844
1,68470;;;50,75027626
1,68520;;;54,41260916
1,68570;;;53,80222034
1,68620;;;52,58144271
1,68670;;;51,36066508
1,68720;;;48,91910982
1,68770;;;46,47755455
1,68820;;;44,64638811
1,68870;;;42,51002725
1,68920;;;39,45808318
1,68970;;;35,79575029
1,69020;;;32,13341739
1,69070;;;28,4710845
1,69120;;;25,11394602
1,69170;;;23,58797398
1,69220;;;20,84122431
1,69270;;;11,99058648
1,69320;;;-0,2171898234
1,69370;;;-10,28860528
1,69420;;;-16,69768784
1,69470;;;-23,1067704
1,69520;;;-29,21065856
1,69570;;;-31,041825
1,69620;;;-27,0742977
1,69670;;;-24,02235362
1,69720;;;-24,32754803
1,69770;;;-23,41196481
1,69820;;;-19,44443751
1,69870;;;-15,47691021
1,69920;;;-13,64574376
1,69970;;;-10,59379969
1,70020;;;-4,795105939
1,70070;;;-1,132773046
1,70120;;;-1,132773046
1,70170;;;-0,2171898234
1,70220;;;5,276309515
1,70270;;;14,12694734
1,70320;;;22,97758516
1,70370;;;32,4386118
1,70420;;;42,20483285
1,70470;;;48,61391541
1,70520;;;50,13988745
1,70570;;;49,52949863
1,70620;;;49,22430422
1,70670;;;47,69833219
1,70720;;;44,64638811
1,70770;;;42,20483285
1,70820;;;40,98405522
1,70870;;;37,93211114
1,70920;;;32,13341739
1,70970;;;26,33472365
1,71020;;;22,06200194
1,71070;;;18,70486345
1,71120;;;15,65291938
1,71170;;;13,82175293
1,71220;;;10,46461445
1,71270;;;1,919171031
1,71320;;;-10,28860528
1,71370;;;-21,27560395
1,71420;;;-29,21065856
1,71470;;;-36,23012993
1,71520;;;-41,11324046
1,71569;;;-41,11324046
1,71619;;;-38,06129638
1,71669;;;-37,14571316
1,71719;;;-37,75610197
1,71769;;;-35,92493552
1,71819;;;-31,34701941
1,71869;;;-27,98988092
1,71919;;;-25,85352007
1,71969;;;-21,58079836
1,72019;;;-15,78210462
1,72069;;;-13,03535495
1,72119;;;-13,34054935
1,72169;;;-11,50938291
1,72219;;;-5,710689162
1,72269;;;2,224365438
1,72319;;;11,07500326
1,72369;;;21,75680753
1,72419;;;32,13341739
1,72469;;;38,84769436
1,72519;;;41,59444403
1,72569;;;42,20483285
1,72619;;;40,06847199
1,72669;;;37,01652792
1,72719;;;35,49055588
1,72769;;;35,18536147
1,72819;;;31,82822299
1,72869;;;24,80875161
1,72919;;;23,28277957
1,72969;;;29,08147332
1,73019;;;31,21783417
1,73069;;;20,23083549
1,73119;;;5,276309515
1,73169;;;0,08800458433
1,73219;;;0,393198992
1,73269;;;-6,321077977
1,73319;;;-21,27560395
1,73369;;;-33,48338026
1,73419;;;-39,28207401
1,73469;;;-44,77557335
1,73519;;;-51,79504472
1,73569;;;-53,01582236
1,73619;;;-48,13271183
1,73669;;;-45,38596216
1,73719;;;-47,21712861
1,73769;;;-47,21712861
1,73819;;;-42,63921249
1,73869;;;-38,67168519
1,73919;;;-36,84051875
1,73969;;;-33,17818586
1,74019;;;-27,0742977
1,74069;;;-23,71715922
1,74119;;;-24,63274244
1,74169;;;-23,1067704
1,74219;;;-15,78210462
1,74269;;;-6,321077977
1,74319;;;2,224365438
1,74369;;;13,21136412
1,74419;;;25,41914042
1,74469;;;33,96458384
1,74519;;;36,10094469
1,74569;;;35,18536147
1,74619;;;34,26977825
1,74669;;;32,4386118
1,74719;;;29,99705654
1,74769;;;28,16589009
1,74819;;;26,63991805
1,74869;;;22,67239075
1,74919;;;16,87369701
1,74969;;;12,29578089
1,75019;;;9,854225631
1,75069;;;6,497087146
1,75119;;;3,139948661
1,75169;;;1,003587807
1,75219;;;-2,658745085
1,75269;;;-13,34054935
1,75319;;;-27,98988092
1,75369;;;-39,28207401
1,75419;;;-46,30154539
1,75469;;;-53,01582236
1,75519;;;-59,42490492
1,75569;;;-60,95087696
1,75619;;;-57,89893288
1,75669;;;-55,76257203
1,75719;;;-55,76257203
1,75769;;;-54,54179439
1,75819;;;-50,8794615
1,75869;;;-47,52232302
1,75919;;;-45,08076776
1,75969;;;-39,89246282
1,76019;;;-33,17818586
1,76069;;;-29,82104737
1,76119;;;-30,43143619
1,76169;;;-27,37949211
1,76219;;;-18,52885429
1,76269;;;-7,847050016
1,76319;;;1,308782215
1,76369;;;12,90616971
1,76419;;;25,41914042
1,76469;;;34,57497265
1,76519;;;37,01652792
1,76569;;;36,71133351
1,76619;;;36,4061391
1,76669;;;34,26977825
1,76719;;;30,91263976
1,76769;;;29,38666772
1,76819;;;29,38666772
1,76869;;;26,63991805
1,76919;;;19,92564108
1,76969;;;13,51655852
1,77019;;;10,76980885
1,77069;;;9,243836815
1,77119;;;6,497087146
1,77168;;;3,750337477
1,77218;;;-0,8275786388
1,77268;;;-10,59379969
1,77318;;;-23,71715922
1,77368;;;-35,0093523
1,77418;;;-42,9444069
1,77468;;;-49,96387828
1,77518;;;-55,15218321
1,77568;;;-54,8469888
1,77618;;;-50,26907269
1,77668;;;-46,9119342
1,77718;;;-45,99635098
1,77768;;;-42,9444069
1,77818;;;-37,14571316
1,77868;;;-31,95740822
1,77918;;;-28,60026974
1,77968;;;-21,88599277
1,78018;;;-12,73016054
1,78068;;;-7,847050016
1,78118;;;-8,457438831
1,78168;;;-6,626272385
1,78218;;;1,919171031
1,78268;;;14,43214175
1,78318;;;26,33472365
1,78368;;;39,45808318
1,78418;;;53,19183152
1,78468;;;63,26324698
1,78518;;;66,62038546
1,78568;;;67,84116309
1,78618;;;69,06194072
1,78668;;;67,53596869
1,78718;;;63,26324698
1,78768;;;59,90610849
1,78818;;;59,60091409
1,78868;;;57,46455323
1,78918;;;51,36066508
1,78968;;;45,56197133
1,79018;;;43,42561048
1,79068;;;40,3736664
1,79118;;;34,57497265
1,79168;;;29,99705654
1,79218;;;27,25030687
1,79268;;;18,09447464
1,79318;;;-0,2171898234
1,79368;;;-17,61327106
1,79418;;;-21,88599277
1,79468;;;-18,83404869
1,79518;;;-21,58079836
1,79568;;;-32,56779704
1,79618;;;-41,72362927
1,79668;;;-42,02882368
1,79718;;;-38,06129638
1,79768;;;-35,0093523
1,79818;;;-33,48338026
1,79868;;;-30,73663059
1,79918;;;-26,15871448
1,79968;;;-20,36002073
1,80018;;;-14,86652139
1,80068;;;-12,42496613
1,80118;;;-12,11977172
1,80168;;;-10,28860528
1,80218;;;-3,574328308
1,80268;;;7,717864777
1,80318;;;20,84122431
1,80368;;;34,57497265
1,80418;;;46,47755455
1,80468;;;54,41260916
1,80518;;;57,76974764
1,80568;;;58,07494205
1,80618;;;56,2437756
1,80668;;;52,2762483
1,80718;;;47,69833219
1,80768;;;44,64638811
1,80818;;;42,20483285
1,80868;;;37,32172232
1,80918;;;30,30225095
1,80968;;;24,19836279
1,81018;;;19,62044668
1,81068;;;14,73733615
1,81118;;;10,76980885
1,81168;;;7,717864777
1,81218;;;1,613976623
1,81268;;;-11,2041885
1,81318;;;-28,29507533
1,81368;;;-42,02882368
1,81418;;;-50,57426709
1,81468;;;-58,50932169
1,81518;;;-65,52879307
1,81568;;;-66,7495707
1,81618;;;-62,17165459
1,81668;;;-58,20412729
1,81718;;;-58,20412729
1,81768;;;-56,98334966
1,81818;;;-51,79504472
1,81868;;;-45,99635098
1,81918;;;-41,72362927
1,81968;;;-35,92493552
1,82018;;;-28,60026974
1,82068;;;-23,41196481
1,82118;;;-22,19118718
1,82168;;;-19,44443751
1,82218;;;-9,98341087
1,82268;;;3,750337477
1,82318;;;18,70486345
1,82368;;;33,35419502
1,82418;;;47,69833219
1,82468;;;58,68533086
1,82518;;;64,1788302
1,82568;;;64,78921902
1,82618;;;63,26324698
1,82668;;;61,12688612
1,82718;;;59,60091409
1,82768;;;58,07494205
1,82817;;;55,63338679
1,82867;;;51,36066508
1,82917;;;46,78274896
1,82967;;;43,42561048
1,83017;;;40,06847199
1,83067;;;36,4061391
1,83117;;;33,96458384
1,83167;;;32,4386118
1,83217;;;26,33472365
1,83267;;;12,6009753
1,83317;;;-3,2691339
1,83367;;;-16,08729902
1,83417;;;-25,85352007
1,83467;;;-35,92493552
1,83517;;;-42,63921249
1,83567;;;-42,02882368
1,83617;;;-37,45090756
1,83667;;;-35,31454671
1,83717;;;-35,0093523
1,83767;;;-31,34701941
1,83817;;;-25,54832566
1,83867;;;-21,88599277
1,83917;;;-19,1392431
1,83967;;;-13,64574376
1,84017;;;-6,321077977
1,84067;;;-2,963939493
1,84117;;;-3,574328308
1,84167;;;-1,132773046
1,84217;;;8,328253592
1,84267;;;21,75680753
1,84317;;;35,18536147
1,84367;;;48,91910982
1,84417;;;62,04246935
1,84467;;;71,80869039
1,84517;;;75,16582888
1,84567;;;74,25024566
1,84617;;;71,80869039
1,84667;;;68,1463575
1,84717;;;63,56844139
1,84767;;;58,99052527
1,84817;;;54,71780356
1,84867;;;50,13988745
1,84917;;;44,03599929
1,84967;;;37,01652792
1,85017;;;30,30225095
1,85067;;;25,41914042
1,85117;;;21,75680753
1,85167;;;16,87369701
1,85217;;;7,412670369
1,85267;;;-6,931466793
1,85317;;;-24,63274244
1,85367;;;-42,02882368
1,85417;;;-56,37296084
1,85467;;;-65,52879307
1,85517;;;-71,02229241
1,85567;;;-74,98981971
1,85617;;;-75,90540293
1,85667;;;-69,80151478
1,85717;;;-58,20412729
1,85767;;;-51,79504472
1,85817;;;-56,98334966
1,85867;;;-65,52879307
1,85917;;;-64,91840426
1,85967;;;-56,37296084
1,86017;;;-50,57426709
1,86067;;;-52,10023913
1,86117;;;-54,23659999
1,86167;;;-49,96387828
1,86217;;;-41,11324046
1,86267;;;-31,041825
1,86317;;;-18,52885429
1,86367;;;-3,574328308
1,86417;;;9,549031223
1,86467;;;17,48408582
1,86517;;;21,14641872
1,86567;;;22,06200194
1,86617;;;19,31525227
1,86667;;;14,73733615
1,86717;;;11,99058648
1,86767;;;11,07500326
1,86817;;;8,023059185
1,86867;;;2,529559846
1,86917;;;-1,132773046
1,86967;;;-2,963939493
1,87017;;;-5,710689162
1,87067;;;-9,98341087
1,87117;;;-12,11977172
1,87167;;;-12,73016054
1,87217;;;-18,83404869
1,87267;;;-33,17818586
1,87317;;;-49,04829506
1,87367;;;-61,25607136
1,87417;;;-71,32748682
1,87467;;;-81,70409668
1,87517;;;-87,80798483
1,87567;;;-85,67162398
1,87617;;;-80,17812464
1,87667;;;-76,21059734
1,87717;;;-73,15865326
1,87767;;;-67,05476511
1,87817;;;-59,42490492
1,87867;;;-53,32101676
1,87917;;;-46,60673979
1,87967;;;-37,45090756
1,88017;;;-29,51585296
1,88067;;;-26,46390889
1,88117;;;-25,85352007
1,88167;;;-20,36002073
1,88217;;;-8,457438831
1,88267;;;5,581503923
1,88317;;;21,75680753
1,88367;;;39,15288877
1,88416;;;55,02299797
1,88466;;;65,09441342
1,88516;;;69,36713513
1,88566;;;70,58791276
1,88616;;;69,97752395
1,88666;;;67,23077428
1,88716;;;64,48402461
1,88766;;;62,34766376
1,88816;;;58,99052527
1,88866;;;53,19183152
1,88916;;;47,08794337
1,88966;;;42,51002725
1,89016;;;37,01652792
1,89066;;;30,30225095
1,89116;;;25,41914042
1,89166;;;22,06200194
1,89216;;;13,82175293
1,89266;;;-3,2691339
1,89316;;;-22,80157599
1,89366;;;-37,75610197
1,89416;;;-49,65868387
1,89466;;;-61,56126577
1,89516;;;-69,80151478
1,89566;;;-69,49632037
1,89616;;;-64,61320985
1,89666;;;-62,17165459
1,89716;;;-61,25607136
1,89766;;;-56,67815525
1,89816;;;-48,74310065
1,89866;;;-42,63921249
1,89916;;;-38,36649079
1,89966;;;-31,65221382
1,90016;;;-24,02235362
1,90066;;;-19,44443751
1,90116;;;-17,30807665
1,90166;;;-11,50938291
1,90216;;;0,393198992
1,90266;;;16,26330819
1,90316;;;33,35419502
1,90366;;;51,05547067
1,90416;;;67,23077428
1,90466;;;77,60738414
1,90516;;;83,10088348
1,90566;;;85,23724433
1,90616;;;85,84763315
1,90666;;;83,71127229
1,90716;;;80,65932822
1,90766;;;78,82816177
1,90816;;;76,99699533
1,90866;;;72,1138848
1,90916;;;65,70480224
1,90966;;;60,51649731
1,91016;;;57,15935882
1,91066;;;53,80222034
1,91116;;;50,44508186
1,91166;;;46,47755455
1,91216;;;39,15288877
1,91266;;;24,80875161
1,91316;;;6,191892738
1,91366;;;-10,28860528
1,91416;;;-22,49638159
1,91466;;;-32,56779704
1,91516;;;-40,19765723
1,91566;;;-42,33401809
1,91616;;;-38,67168519
1,91666;;;-33,17818586
1,91716;;;-30,43143619
1,91766;;;-28,60026974
1,91816;;;-24,32754803
1,91866;;;-17,30807665
1,91916;;;-11,81457732
1,91966;;;-9,067827647
1,92016;;;-4,489911531
1,92066;;;4,6659207
1,92116;;;15,65291938
1,92166;;;20,84122431
1,92216;;;20,23083549
1,92266;;;22,67239075
1,92316;;;35,79575029
1,92366;;;55,02299797
1,92416;;;70,28271836
1,92466;;;76,38660651
1,92516;;;76,99699533
1,92566;;;75,77621769
1,92616;;;71,80869039
1,92666;;;65,39960783
1,92716;;;58,99052527
1,92766;;;53,19183152
1,92816;;;45,56197133
1,92866;;;35,18536147
1,92916;;;25,11394602
1,92966;;;16,5685026
1,93016;;;7,412670369
1,93066;;;-1,437967454
1,93116;;;-8,152244424
1,93166;;;-14,56132699
1,93216;;;-26,76910329
1,93266;;;-46,9119342
1,93316;;;-68,88593156
1,93366;;;-87,50279043
1,93416;;;-103,3728996
1,93466;;;-117,7170368
1,93516;;;-126,872869
1,93566;;;-128,0936467
1,93616;;;-125,9572858
1,93666;;;-125,0417026
1,93716;;;-124,7365082
1,93766;;;-121,0741753
1,93816;;;-115,8858703
1,93866;;;-111,918343
1,93916;;;-107,9508157
1,93966;;;-101,2365388
1,94016;;;-95,13265062
1,94065;;;-92,99628976
1,94115;;;-92,69109536
1,94165;;;-87,19759602
1,94215;;;-75,90540293
1,94265;;;-60,95087696
1,94315;;;-43,55479572
1,94365;;;-24,63274244
1,94415;;;-7,847050016
1,94465;;;2,834754254
1,94515;;;8,633448
1,94565;;;12,29578089
1,94615;;;13,21136412
1,94665;;;11,07500326
1,94715;;;9,243836815
1,94765;;;10,76980885
1,94815;;;11,38019767
1,94865;;;7,412670369
1,94915;;;1,308782215
1,94965;;;-1,437967454
1,95015;;;-2,963939493
1,95065;;;-5,405494754
1,95115;;;-6,01588357
1,95165;;;-4,795105939
1,95215;;;-8,152244424
1,95265;;;-21,58079836
1,95315;;;-39,58726842
1,95365;;;-52,71062795
1,95415;;;-60,34048814
1,95465;;;-67,05476511
1,95515;;;-71,63268123
1,95565;;;-68,58073715
1,95615;;;-59,42490492
1,95665;;;-51,48985032
1,95715;;;-46,30154539
1,95765;;;-38,67168519
1,95815;;;-28,60026974
1,95865;;;-19,74963192
1,95915;;;-12,73016054
1,95965;;;-3,574328308
1,96015;;;5,886698331
1,96065;;;11,68539208
1,96115;;;15,34772497
1,96165;;;23,58797398
1,96215;;;38,54249995
1,96265;;;56,85416442
1,96315;;;75,16582888
1,96365;;;94,39307656
1,96415;;;112,3995466
1,96465;;;124,9125173
1,96515;;;130,4060167
1,96565;;;131,3215999
1,96615;;;129,7956279
1,96665;;;126,133295
1,96715;;;122,4709621
1,96765;;;119,1138236
1,96815;;;113,9255187
1,96865;;;105,3800752
1,96915;;;97,13982623
1,96965;;;92,25671571
1,97015;;;88,28918841
1,97065;;;82,79568907
1,97115;;;77,30218973
1,97165;;;73,33466243
1,97215;;;64,78921902
1,97265;;;47,08794337
1,97315;;;25,41914042
1,97365;;;8,938642408
1,97415;;;-2,658745085
1,97465;;;-14,25613258
1,97515;;;-23,1067704
1,97565;;;-23,41196481
1,97615;;;-18,83404869
1,97665;;;-16,39249343
1,97715;;;-16,08729902
1,97765;;;-11,81457732
1,97815;;;-4,184717123
1,97865;;;0,08800458433
1,97915;;;2,834754254
1,97965;;;9,243836815
1,98015;;;18,39966905
1,98065;;;21,14641872
1,98115;;;18,70486345
1,98165;;;22,36719635
1,98215;;;36,10094469
1,98265;;;52,58144271
1,98315;;;66,62038546
1,98365;;;82,79568907
1,98415;;;101,4125479
1,98465;;;112,0943522
1,98515;;;110,5683802
1,98565;;;107,2112417
1,98615;;;112,0943522
1,98665;;;118,5034348
1,98715;;;113,3151298
1,98765;;;95,00346538
1,98815;;;76,99699533
1,98865;;;68,1463575
1,98915;;;64,1788302
1,98965;;;58,07494205
1,99015;;;48,61391541
1,99065;;;40,06847199
1,99115;;;35,79575029
1,99165;;;32,13341739
1,99215;;;21,45161312
1,99265;;;1,613976623
1,99315;;;-21,27560395
1,99365;;;-40,80804605
1,99415;;;-55,15218321
1,99465;;;-67,35995952
1,99515;;;-76,21059734
1,99565;;;-78,34695819
1,99615;;;-75,90540293
1,99664;;;-74,07423649
1,99714;;;-73,15865326
1,99764;;;-69,80151478
1,99814;;;-64,00282103
1,99864;;;-59,11971051
1,99914;;;-54,8469888
1,99964;;;-48,13271183
2,00014;;;-41,41843486
2,00064;;;-38,9768796
2,00114;;;-39,58726842
2,00164;;;-35,31454671
2,00214;;;-23,1067704
2,00264;;;-8,152244424
2,00314;;;7,107475961
2,00364;;;23,28277957
2,00414;;;38,54249995
2,00464;;;48,00352659
2,00514;;;49,83469304
2,00564;;;48,00352659
2,00614;;;44,95158252
2,00664;;;39,76327759
2,00714;;;33,65938943
2,00764;;;28,4710845
2,00814;;;23,89316839
2,00864;;;15,95811378
2,00914;;;6,191892738
2,00964;;;-1,132773046
2,01014;;;-5,405494754
2,01064;;;-9,373022054
2,01114;;;-14,25613258
2,01164;;;-19,44443751
2,01214;;;-28,29507533
2,01264;;;-45,99635098
2,01314;;;-67,66515393
2,01364;;;-85,06123516
2,01414;;;-96,04823384
2,01464;;;-105,2040661
2,01514;;;-112,8339263
2,01564;;;-113,1391207
2,01614;;;-107,0352325
2,01664;;;-101,5417332
2,01714;;;-99,10017792
2,01764;;;-93,30148417
2,01814;;;-83,53526313
2,01864;;;-76,21059734
2,01914;;;-71,32748682
2,01964;;;-62,7820434
2,02014;;;-50,57426709
2,02064;;;-44,77557335
2,02114;;;-46,60673979
2,02164;;;-42,33401809
2,02214;;;-24,02235362
2,02264;;;-2,353550677
2,02314;;;8,938642408
2,02364;;;15,34772497
2,02414;;;29,38666772
2,02464;;;49,22430422
2,02514;;;63,56844139
2,02564;;;67,84116309
2,02614;;;67,53596869
2,02664;;;66,92557987
2,02714;;;64,1788302
2,02764;;;59,29571968
2,02814;;;55,32819238
2,02864;;;52,2762483
2,02914;;;45,86716574
2,02964;;;37,62691673
2,03014;;;31,21783417
2,03064;;;27,25030687
2,03114;;;23,58797398
2,03164;;;19,31525227
2,03214;;;14,73733615
2,03264;;;5,886698331
2,03314;;;-10,89899409
2,03364;;;-32,56779704
2,03414;;;-50,57426709
2,03464;;;-63,39243222
2,03514;;;-73,76904208
2,03564;;;-81,39890227
2,03614;;;-81,70409668
2,03664;;;-76,51579175
2,03714;;;-71,93787563
2,03764;;;-69,19112596
2,03814;;;-64,91840426
2,03864;;;-57,59373847
2,03914;;;-50,26907269
2,03964;;;-43,85999012
2,04014;;;-35,61974112
2,04064;;;-27,0742977
2,04114;;;-22,80157599
2,04164;;;-20,97040955
2,04214;;;-15,1717158
2,04264;;;-1,743161862
2,04314;;;15,65291938
2,04364;;;34,88016706
2,04414;;;54,71780356
2,04464;;;71,80869039
2,04514;;;82,49049466
2,04564;;;86,45802196
2,04614;;;87,37360519
2,04664;;;86,45802196
2,04714;;;82,18530026
2,04764;;;76,0814121
2,04814;;;72,41907921
2,04864;;;69,67232954
2,04914;;;62,95805257
2,04964;;;53,49702593
2,05014;;;47,08794337
2,05064;;;43,42561048
2,05114;;;37,32172232
2,05164;;;29,08147332
2,05214;;;25,41914042
2,05264;;;25,72433483
2,05313;;;18,09447464
2,05363;;;-5,100300347
2,05413;;;-35,92493552
2,05463;;;-58,8145161
2,05513;;;-68,88593156
2,05563;;;-70,717098
2,05613;;;-68,58073715
2,05663;;;-64,30801544
2,05713;;;-59,73009933
2,05763;;;-55,45737762
2,05813;;;-50,26907269
2,05863;;;-42,63921249
2,05913;;;-34,09376908
2,05963;;;-25,54832566
2,06013;;;-17,00288225
2,06063;;;-9,067827647
2,06113;;;-4,184717123
2,06163;;;-0,5223842311
2,06213;;;5,886698331
2,06263;;;19,01005786
2,06313;;;36,71133351
2,06363;;;55,93858119
2,06413;;;73,63985684
2,06463;;;87,67879959
2,06513;;;96,52943742
2,06563;;;100,1917703
2,06613;;;99,5813815
2,06663;;;95,61385419
2,06713;;;88,59438282
2,06763;;;80,96452263
2,06813;;;74,25024566
2,06863;;;66,92557987
2,06913;;;58,68533086
2,06963;;;50,13988745
2,07013;;;41,89963844
2,07063;;;33,35419502
2,07113;;;25,41914042
2,07163;;;21,14641872
2,07213;;;16,5685026
2,07263;;;4,360726292
2,07313;;;-16,69768784
2,07363;;;-38,67168519
2,07413;;;-54,54179439
2,07463;;;-67,35995952
2,07513;;;-80,17812464
2,07563;;;-87,80798483
2,07613;;;-85,67162398
2,07663;;;-79,87293023
2,07713;;;-76,82098616
2,07763;;;-74,6846253
2,07813;;;-67,97034833
2,07863;;;-59,42490492
2,07913;;;-53,62621117
2,07963;;;-48,13271183
2,08013;;;-39,28207401
2,08063;;;-31,65221382
2,08113;;;-29,82104737
2,08163;;;-29,51585296
2,08213;;;-22,19118718
2,08263;;;-7,847050016
2,08313;;;7,412670369
2,08363;;;23,28277957
2,08413;;;41,59444403
2,08463;;;58,07494205
2,08513;;;66,31519106
2,08563;;;66,62038546
2,08613;;;64,1788302
2,08663;;;60,2113029
2,08713;;;52,58144271
2,08763;;;43,73080489
2,08813;;;37,01652792
2,08863;;;31,21783417
2,08913;;;22,67239075
2,08963;;;11,99058648
2,09013;;;3,139948661
2,09063;;;-2,963939493
2,09113;;;-9,373022054
2,09163;;;-14,86652139
2,09213;;;-20,36002073
2,09263;;;-31,95740822
2,09313;;;-52,10023913
2,09363;;;-74,07423649
2,09413;;;-91,16512332
2,09463;;;-103,9832884
2,09513;;;-114,6650927
2,09563;;;-120,4637865
2,09613;;;-118,63262
2,09663;;;-112,8339263
2,09713;;;-107,9508157
2,09763;;;-103,0677052
2,09813;;;-94,82745621
2,09863;;;-85,67162398
2,09913;;;-78,04176379
2,09963;;;-69,80151478
2,10013;;;-59,42490492
2,10063;;;-49,65868387
2,10113;;;-44,77557335
2,10163;;;-40,80804605
2,10213;;;-31,95740822
2,10263;;;-16,69768784
2,10313;;;2,834754254
2,10363;;;25,11394602
2,10413;;;46,47755455
2,10463;;;62,65285816
2,10513;;;72,72427362
2,10563;;;78,82816177
2,10613;;;81,26971703
2,10663;;;78,21777296
2,10713;;;72,41907921
2,10763;;;69,06194072
2,10813;;;66,92557987
2,10863;;;60,51649731
2,10912;;;50,75027626
2,10962;;;44,03599929
2,11012;;;39,76327759
2,11062;;;32,74380621
2,11112;;;25,11394602
2,11162;;;22,97758516
2,11212;;;20,5360299
2,11262;;;6,191892738
2,11312;;;-16,39249343
2,11362;;;-31,65221382
2,11412;;;-37,45090756
2,11462;;;-49,35348946
2,11512;;;-72,54826445
2,11562;;;-89,94434569
2,11612;;;-87,80798483
2,11662;;;-77,43137497
2,11712;;;-74,07423649
2,11762;;;-74,6846253
2,11812;;;-68,58073715
2,11862;;;-58,20412729
2,11912;;;-51,79504472
2,11962;;;-47,21712861
2,12012;;;-37,75610197
2,12062;;;-27,37949211
2,12112;;;-23,41196481
2,12162;;;-23,41196481
2,12212;;;-16,69768784
2,12262;;;-1,132773046
2,12312;;;17,17889142
2,12362;;;36,4061391
2,12412;;;57,46455323
2,12462;;;76,0814121
2,12512;;;87,06841078
2,12562;;;91,03593808
2,12612;;;91,9515213
2,12662;;;90,73074367
2,12712;;;86,15282756
2,12762;;;80,96452263
2,12812;;;76,99699533
2,12862;;;71,80869039
2,12912;;;63,87363579
2,12962;;;55,32819238
2,13012;;;49,52949863
2,13062;;;44,3411937
2,13112;;;38,84769436
2,13162;;;34,88016706
2,13212;;;30,60744535
2,13262;;;19,62044668
2,13312;;;-0,2171898234
2,13362;;;-22,49638159
2,13412;;;-39,89246282
2,13462;;;-53,32101676
2,13512;;;-65,83398748
2,13562;;;-73,46384767
2,13612;;;-72,85345886
2,13662;;;-67,97034833
2,13712;;;-64,61320985
2,13762;;;-61,56126577
2,13812;;;-55,15218321
2,13862;;;-47,21712861
2,13912;;;-40,80804605
2,13962;;;-34,70415789
2,14012;;;-26,15871448
2,14062;;;-18,22365988
2,14112;;;-14,86652139
2,14162;;;-13,03535495
2,14212;;;-6,01588357
2,14262;;;7,412670369
2,14312;;;25,41914042
2,14362;;;45,86716574
2,14412;;;66,31519106
2,14462;;;82,49049466
2,14512;;;91,64632689
2,14562;;;95,00346538
2,14612;;;95,00346538
2,14662;;;91,34113249
2,14712;;;84,62685552
2,14762;;;77,91257855
2,14812;;;72,41907921
2,14862;;;66,00999665
2,14912;;;57,15935882
2,14962;;;48,308721
2,15012;;;40,3736664
2,15062;;;31,82822299
2,15112;;;23,89316839
2,15162;;;19,01005786
2,15212;;;14,12694734
2,15262;;;1,308782215
2,15312;;;-20,36002073
2,15362;;;-42,9444069
2,15412;;;-59,42490492
2,15462;;;-72,54826445
2,15512;;;-84,75604076
2,15562;;;-91,77551213
2,15612;;;-89,94434569
2,15662;;;-84,45084635
2,15712;;;-80,48331905
2,15762;;;-76,51579175
2,15812;;;-69,19112596
2,15862;;;-61,25607136
2,15912;;;-55,15218321
2,15962;;;-48,13271183
2,16012;;;-37,45090756
2,16062;;;-27,37949211
2,16112;;;-23,1067704
2,16162;;;-21,27560395
2,16212;;;-14,86652139
2,16262;;;-0,2171898234
2,16312;;;18,70486345
2,16362;;;39,76327759
2,16412;;;59,60091409
2,16462;;;75,16582888
2,16512;;;84,93204993
2,16561;;;89,81516045
2,16611;;;90,42554926
2,16661;;;86,45802196
2,16711;;;80,35413381
2,16761;;;75,16582888
2,16811;;;70,58791276
2,16861;;;64,48402461
2,16911;;;57,15935882
2,16961;;;50,13988745
2,17011;;;43,42561048
2,17061;;;35,49055588
2,17111;;;29,08147332
2,17161;;;26,63991805
2,17211;;;22,67239075
2,17261;;;8,633448
2,17311;;;-12,73016054
2,17361;;;-32,26260263
2,17411;;;-46,9119342
2,17461;;;-60,95087696
2,17511;;;-72,54826445
2,17561;;;-76,21059734
2,17611;;;-72,85345886
2,17661;;;-69,80151478
2,17711;;;-65,83398748
2,17761;;;-54,23659999
2,17811;;;-38,36649079
2,17861;;;-32,26260263
2,17911;;;-37,14571316
2,17961;;;-38,67168519
2,18011;;;-28,60026974
2,18061;;;-17,00288225
2,18111;;;-13,64574376
2,18161;;;-13,64574376
2,18211;;;-6,321077977
2,18261;;;8,023059185
2,18311;;;24,5035572
2,18361;;;42,51002725
2,18411;;;61,73727494
2,18461;;;77,30218973
2,18511;;;84,93204993
2,18561;;;87,06841078
2,18611;;;87,06841078
2,18661;;;84,62685552
2,18711;;;78,52296736
2,18761;;;72,41907921
2,18811;;;67,53596869
2,18861;;;61,12688612
2,18911;;;51,66585949
2,18961;;;42,51002725
2,19011;;;35,49055588
2,19061;;;28,16589009
2,19111;;;20,5360299
2,19161;;;15,95811378
2,19211;;;11,38019767
2,19261;;;-1,132773046
2,19311;;;-23,1067704
2,19361;;;-44,77557335
2,19411;;;-60,64568255
2,19461;;;-74,07423649
2,19511;;;-86,5872072
2,19561;;;-92,08070654
2,19611;;;-88,41837365
2,19661;;;-82,6196799
2,19711;;;-80,48331905
2,19761;;;-78,04176379
2,19811;;;-71,02229241
2,19861;;;-62,17165459
2,19911;;;-55,76257203
2,19961;;;-49,65868387
2,20011;;;-41,11324046
2,20061;;;-34,09376908
2,20111;;;-31,65221382
2,20161;;;-30,12624178
2,20211;;;-22,49638159
2,20261;;;-8,457438831
2,20311;;;8,328253592
2,20361;;;27,25030687
2,20411;;;46,47755455
2,20461;;;62,04246935
2,20511;;;70,58791276
2,20561;;;74,55544006
2,20611;;;75,16582888
2,20661;;;72,1138848
2,20711;;;66,62038546
2,20761;;;61,43208053
2,20811;;;57,46455323
2,20861;;;50,75027626
2,20911;;;41,59444403
2,20961;;;32,74380621
2,21011;;;26,33472365
2,21061;;;19,92564108
2,21111;;;13,21136412
2,21161;;;8,023059185
2,21211;;;1,919171031
2,21261;;;-11,81457732
2,21311;;;-33,17818586
2,21361;;;-54,23659999
2,21411;;;-70,10670919
2,21461;;;-84,14565194
2,21511;;;-96,65862266
2,21561;;;-102,4573164
2,21611;;;-99,40537233
2,21661;;;-94,2170674
2,21711;;;-91,16512332
2,21761;;;-87,19759602
2,21811;;;-79,56773583
2,21861;;;-71,63268123
2,21911;;;-66,13918189
2,21961;;;-58,50932169
2,22011;;;-47,21712861
2,22061;;;-38,06129638
2,22111;;;-35,31454671
2,22160;;;-33,17818586
2,22210;;;-24,02235362
2,22260;;;-7,847050016
2,22310;;;10,76980885
2,22360;;;31,21783417
2,22410;;;52,88663712
2,22460;;;70,58791276
2,22510;;;80,65932822
2,22560;;;84,93204993
2,22610;;;86,45802196
2,22660;;;84,62685552
2,22710;;;80,0489394
2,22760;;;75,47102329
2,22810;;;72,1138848
2,22860;;;66,62038546
2,22910;;;57,76974764
2,22960;;;49,22430422
2,23010;;;42,51002725
2,23060;;;35,49055588
2,23110;;;28,77627891
2,23160;;;24,80875161
2,23210;;;20,23083549
2,23260;;;6,802281554
2,23310;;;-15,1717158
2,23360;;;-36,23012993
2,23410;;;-51,48985032
2,23460;;;-64,91840426
2,23510;;;-78,04176379
2,23560;;;-83,53526313
2,23610;;;-79,56773583
2,23660;;;-74,6846253
2,23710;;;-73,46384767
2,23760;;;-70,10670919
2,23810;;;-61,56126577
2,23860;;;-53,93140558
2,23910;;;-49,35348946
2,23960;;;-41,11324046
2,24010;;;-28,29507533
2,24060;;;-20,66521514
2,24110;;;-20,97040955
2,24160;;;-15,47691021
2,24210;;;4,360726292
2,24260;;;27,86069569
2,24310;;;40,3736664
2,24360;;;47,69833219
2,24410;;;62,34766376
2,24460;;;82,49049466
2,24510;;;95,9190486
2,24560;;;98,05540946
2,24610;;;96,22424301
2,24660;;;94,39307656
2,24710;;;90,73074367
2,24760;;;84,93204993
2,24810;;;79,43855059
2,24860;;;74,25024566
2,24910;;;67,23077428
2,24960;;;58,68533086
2,25010;;;50,44508186
2,25060;;;43,12041607
2,25110;;;37,32172232
2,25160;;;33,96458384
2,25210;;;29,08147332
2,25260;;;15,34772497
2,25310;;;-7,236661201
2,25360;;;-29,51585296
2,25410;;;-45,69115657
2,25460;;;-59,42490492
2,25510;;;-72,54826445
2,25560;;;-79,87293023
2,25610;;;-77,73656938
2,25660;;;-71,63268123
2,25710;;;-69,19112596
2,25760;;;-67,66515393
2,25810;;;-61,86646018
2,25860;;;-53,62621117
2,25910;;;-46,9119342
2,25960;;;-40,80804605
2,26010;;;-32,56779704
2,26060;;;-24,93793685
2,26110;;;-21,58079836
2,26160;;;-19,44443751
2,26210;;;-12,11977172
2,26260;;;1,919171031
2,26310;;;20,23083549
2,26360;;;39,76327759
2,26410;;;58,68533086
2,26460;;;73,63985684
2,26510;;;82,49049466
2,26560;;;86,15282756
2,26610;;;85,54243874
2,26660;;;81,57491144
2,26710;;;76,0814121
2,26760;;;71,19830158
2,26810;;;66,00999665
2,26860;;;58,68533086
2,26910;;;49,52949863
2,26960;;;41,28924962
2,27010;;;34,57497265
2,27060;;;27,25030687
2,27110;;;21,45161312
2,27160;;;17,78928023
2,27210;;;12,29578089
2,27260;;;-1,437967454
2,27310;;;-22,19118718
2,27360;;;-42,63921249
2,27410;;;-59,42490492
2,27460;;;-74,6846253
2,27510;;;-87,19759602
2,27560;;;-92,38590095
2,27610;;;-90,2495401
2,27660;;;-86,5872072
2,27710;;;-84,45084635
2,27760;;;-79,87293023
2,27809;;;-71,93787563
2,27859;;;-64,61320985
2,27909;;;-59,73009933
2,27959;;;-53,62621117
2,28009;;;-44,47037894
2,28059;;;-38,06129638
2,28109;;;-36,53532434
2,28159;;;-34,70415789
2,28209;;;-26,15871448
2,28259;;;-11,81457732
2,28309;;;5,276309515
2,28359;;;24,5035572
2,28409;;;43,12041607
2,28459;;;57,76974764
2,28509;;;66,31519106
2,28559;;;70,28271836
2,28609;;;69,67232954
2,28659;;;64,78921902
2,28709;;;58,38013646
2,28759;;;54,10741475
2,28809;;;50,44508186
2,28859;;;43,42561048
2,28909;;;34,26977825
2,28959;;;26,63991805
2,29009;;;20,5360299
2,29059;;;13,51655852
2,29109;;;7,717864777
2,29159;;;5,581503923
2,29209;;;1,613976623
2,29259;;;-12,11977172
2,29309;;;-34,39896349
2,29359;;;-55,15218321
2,29409;;;-70,41190359
2,29459;;;-83,53526313
2,29509;;;-95,13265062
2,29559;;;-98,79498351
2,29609;;;-95,43784503
2,29659;;;-91,77551213
2,29709;;;-90,2495401
2,29759;;;-85,67162398
2,29809;;;-77,12618056
2,29859;;;-69,19112596
2,29909;;;-63,08723781
2,29959;;;-54,23659999
2,30009;;;-43,55479572
2,30059;;;-35,92493552
2,30109;;;-32,87299145
2,30159;;;-29,51585296
2,30209;;;-21,27560395
2,30259;;;-7,847050016
2,30309;;;10,76980885
2,30359;;;33,65938943
2,30409;;;52,2762483
2,30459;;;63,26324698
2,30509;;;72,1138848
2,30559;;;85,23724433
2,30609;;;94,08788216
2,30659;;;87,06841078
2,30709;;;69,06194072
2,30759;;;56,85416442
2,30809;;;54,41260916
2,30859;;;51,36066508
2,30909;;;42,20483285
2,30959;;;33,65938943
2,31009;;;29,38666772
2,31059;;;24,80875161
2,31109;;;19,31525227
2,31159;;;16,26330819
2,31209;;;12,6009753
2,31259;;;0,08800458433
2,31309;;;-21,58079836
2,31359;;;-42,02882368
2,31409;;;-55,76257203
2,31459;;;-67,66515393
2,31509;;;-78,6521526
2,31559;;;-83,23006872
2,31609;;;-79,56773583
2,31659;;;-74,37943089
2,31709;;;-71,63268123
2,31759;;;-66,7495707
2,31809;;;-58,20412729
2,31859;;;-50,26907269
2,31909;;;-44,77557335
2,31959;;;-36,84051875
2,32009;;;-25,54832566
2,32059;;;-17,61327106
2,32109;;;-15,47691021
2,32159;;;-12,73016054
2,32209;;;-3,2691339
2,32259;;;11,99058648
2,32309;;;30,60744535
2,32359;;;51,36066508
2,32409;;;71,80869039
2,32459;;;87,06841078
2,32509;;;95,30865979
2,32559;;;99,27618709
2,32609;;;99,8865759
2,32659;;;96,83463183
2,32709;;;91,34113249
2,32759;;;87,67879959
2,32809;;;84,32166111
2,32859;;;78,52296736
2,32909;;;69,97752395
2,32959;;;62,34766376
2,33009;;;56,54897001
2,33059;;;50,13988745
2,33109;;;44,95158252
2,33159;;;42,81522166
2,33209;;;38,54249995
2,33259;;;23,89316839
2,33309;;;1,003587807
2,33359;;;-20,36002073
2,33408;;;-35,61974112
2,33458;;;-48,74310065
2,33508;;;-60,34048814
2,33558;;;-65,83398748
2,33608;;;-63,08723781
2,33658;;;-58,8145161
2,33708;;;-56,06776643
2,33758;;;-52,40543354
2,33808;;;-44,77557335
2,33858;;;-36,84051875
2,33908;;;-30,73663059
2,33958;;;-23,71715922
2,34008;;;-14,86652139
2,34058;;;-8,152244424
2,34108;;;-6,321077977
2,34158;;;-4,795105939
2,34208;;;2,529559846
2,34258;;;17,17889142
2,34308;;;36,10094469
2,34358;;;56,2437756
2,34408;;;74,86063447
2,34458;;;88,59438282
2,34508;;;97,13982623
2,34558;;;100,4969647
2,34608;;;99,27618709
2,34658;;;94,08788216
2,34708;;;87,37360519
2,34758;;;81,88010585
2,34808;;;76,69180092
2,34858;;;69,06194072
2,34908;;;59,29571968
2,34958;;;50,13988745
2,35008;;;42,51002725
2,35058;;;35,18536147
2,35108;;;28,77627891
2,35158;;;24,19836279
2,35208;;;16,87369701
2,35258;;;1,003587807
2,35308;;;-20,97040955
2,35358;;;-42,02882368
2,35408;;;-59,11971051
2,35458;;;-73,15865326
2,35508;;;-85,06123516
2,35558;;;-91,16512332
2,35608;;;-91,16512332
2,35658;;;-88,41837365
2,35708;;;-85,36642957
2,35758;;;-80,48331905
2,35808;;;-74,37943089
2,35858;;;-67,97034833
2,35908;;;-61,56126577
2,35958;;;-53,62621117
2,36008;;;-45,69115657
2,36058;;;-40,50285164
2,36108;;;-37,75610197
2,36158;;;-34,39896349
2,36208;;;-27,37949211
2,36258;;;-14,25613258
2,36308;;;4,360726292
2,36358;;;26,02952924
2,36408;;;44,95158252
2,36458;;;59,29571968
2,36508;;;68,75674632
2,36558;;;73,02946802
2,36608;;;71,19830158
2,36658;;;66,92557987
2,36708;;;64,48402461
2,36758;;;61,43208053
2,36808;;;53,19183152
2,36858;;;44,95158252
2,36908;;;44,64638811
2,36958;;;48,91910982
2,37008;;;42,81522166
2,37058;;;24,5035572
2,37108;;;10,15942004
2,37158;;;8,938642408
2,37208;;;8,938642408
2,37258;;;-5,405494754
2,37308;;;-29,51585296
2,37358;;;-49,96387828
2,37408;;;-63,39243222
2,37458;;;-76,82098616
2,37508;;;-89,33395687
2,37558;;;-93,30148417
2,37608;;;-89,33395687
2,37658;;;-85,36642957
2,37708;;;-83,53526313
2,37758;;;-78,6521526
2,37808;;;-70,717098
2,37858;;;-64,00282103
2,37908;;;-58,20412729
2,37958;;;-49,35348946
2,38008;;;-39,28207401
2,38058;;;-33,78857467
2,38108;;;-31,95740822
2,38158;;;-27,98988092
2,38208;;;-17,91846547
2,38258;;;-2,353550677
2,38308;;;15,95811378
2,38358;;;37,01652792
2,38408;;;56,54897001
2,38458;;;70,89310717
2,38508;;;79,43855059
2,38558;;;84,0164667
2,38608;;;84,0164667
2,38658;;;79,43855059
2,38708;;;73,94505125
2,38758;;;70,28271836
2,38808;;;65,70480224
2,38858;;;57,46455323
2,38908;;;48,00352659
2,38958;;;40,98405522
2,39008;;;35,18536147
2,39057;;;28,16589009
2,39107;;;22,67239075
2,39157;;;20,5360299
2,39207;;;14,73733615
2,39257;;;-0,8275786388
2,39307;;;-22,80157599
2,39357;;;-42,33401809
2,39407;;;-57,59373847
2,39457;;;-71,32748682
2,39507;;;-82,6196799
2,39557;;;-86,89240161
2,39607;;;-85,06123516
2,39657;;;-82,00929109
2,39707;;;-79,26254142
2,39757;;;-73,76904208
2,39807;;;-66,13918189
2,39857;;;-59,73009933
2,39907;;;-54,54179439
2,39957;;;-46,30154539
2,40007;;;-36,84051875
2,40057;;;-30,73663059
2,40107;;;-28,90546415
2,40157;;;-26,15871448
2,40207;;;-17,30807665
2,40257;;;-2,963939493
2,40307;;;15,04253056
2,40357;;;35,18536147
2,40407;;;53,80222034
2,40457;;;67,23077428
2,40507;;;75,47102329
2,40557;;;79,13335618
2,40607;;;78,21777296
2,40657;;;73,63985684
2,40707;;;68,45155191
2,40757;;;64,78921902
2,40807;;;59,60091409
2,40857;;;51,97105389
2,40907;;;44,3411937
2,40957;;;38,23730555
2,41007;;;31,52302858
2,41057;;;23,89316839
2,41107;;;19,31525227
2,41157;;;18,39966905
2,41207;;;12,90616971
2,41257;;;-3,2691339
2,41307;;;-24,93793685
2,41357;;;-43,85999012
2,41407;;;-58,8145161
2,41457;;;-73,15865326
2,41507;;;-84,14565194
2,41557;;;-87,50279043
2,41607;;;-85,36642957
2,41657;;;-82,6196799
2,41707;;;-79,26254142
2,41757;;;-72,54826445
2,41807;;;-64,30801544
2,41857;;;-57,59373847
2,41907;;;-50,57426709
2,41957;;;-41,11324046
2,42007;;;-32,56779704
2,42057;;;-27,98988092
2,42107;;;-25,54832566
2,42157;;;-20,66521514
2,42207;;;-12,11977172
2,42257;;;0,6983933997
2,42307;;;19,62044668
2,42357;;;41,59444403
2,42407;;;60,2113029
2,42457;;;71,80869039
2,42507;;;80,0489394
2,42557;;;85,84763315
2,42607;;;86,15282756
2,42657;;;80,35413381
2,42707;;;75,16582888
2,42757;;;72,72427362
2,42807;;;67,53596869
2,42857;;;57,15935882
2,42907;;;48,61391541
2,42957;;;44,3411937
2,43007;;;38,54249995
2,43057;;;29,69186213
2,43107;;;25,11394602
2,43157;;;25,11394602
2,43207;;;17,48408582
2,43257;;;-1,132773046
2,43307;;;-19,1392431
2,43357;;;-27,37949211
2,43407;;;-37,14571316
2,43457;;;-59,11971051
2,43507;;;-82,3144855
2,43557;;;-88,41837365
2,43607;;;-81,39890227
2,43657;;;-76,82098616
2,43707;;;-78,04176379
2,43757;;;-74,98981971
2,43807;;;-64,91840426
2,43857;;;-56,37296084
2,43907;;;-51,79504472
2,43957;;;-44,77557335
2,44007;;;-34,70415789
2,44057;;;-28,29507533
2,44107;;;-26,76910329
2,44157;;;-23,41196481
2,44207;;;-13,64574376
2,44257;;;1,003587807
2,44307;;;19,01005786
2,44357;;;39,15288877
2,44407;;;58,38013646
2,44457;;;71,80869039
2,44507;;;79,74374499
2,44557;;;84,0164667
2,44607;;;84,32166111
2,44656;;;80,35413381
2,44706;;;76,0814121
2,44756;;;73,33466243
2,44806;;;68,75674632
2,44856;;;59,60091409
2,44906;;;49,83469304
2,44956;;;43,73080489
2,45006;;;38,23730555
2,45056;;;30,30225095
2,45106;;;23,89316839
2,45156;;;21,75680753
2,45206;;;16,87369701
2,45256;;;0,6983933997
2,45306;;;-22,49638159
2,45356;;;-42,33401809
2,45406;;;-56,67815525
2,45456;;;-70,41190359
2,45506;;;-82,00929109
2,45556;;;-85,97681839
2,45606;;;-82,92487431
2,45656;;;-79,87293023
2,45706;;;-78,6521526
2,45756;;;-74,07423649
2,45806;;;-65,52879307
2,45856;;;-57,59373847
2,45906;;;-51,79504472
2,45956;;;-44,16518453
2,46006;;;-34,70415789
2,46056;;;-28,60026974
2,46106;;;-26,76910329
2,46156;;;-24,02235362
2,46206;;;-15,47691021
2,46256;;;-0,8275786388
2,46306;;;18,09447464
2,46356;;;38,54249995
2,46406;;;57,15935882
2,46456;;;70,28271836
2,46506;;;77,91257855
2,46556;;;81,57491144
2,46606;;;80,96452263
2,46656;;;76,69180092
2,46706;;;72,1138848
2,46756;;;68,45155191
2,46806;;;62,95805257
2,46856;;;54,41260916
2,46906;;;46,47755455
2,46956;;;40,98405522
2,47006;;;35,18536147
2,47056;;;26,94511246
2,47106;;;21,14641872
2,47156;;;19,31525227
2,47206;;;13,82175293
2,47256;;;-2,04835627
2,47306;;;-23,41196481
2,47356;;;-41,41843486
2,47406;;;-54,8469888
2,47456;;;-67,66515393
2,47506;;;-78,04176379
2,47556;;;-80,78851346
2,47606;;;-77,43137497
2,47656;;;-73,15865326
2,47706;;;-69,49632037
2,47756;;;-63,69762663
2,47806;;;-56,37296084
2,47856;;;-49,04829506
2,47906;;;-41,11324046
2,47956;;;-31,65221382
2,48006;;;-23,1067704
2,48056;;;-18,83404869
2,48106;;;-16,69768784
2,48156;;;-11,50938291
2,48206;;;-2,963939493
2,48256;;;9,854225631
2,48306;;;28,77627891
2,48356;;;50,44508186
2,48406;;;68,45155191
2,48456;;;79,13335618
2,48506;;;86,15282756
2,48556;;;91,64632689
2,48606;;;91,64632689
2,48656;;;85,23724433
2,48706;;;78,21777296
2,48756;;;74,86063447
2,48806;;;69,97752395
2,48856;;;60,51649731
2,48906;;;50,44508186
2,48956;;;44,03599929
2,49006;;;36,4061391
2,49056;;;26,63991805
2,49106;;;19,62044668
2,49156;;;16,5685026
2,49206;;;8,938642408
2,49256;;;-9,067827647
2,49306;;;-31,041825
2,49356;;;-49,96387828
2,49406;;;-66,13918189
2,49456;;;-81,09370786
2,49506;;;-90,5547345
2,49556;;;-92,08070654
2,49606;;;-91,16512332
2,49656;;;-89,63915128
2,49706;;;-80,17812464
2,49756;;;-63,08723781
2,49806;;;-53,01582236
2,49856;;;-56,67815525
2,49906;;;-61,56126577
2,49956;;;-53,62621117
2,50006;;;-39,28207401
2,50056;;;-32,26260263
2,50106;;;-31,95740822
2,50156;;;-27,37949211
2,50206;;;-14,86652139
2,50256;;;0,08800458433
2,50305;;;18,09447464
2,50355;;;40,3736664
2,50405;;;62,04246935
2,50455;;;74,55544006
2,50505;;;80,0489394
2,50555;;;83,71127229
2,50605;;;85,23724433
2,50655;;;81,26971703
2,50705;;;75,16582888
2,50755;;;72,1138848
2,50805;;;69,06194072
2,50855;;;60,51649731
2,50905;;;49,22430422
2,50955;;;41,59444403
2,51005;;;37,32172232
2,51055;;;31,82822299
2,51105;;;26,02952924
2,51155;;;22,67239075
2,51205;;;16,87369701
2,51255;;;1,308782215
2,51305;;;-20,66521514
2,51355;;;-40,50285164
2,51405;;;-55,45737762
2,51455;;;-68,27554274
2,51505;;;-78,34695819
2,51555;;;-81,09370786
2,51605;;;-78,34695819
2,51655;;;-74,6846253
2,51705;;;-71,32748682
2,51755;;;-65,52879307
2,51805;;;-57,59373847
2,51855;;;-50,8794615
2,51905;;;-44,47037894
2,51955;;;-36,23012993
2,52005;;;-27,0742977
2,52055;;;-22,19118718
2,52105;;;-20,05482632
2,52155;;;-16,08729902
2,52205;;;-6,931466793
2,52255;;;7,107475961
2,52305;;;26,02952924
2,52355;;;47,69833219
2,52405;;;66,62038546
2,52455;;;79,43855059
2,52505;;;86,45802196
2,52555;;;90,42554926
2,52605;;;90,42554926
2,52655;;;86,15282756
2,52705;;;81,57491144
2,52755;;;78,21777296
2,52805;;;72,72427362
2,52855;;;63,56844139
2,52905;;;54,71780356
2,52955;;;48,61391541
2,53005;;;41,89963844
2,53055;;;33,35419502
2,53105;;;27,55550128
2,53155;;;25,72433483
2,53205;;;19,01005786
2,53255;;;0,393198992
2,53305;;;-22,80157599
2,53355;;;-41,41843486
2,53405;;;-56,06776643
2,53455;;;-71,32748682
2,53505;;;-83,23006872
2,53555;;;-85,06123516
2,53605;;;-80,17812464
2,53655;;;-78,34695819
2,53705;;;-79,26254142
2,53755;;;-76,21059734
2,53805;;;-68,27554274
2,53855;;;-60,95087696
2,53905;;;-56,06776643
2,53955;;;-48,74310065
2,54005;;;-39,89246282
2,54055;;;-35,0093523
2,54105;;;-34,09376908
2,54155;;;-30,43143619
2,54205;;;-20,66521514
2,54255;;;-6,931466793
2,54305;;;10,15942004
2,54355;;;31,82822299
2,54405;;;52,58144271
2,54455;;;66,00999665
2,54505;;;71,19830158
2,54555;;;73,33466243
2,54605;;;73,94505125
2,54655;;;71,50349599
2,54705;;;66,62038546
2,54755;;;62,65285816
2,54805;;;58,38013646
2,54855;;;50,75027626
2,54905;;;41,59444403
2,54955;;;34,88016706
2,55005;;;29,08147332
2,55055;;;21,75680753
2,55105;;;15,34772497
2,55155;;;13,21136412
2,55205;;;8,328253592
2,55255;;;-7,541855608
2,55305;;;-30,43143619
2,55355;;;-50,26907269
2,55405;;;-64,00282103
2,55455;;;-77,12618056
2,55505;;;-88,41837365
2,55555;;;-91,16512332
2,55605;;;-86,89240161
2,55655;;;-83,53526313
2,55705;;;-82,00929109
2,55755;;;-74,98981971
2,55805;;;-64,61320985
2,55855;;;-58,20412729
2,55904;;;-53,93140558
2,55954;;;-43,55479572
2,56004;;;-30,43143619
2,56054;;;-26,15871448
2,56104;;;-27,37949211
2,56154;;;-16,39249343
2,56204;;;9,243836815
2,56254;;;28,4710845
2,56304;;;29,08147332
2,56354;;;26,33472365
2,56404;;;39,15288877
2,56454;;;62,04246935
2,56504;;;77,30218973
2,56554;;;81,88010585
2,56604;;;84,62685552
2,56654;;;85,84763315
2,56704;;;81,57491144
2,56754;;;73,63985684
2,56804;;;68,75674632
2,56854;;;65,09441342
2,56904;;;56,85416442
2,56954;;;45,86716574
2,57004;;;37,93211114
2,57054;;;32,4386118
2,57104;;;25,72433483
2,57154;;;19,62044668
2,57204;;;15,95811378
2,57254;;;9,243836815
2,57304;;;-7,236661201
2,57354;;;-30,12624178
2,57404;;;-49,65868387
2,57454;;;-64,30801544
2,57504;;;-77,43137497
2,57554;;;-88,41837365
2,57604;;;-92,08070654
2,57654;;;-89,02876246
2,57704;;;-85,36642957
2,57754;;;-82,3144855
2,57804;;;-76,82098616
2,57854;;;-69,49632037
2,57904;;;-62,17165459
2,57954;;;-55,15218321
2,58004;;;-46,30154539
2,58054;;;-37,14571316
2,58104;;;-31,95740822
2,58154;;;-29,51585296
2,58204;;;-24,63274244
2,58254;;;-15,1717158
2,58304;;;-0,8275786388
2,58354;;;18,09447464
2,58404;;;39,15288877
2,58454;;;57,76974764
2,58504;;;70,58791276
2,58554;;;78,21777296
2,58604;;;82,49049466
2,58654;;;81,88010585
2,58704;;;77,30218973
2,58754;;;72,72427362
2,58804;;;69,67232954
2,58854;;;64,48402461
2,58904;;;56,2437756
2,58954;;;48,00352659
2,59004;;;43,12041607
2,59054;;;37,93211114
2,59104;;;30,91263976
2,59154;;;25,72433483
2,59204;;;23,58797398
2,59254;;;17,48408582
2,59304;;;1,308782215
2,59354;;;-20,05482632
2,59404;;;-38,67168519
2,59454;;;-53,01582236
2,59504;;;-66,13918189
2,59554;;;-75,90540293
2,59604;;;-78,34695819
2,59654;;;-75,60020853
2,59704;;;-72,85345886
2,59754;;;-69,80151478
2,59804;;;-63,39243222
2,59854;;;-55,45737762
2,59904;;;-49,35348946
2,59954;;;-43,24960131
2,60004;;;-34,09376908
2,60054;;;-24,93793685
2,60104;;;-20,66521514
2,60154;;;-19,44443751
2,60204;;;-14,25613258
2,60254;;;-2,963939493
2,60304;;;11,68539208
2,60354;;;30,30225095
2,60404;;;52,58144271
2,60454;;;73,63985684
2,60504;;;86,45802196
2,60554;;;91,64632689
2,60604;;;93,47749334
2,60654;;;93,47749334
2,60704;;;90,42554926
2,60754;;;85,54243874
2,60804;;;82,18530026
2,60854;;;78,21777296
2,60904;;;70,89310717
2,60954;;;62,04246935
2,61004;;;55,32819238
2,61054;;;49,83469304
2,61104;;;43,12041607
2,61154;;;38,23730555
2,61204;;;35,79575029
2,61254;;;29,69186213
2,61304;;;12,6009753
2,61354;;;-10,59379969
2,61404;;;-30,73663059
2,61454;;;-45,08076776
2,61504;;;-58,50932169
2,61553;;;-70,10670919
2,61603;;;-74,37943089
2,61653;;;-71,93787563
2,61703;;;-70,10670919
2,61753;;;-70,717098
2,61803;;;-68,27554274
2,61853;;;-61,25607136
2,61903;;;-54,8469888
2,61953;;;-51,18465591
2,62003;;;-45,38596216
2,62053;;;-36,23012993
2,62103;;;-30,73663059
2,62153;;;-31,34701941
2,62203;;;-29,82104737
2,62253;;;-19,74963192
2,62303;;;-3,879522716
2,62353;;;12,6009753
2,62403;;;30,30225095
2,62453;;;48,91910982
2,62503;;;62,04246935
2,62553;;;65,39960783
2,62603;;;65,39960783
2,62653;;;70,28271836
2,62703;;;76,99699533
2,62753;;;75,16582888
2,62803;;;61,43208053
2,62853;;;45,25677692
2,62903;;;34,88016706
2,62953;;;29,99705654
2,63003;;;24,19836279
2,63053;;;15,65291938
2,63103;;;8,633448
2,63153;;;5,886698331
2,63203;;;4,360726292
2,63253;;;-3,574328308
2,63303;;;-20,66521514
2,63353;;;-41,11324046
2,63403;;;-59,11971051
2,63453;;;-74,07423649
2,63503;;;-87,19759602
2,63553;;;-96,04823384
2,63603;;;-97,87940029
2,63653;;;-94,82745621
2,63703;;;-91,47031773
2,63753;;;-88,11317924
2,63803;;;-82,00929109
2,63853;;;-74,37943089
2,63903;;;-67,05476511
2,63953;;;-59,42490492
2,64003;;;-49,35348946
2,64053;;;-39,89246282
2,64103;;;-34,70415789
2,64153;;;-32,87299145
2,64203;;;-28,29507533
2,64253;;;-17,61327106
2,64303;;;-1,743161862
2,64353;;;17,78928023
2,64403;;;40,06847199
2,64453;;;59,60091409
2,64503;;;73,02946802
2,64553;;;80,96452263
2,64603;;;85,84763315
2,64653;;;87,06841078
2,64703;;;83,40607789
2,64753;;;79,43855059
2,64803;;;77,60738414
2,64853;;;75,16582888
2,64903;;;68,1463575
2,64953;;;58,99052527
2,65003;;;51,66585949
2,65053;;;46,47755455
2,65103;;;41,59444403
2,65153;;;37,93211114
2,65203;;;35,49055588
2,65253;;;28,4710845
2,65303;;;12,29578089
2,65353;;;-8,152244424
2,65403;;;-26,15871448
2,65453;;;-40,50285164
2,65503;;;-53,93140558
2,65553;;;-64,00282103
2,65603;;;-66,7495707
2,65653;;;-63,39243222
2,65703;;;-60,34048814
2,65753;;;-57,89893288
2,65803;;;-52,71062795
2,65853;;;-45,08076776
2,65903;;;-38,67168519
2,65953;;;-33,17818586
2,66003;;;-25,54832566
2,66053;;;-17,91846547
2,66103;;;-13,64574376
2,66153;;;-12,42496613
2,66203;;;-9,373022054
2,66253;;;-0,5223842311
2,66303;;;13,21136412
2,66353;;;30,91263976
2,66403;;;50,44508186
2,66453;;;67,84116309
2,66503;;;79,74374499
2,66553;;;85,84763315
2,66603;;;87,67879959
2,66653;;;86,15282756
2,66703;;;81,88010585
2,66753;;;77,30218973
2,66803;;;73,02946802
2,66853;;;66,62038546
2,66903;;;57,46455323
2,66953;;;48,91910982
2,67003;;;42,20483285
2,67053;;;35,49055588
2,67103;;;28,16589009
2,67152;;;23,28277957
2,67202;;;20,23083549
2,67252;;;11,68539208
2,67302;;;-5,405494754
2,67352;;;-26,76910329
2,67402;;;-45,69115657
2,67452;;;-60,95087696
2,67502;;;-73,76904208
2,67552;;;-83,23006872
2,67602;;;-86,89240161
2,67652;;;-85,67162398
2,67702;;;-82,92487431
2,67752;;;-79,56773583
2,67802;;;-74,37943089
2,67852;;;-68,27554274
2,67902;;;-61,25607136
2,67952;;;-53,93140558
2,68002;;;-45,99635098
2,68052;;;-39,28207401
2,68102;;;-34,70415789
2,68152;;;-31,34701941
2,68202;;;-27,37949211
2,68252;;;-19,74963192
2,68302;;;-4,795105939
2,68352;;;16,26330819
2,68402;;;37,32172232
2,68452;;;52,88663712
2,68502;;;64,48402461
2,68552;;;73,63985684
2,68602;;;77,30218973
2,68652;;;74,25024566
2,68702;;;69,97752395
2,68752;;;68,1463575
2,68802;;;64,1788302
2,68852;;;54,10741475
2,68902;;;45,86716574
2,68952;;;47,39313778
2,69002;;;48,91910982
2,69052;;;37,01652792
2,69102;;;16,5685026
2,69152;;;6,497087146
2,69202;;;7,717864777
2,69252;;;2,834754254
2,69302;;;-17,00288225
2,69352;;;-40,50285164
2,69402;;;-56,06776643
2,69452;;;-67,97034833
2,69502;;;-82,92487431
2,69552;;;-94,5222618
2,69602;;;-96,04823384
2,69652;;;-91,47031773
2,69702;;;-89,63915128
2,69752;;;-87,80798483
2,69802;;;-81,70409668
2,69852;;;-73,46384767
2,69902;;;-67,05476511
2,69952;;;-61,25607136
2,70002;;;-52,10023913
2,70052;;;-43,55479572
2,70102;;;-39,58726842
2,70152;;;-37,75610197
2,70202;;;-32,56779704
2,70252;;;-22,19118718
2,70302;;;-7,236661201
2,70352;;;12,29578089
2,70402;;;33,96458384
2,70452;;;51,97105389
2,70502;;;62,95805257
2,70552;;;69,97752395
2,70602;;;75,47102329
2,70652;;;76,69180092
2,70702;;;72,41907921
2,70752;;;67,23077428
2,70802;;;63,87363579
2,70852;;;58,68533086
2,70902;;;50,44508186
2,70952;;;42,51002725
2,71002;;;37,62691673
2,71052;;;32,74380621
2,71102;;;26,63991805
2,71152;;;22,36719635
2,71202;;;20,23083549
2,71252;;;12,6009753
2,71302;;;-4,489911531
2,71352;;;-25,85352007
2,71402;;;-43,85999012
2,71452;;;-58,8145161
2,71502;;;-72,85345886
2,71552;;;-82,00929109
2,71602;;;-83,23006872
2,71652;;;-80,17812464
2,71702;;;-78,04176379
2,71752;;;-76,21059734
2,71802;;;-70,717098
2,71852;;;-62,7820434
2,71902;;;-56,06776643
2,71952;;;-49,35348946
2,72002;;;-41,11324046
2,72052;;;-32,87299145
2,72102;;;-28,60026974
2,72152;;;-26,76910329
2,72202;;;-22,19118718
2,72252;;;-11,81457732
2,72302;;;4,360726292
2,72352;;;24,19836279
2,72402;;;44,03599929
2,72452;;;60,2113029
2,72502;;;71,80869039
2,72552;;;80,0489394
2,72602;;;84,32166111
2,72652;;;82,79568907
2,72702;;;78,52296736
2,72752;;;75,16582888
2,72801;;;72,72427362
2,72851;;;66,92557987
2,72901;;;58,38013646
2,72951;;;51,66585949
2,73001;;;47,39313778
2,73051;;;40,67886081
2,73101;;;33,04900062
2,73151;;;29,99705654
2,73201;;;29,08147332
2,73251;;;21,14641872
2,73301;;;2,224365438
2,73351;;;-18,83404869
2,73401;;;-35,61974112
2,73451;;;-49,96387828
2,73501;;;-64,30801544
2,73551;;;-73,46384767
2,73601;;;-74,37943089
2,73651;;;-71,32748682
2,73701;;;-69,49632037
2,73751;;;-67,05476511
2,73801;;;-61,25607136
2,73851;;;-54,54179439
2,73901;;;-49,35348946
2,73951;;;-43,24960131
2,74001;;;-34,09376908
2,74051;;;-25,85352007
2,74101;;;-22,49638159
2,74151;;;-21,27560395
2,74201;;;-17,30807665
2,74251;;;-7,541855608
2,74301;;;7,412670369
2,74351;;;27,25030687
2,74401;;;48,61391541
2,74451;;;66,00999665
2,74501;;;77,91257855
2,74551;;;84,93204993
2,74601;;;87,983994
2,74651;;;87,06841078
2,74701;;;83,10088348
2,74751;;;79,43855059
2,74801;;;76,69180092
2,74851;;;71,50349599
2,74901;;;63,26324698
2,74951;;;54,10741475
2,75001;;;47,08794337
2,75051;;;41,89963844
2,75101;;;37,62691673
2,75151;;;33,04900062
2,75201;;;26,63991805
2,75251;;;18,09447464
2,75301;;;8,633448
2,75351;;;-3,2691339
2,75401;;;-23,41196481
2,75451;;;-51,18465591
2,75501;;;-74,6846253
2,75551;;;-83,84045753
2,75601;;;-82,00929109
2,75651;;;-80,17812464
2,75701;;;-80,78851346
2,75751;;;-78,04176379
2,75801;;;-70,41190359
2,75851;;;-63,08723781
2,75901;;;-58,20412729
2,75951;;;-52,10023913
2,76001;;;-42,9444069
2,76051;;;-35,61974112
2,76101;;;-31,95740822
2,76151;;;-28,90546415
2,76201;;;-22,49638159
2,76251;;;-11,81457732
2,76301;;;2,529559846
2,76351;;;22,67239075
2,76401;;;43,73080489
2,76451;;;59,90610849
2,76501;;;69,97752395
2,76551;;;77,30218973
2,76601;;;82,18530026
2,76651;;;82,18530026
2,76701;;;77,91257855
2,76751;;;73,94505125
2,76801;;;70,89310717
2,76851;;;65,39960783
2,76901;;;56,2437756
2,76951;;;48,61391541
2,77001;;;43,42561048
2,77051;;;37,93211114
2,77101;;;31,82822299
2,77151;;;28,16589009
2,77201;;;26,33472365
2,77251;;;18,39966905
2,77301;;;1,003587807
2,77351;;;-18,83404869
2,77401;;;-35,61974112
2,77451;;;-49,65868387
2,77501;;;-62,7820434
2,77551;;;-71,32748682
2,77601;;;-72,85345886
2,77651;;;-69,80151478
2,77701;;;-66,7495707
2,77751;;;-63,08723781
2,77801;;;-57,28854406
2,77851;;;-49,96387828
2,77901;;;-42,9444069
2,77951;;;-35,31454671
2,78001;;;-26,46390889
2,78051;;;-19,44443751
2,78101;;;-15,78210462
2,78151;;;-13,03535495
2,78201;;;-8,152244424
2,78251;;;1,003587807
2,78301;;;15,65291938
2,78351;;;35,18536147
2,78400;;;55,63338679
2,78450;;;70,89310717
2,78500;;;80,35413381
2,78550;;;86,76321637
2,78600;;;89,50996604
2,78650;;;87,37360519
2,78700;;;81,88010585
2,78750;;;77,60738414
2,78800;;;73,63985684
2,78850;;;66,00999665
2,78900;;;55,32819238
2,78950;;;46,78274896
2,79000;;;40,98405522
2,79050;;;33,65938943
2,79100;;;25,41914042
2,79150;;;21,14641872
2,79200;;;19,62044668
2,79250;;;11,07500326
2,79300;;;-8,152244424
2,79350;;;-30,73663059
2,79400;;;-48,43790624
2,79450;;;-63,39243222
2,79500;;;-78,6521526
2,79550;;;-89,94434569
2,79600;;;-92,69109536
2,79650;;;-90,2495401
2,79700;;;-88,41837365
2,79750;;;-86,2820128
2,79800;;;-79,87293023
2,79850;;;-71,63268123
2,79900;;;-64,91840426
2,79950;;;-58,50932169
2,80000;;;-49,65868387
2,80050;;;-40,80804605
2,80100;;;-36,53532434
2,80150;;;-34,39896349
2,80200;;;-28,60026974
2,80250;;;-17,00288225
2,80300;;;-0,5223842311
2,80350;;;19,62044668
2,80400;;;41,28924962
2,80450;;;58,38013646
2,80500;;;68,75674632
2,80550;;;75,47102329
2,80600;;;80,35413381
2,80650;;;80,65932822
2,80700;;;75,77621769
2,80750;;;70,58791276
2,80800;;;67,23077428
2,80850;;;61,73727494
2,80900;;;51,97105389
2,80950;;;42,51002725
2,81000;;;36,10094469
2,81050;;;30,30225095
2,81100;;;22,36719635
2,81150;;;16,87369701
2,81200;;;13,51655852
2,81250;;;4,360726292
2,81300;;;-14,86652139
2,81350;;;-38,06129638
2,81400;;;-55,76257203
2,81450;;;-69,80151478
2,81500;;;-84,14565194
2,81550;;;-93,91187299
2,81600;;;-94,2170674
2,81650;;;-90,2495401
2,81700;;;-89,02876246
2,81750;;;-87,80798483
2,81800;;;-80,48331905
2,81850;;;-70,717098
2,81900;;;-66,13918189
2,81950;;;-61,86646018
2,82000;;;-48,13271183
2,82050;;;-29,21065856
2,82100;;;-20,05482632
2,82150;;;-24,93793685
2,82200;;;-29,82104737
2,82250;;;-22,19118718
2,82300;;;-3,2691339
2,82350;;;17,78928023
2,82400;;;36,4061391
2,82450;;;52,58144271
2,82500;;;64,78921902
2,82550;;;72,72427362
2,82600;;;76,0814121
2,82650;;;74,86063447
2,82700;;;71,19830158
2,82750;;;67,53596869
2,82800;;;64,48402461
2,82850;;;59,29571968
2,82900;;;51,05547067
2,82950;;;41,89963844
2,83000;;;34,88016706
2,83050;;;29,38666772
2,83100;;;24,5035572
2,83150;;;21,45161312
2,83200;;;19,01005786
2,83250;;;10,46461445
2,83300;;;-6,626272385
2,83350;;;-27,37949211
2,83400;;;-44,77557335
2,83450;;;-58,8145161
2,83500;;;-71,32748682
2,83550;;;-79,87293023
2,83600;;;-81,39890227
2,83650;;;-78,6521526
2,83700;;;-75,60020853
2,83750;;;-72,24307004
2,83800;;;-66,44437629
2,83850;;;-59,11971051
2,83900;;;-52,40543354
2,83950;;;-45,08076776
2,84000;;;-36,84051875
2,84049;;;-29,51585296
2,84099;;;-24,63274244
2,84149;;;-20,66521514
2,84199;;;-14,56132699
2,84249;;;-4,795105939
2,84299;;;9,549031223
2,84349;;;29,08147332
2,84399;;;49,52949863
2,84449;;;65,39960783
2,84499;;;75,77621769
2,84549;;;83,10088348
2,84599;;;87,67879959
2,84649;;;86,76321637
2,84699;;;81,57491144
2,84749;;;77,60738414
2,84799;;;74,55544006
2,84849;;;68,1463575
2,84899;;;58,38013646
2,84949;;;50,75027626
2,84999;;;45,25677692
2,85049;;;37,93211114
2,85099;;;29,69186213
2,85149;;;26,02952924
2,85199;;;25,11394602
2,85249;;;16,87369701
2,85299;;;-2,353550677
2,85349;;;-24,63274244
2,85399;;;-41,72362927
2,85449;;;-55,45737762
2,85499;;;-68,88593156
2,85549;;;-78,04176379
2,85599;;;-79,26254142
2,85649;;;-77,12618056
2,85699;;;-75,60020853
2,85749;;;-73,46384767
2,85799;;;-67,05476511
2,85849;;;-59,11971051
2,85899;;;-53,32101676
2,85949;;;-47,52232302
2,85999;;;-39,89246282
2,86049;;;-32,56779704
2,86099;;;-29,82104737
2,86149;;;-28,60026974
2,86199;;;-24,32754803
2,86249;;;-13,95093817
2,86299;;;1,308782215
2,86349;;;20,23083549
2,86399;;;39,76327759
2,86449;;;55,32819238
2,86499;;;65,39960783
2,86549;;;71,80869039
2,86599;;;75,47102329
2,86649;;;75,47102329
2,86699;;;71,50349599
2,86749;;;67,23077428
2,86799;;;63,56844139
2,86849;;;58,07494205
2,86899;;;50,13988745
2,86949;;;43,12041607
2,86999;;;37,62691673
2,87049;;;31,52302858
2,87099;;;24,5035572
2,87149;;;20,5360299
2,87199;;;17,78928023
2,87249;;;9,243836815
2,87299;;;-8,457438831
2,87349;;;-30,12624178
2,87399;;;-47,82751742
2,87449;;;-61,25607136
2,87499;;;-73,15865326
2,87549;;;-82,3144855
2,87599;;;-84,75604076
2,87649;;;-81,70409668
2,87699;;;-78,04176379
2,87749;;;-74,6846253
2,87799;;;-69,49632037
2,87849;;;-60,64568255
2,87899;;;-52,10023913
2,87949;;;-45,08076776
2,87999;;;-37,14571316
2,88049;;;-27,68468652
2,88099;;;-21,27560395
2,88149;;;-20,97040955
2,88199;;;-20,05482632
2,88249;;;-6,01588357
2,88299;;;21,14641872
2,88349;;;47,39313778
2,88399;;;60,51649731
2,88449;;;64,1788302
2,88499;;;70,89310717
2,88549;;;81,26971703
2,88599;;;86,15282756
2,88649;;;82,49049466
2,88699;;;77,30218973
2,88749;;;75,47102329
2,88799;;;72,41907921
2,88849;;;63,56844139
2,88899;;;54,10741475
2,88949;;;48,61391541
2,88999;;;44,03599929
2,89049;;;36,10094469
2,89099;;;28,4710845
2,89149;;;26,94511246
2,89199;;;26,63991805
2,89249;;;17,48408582
2,89299;;;-0,5223842311
2,89349;;;-20,05482632
2,89399;;;-36,23012993
2,89449;;;-50,26907269
2,89499;;;-63,08723781
2,89549;;;-70,41190359
2,89599;;;-71,02229241
2,89648;;;-69,19112596
2,89698;;;-67,05476511
2,89748;;;-63,08723781
2,89798;;;-56,67815525
2,89848;;;-50,26907269
2,89898;;;-44,77557335
2,89948;;;-37,75610197
2,89998;;;-30,43143619
2,90048;;;-25,54832566
2,90098;;;-23,41196481
2,90148;;;-20,36002073
2,90198;;;-14,56132699
2,90248;;;-5,405494754
2,90298;;;8,023059185
2,90348;;;26,63991805
2,90398;;;46,17236015
2,90448;;;61,12688612
2,90498;;;70,89310717
2,90548;;;78,21777296
2,90598;;;81,57491144
2,90648;;;79,43855059
2,90698;;;74,25024566
2,90748;;;70,28271836
2,90798;;;66,62038546
2,90848;;;59,90610849
2,90898;;;50,75027626
2,90948;;;43,42561048
2,90998;;;38,54249995
2,91048;;;33,04900062
2,91098;;;27,55550128
2,91148;;;25,11394602
2,91198;;;22,06200194
2,91248;;;11,99058648
2,91298;;;-5,405494754
2,91348;;;-24,93793685
2,91398;;;-41,11324046
2,91448;;;-55,76257203
2,91498;;;-67,97034833
2,91548;;;-74,98981971
2,91598;;;-75,90540293
2,91648;;;-74,37943089
2,91698;;;-72,24307004
2,91748;;;-67,97034833
2,91798;;;-61,56126577
2,91848;;;-55,15218321
2,91898;;;-48,43790624
2,91948;;;-39,89246282
2,91998;;;-30,73663059
2,92048;;;-25,54832566
2,92098;;;-23,41196481
2,92148;;;-20,97040955
2,92198;;;-14,25613258
2,92248;;;-3,2691339
2,92298;;;12,29578089
2,92348;;;33,04900062
2,92398;;;53,19183152
2,92448;;;67,84116309
2,92498;;;77,30218973
2,92548;;;83,71127229
2,92598;;;86,76321637
2,92648;;;84,0164667
2,92698;;;78,21777296
2,92748;;;73,94505125
2,92798;;;69,67232954
2,92848;;;62,04246935
2,92898;;;51,36066508
2,92948;;;41,89963844
2,92998;;;34,26977825
2,93048;;;25,72433483
2,93098;;;17,78928023
2,93148;;;13,51655852
2,93198;;;9,243836815
2,93248;;;-1,437967454
2,93298;;;-21,27560395
2,93348;;;-42,9444069
2,93398;;;-61,86646018
2,93448;;;-77,73656938
2,93498;;;-91,47031773
2,93548;;;-100,62615
2,93598;;;-102,4573164
2,93648;;;-100,3209555
2,93698;;;-97,57420588
2,93748;;;-94,5222618
2,93798;;;-89,02876246
2,93848;;;-81,70409668
2,93898;;;-73,76904208
2,93948;;;-66,13918189
2,93998;;;-58,20412729
2,94048;;;-50,26907269
2,94098;;;-44,47037894
2,94148;;;-40,80804605
2,94198;;;-35,61974112
2,94248;;;-24,63274244
2,94298;;;-7,541855608
2,94348;;;10,15942004
2,94398;;;27,86069569
2,94448;;;47,69833219
2,94498;;;68,45155191
2,94548;;;80,0489394
2,94598;;;75,77621769
2,94648;;;63,56844139
2,94698;;;57,15935882
2,94748;;;58,38013646
2,94798;;;56,85416442
2,94848;;;48,00352659
2,94898;;;38,84769436
2,94948;;;34,88016706
2,94998;;;31,21783417
2,95048;;;23,89316839
2,95098;;;17,78928023
2,95148;;;16,87369701
2,95198;;;15,04253056
2,95248;;;3,750337477
2,95297;;;-13,95093817
2,95347;;;-32,26260263
2,95397;;;-47,82751742
2,95447;;;-62,17165459
2,95497;;;-73,76904208
2,95547;;;-79,56773583
2,95597;;;-79,87293023
2,95647;;;-78,34695819
2,95697;;;-75,29501412
2,95747;;;-69,49632037
2,95797;;;-62,7820434
2,95847;;;-56,67815525
2,95897;;;-49,65868387
2,95947;;;-40,19765723
2,95997;;;-31,041825
2,96047;;;-25,54832566
2,96097;;;-22,19118718
2,96147;;;-18,52885429
2,96197;;;-12,42496613
2,96247;;;-2,04835627
2,96297;;;13,82175293
2,96347;;;34,88016706
2,96397;;;54,71780356
2,96447;;;68,45155191
2,96497;;;78,82816177
2,96547;;;87,06841078
2,96597;;;91,34113249
2,96647;;;88,89957723
2,96697;;;84,62685552
2,96747;;;82,18530026
2,96797;;;79,43855059
2,96847;;;71,80869039
2,96897;;;62,34766376
2,96947;;;55,63338679
2,96997;;;49,83469304
2,97047;;;42,51002725
2,97097;;;35,49055588
2,97147;;;33,04900062
2,97197;;;30,91263976
2,97247;;;20,23083549
2,97297;;;1,308782215
2,97347;;;-17,61327106
2,97397;;;-33,48338026
2,97447;;;-47,82751742
2,97497;;;-60,64568255
2,97547;;;-68,27554274
2,97597;;;-69,80151478
2,97647;;;-69,19112596
2,97697;;;-68,27554274
2,97747;;;-64,91840426
2,97797;;;-58,50932169
2,97847;;;-52,10023913
2,97897;;;-45,99635098
2,97947;;;-38,9768796
2,97997;;;-31,34701941
2,98047;;;-25,54832566
2,98097;;;-22,19118718
2,98147;;;-18,83404869
2,98197;;;-13,64574376
2,98247;;;-4,489911531
2,98297;;;10,46461445
2,98347;;;31,21783417
2,98397;;;51,05547067
2,98447;;;65,09441342
2,98497;;;74,55544006
2,98547;;;82,49049466
2,98597;;;87,06841078
2,98647;;;84,93204993
2,98697;;;80,35413381
2,98747;;;77,60738414
2,98797;;;74,86063447
2,98847;;;67,53596869
2,98897;;;57,76974764
2,98947;;;51,05547067
2,98997;;;46,17236015
2,99047;;;39,45808318
2,99097;;;33,35419502
2,99147;;;31,52302858
2,99197;;;29,08147332
2,99247;;;18,09447464
2,99297;;;-0,8275786388
2,99347;;;-19,74963192
2,99397;;;-35,31454671
2,99447;;;-49,96387828
2,99497;;;-63,39243222
2,99547;;;-70,41190359
2,99597;;;-71,63268123
2,99647;;;-71,02229241
2,99697;;;-69,49632037
2,99747;;;-65,22359866
2,99797;;;-58,50932169
2,99847;;;-52,71062795
2,99897;;;-46,9119342
2,99947;;;-38,06129638
2,99997;;;-29,21065856
3,00047;;;-24,32754803
3,00097;;;-22,49638159
3,00147;;;-19,1392431
3,00197;;;-12,73016054
3,00247;;;-4,184717123
3,00297;;;9,854225631
3,00347;;;30,30225095
3,00397;;;49,52949863
3,00447;;;61,43208053
3,00497;;;69,06194072
3,00547;;;76,69180092
3,00597;;;80,0489394
3,00647;;;75,47102329
3,00697;;;69,97752395
3,00747;;;69,06194072
3,00797;;;65,70480224
3,00847;;;53,80222034
3,00896;;;43,42561048
3,00946;;;45,25677692
3,00996;;;50,75027626
3,01046;;;42,81522166
3,01096;;;23,58797398
3,01146;;;11,38019767
3,01196;;;9,549031223
3,01246;;;2,834754254
3,01296;;;-16,69768784
3,01346;;;-38,67168519
3,01396;;;-54,8469888
3,01446;;;-67,97034833
3,01496;;;-82,00929109
3,01546;;;-90,5547345
3,01596;;;-90,5547345
3,01646;;;-87,80798483
3,01696;;;-86,5872072
3,01746;;;-83,23006872
3,01796;;;-75,60020853
3,01846;;;-67,66515393
3,01896;;;-61,56126577
3,01946;;;-54,8469888
3,01996;;;-45,99635098
3,02046;;;-39,89246282
3,02096;;;-38,06129638
3,02146;;;-36,23012993
3,02196;;;-30,12624178
3,02246;;;-19,44443751
3,02296;;;-4,184717123
3,02346;;;15,34772497
3,02396;;;35,49055588
3,02446;;;50,75027626
3,02496;;;59,60091409
3,02546;;;65,70480224
3,02596;;;69,67232954
3,02646;;;69,06194072
3,02696;;;65,39960783
3,02746;;;61,43208053
3,02796;;;57,15935882
3,02846;;;50,44508186
3,02896;;;42,20483285
3,02946;;;35,18536147
3,02996;;;29,08147332
3,03046;;;22,67239075
3,03096;;;17,78928023
3,03146;;;15,65291938
3,03196;;;11,99058648
3,03246;;;1,003587807
3,03296;;;-16,69768784
3,03346;;;-35,31454671
3,03396;;;-51,48985032
3,03446;;;-65,22359866
3,03496;;;-76,21059734
3,03546;;;-82,6196799
3,03596;;;-83,84045753
3,03646;;;-82,3144855
3,03696;;;-78,6521526
3,03746;;;-72,54826445
3,03796;;;-65,22359866
3,03846;;;-58,20412729
3,03896;;;-50,8794615
3,03946;;;-42,63921249
3,03996;;;-34,70415789
3,04046;;;-29,21065856
3,04096;;;-25,24313125
3,04146;;;-20,05482632
3,04196;;;-13,34054935
3,04246;;;-3,2691339
3,04296;;;12,29578089
3,04346;;;33,35419502
3,04396;;;53,49702593
3,04446;;;67,53596869
3,04496;;;77,30218973
3,04546;;;84,93204993
3,04596;;;87,983994
3,04646;;;86,15282756
3,04696;;;82,49049466
3,04746;;;80,35413381
3,04796;;;76,38660651
3,04846;;;67,53596869
3,04896;;;57,76974764
3,04946;;;51,36066508
3,04996;;;46,17236015
3,05046;;;39,45808318
3,05096;;;33,04900062
3,05146;;;30,60744535
3,05196;;;27,55550128
3,05246;;;17,17889142
3,05296;;;-0,5223842311
3,05346;;;-20,05482632
3,05396;;;-37,45090756
3,05446;;;-53,01582236
3,05496;;;-65,52879307
3,05546;;;-72,54826445
3,05596;;;-74,6846253
3,05646;;;-74,37943089
3,05696;;;-72,85345886
3,05746;;;-68,88593156
3,05796;;;-63,39243222
3,05846;;;-57,89893288
3,05896;;;-51,48985032
3,05946;;;-43,55479572
3,05996;;;-35,92493552
3,06046;;;-31,34701941
3,06096;;;-28,60026974
3,06146;;;-25,24313125
3,06196;;;-19,44443751
3,06246;;;-9,373022054
3,06296;;;6,497087146
3,06346;;;27,25030687
3,06396;;;46,78274896
3,06446;;;60,51649731
3,06496;;;69,67232954
3,06545;;;76,69180092
3,06595;;;80,96452263
3,06645;;;80,35413381
3,06695;;;76,69180092
3,06745;;;72,41907921
3,06795;;;68,45155191
3,06845;;;62,34766376
3,06895;;;54,71780356
3,06945;;;47,39313778
3,06995;;;42,51002725
3,07045;;;39,15288877
3,07095;;;34,57497265
3,07145;;;28,16589009
3,07195;;;23,89316839
3,07245;;;22,67239075
3,07295;;;17,48408582
3,07345;;;-0,2171898234
3,07395;;;-29,51585296
3,07445;;;-55,15218321
3,07495;;;-66,44437629
3,07545;;;-67,66515393
3,07595;;;-68,27554274
3,07645;;;-70,10670919
3,07695;;;-67,97034833
3,07745;;;-61,25607136
3,07795;;;-55,45737762
3,07845;;;-50,8794615
3,07895;;;-43,55479572
3,07945;;;-33,78857467
3,07995;;;-26,46390889
3,08045;;;-23,1067704
3,08095;;;-19,44443751
3,08145;;;-13,95093817
3,08195;;;-8,457438831
3,08245;;;-0,5223842311
3,08295;;;15,34772497
3,08345;;;37,62691673
3,08395;;;56,85416442
3,08445;;;69,06194072
3,08495;;;79,13335618
3,08545;;;87,983994
3,08595;;;91,03593808
3,08645;;;87,67879959
3,08695;;;84,0164667
3,08745;;;82,18530026
3,08795;;;78,21777296
3,08845;;;68,75674632
3,08895;;;59,29571968
3,08945;;;54,10741475
3,08995;;;48,308721
3,09045;;;38,84769436
3,09095;;;30,60744535
3,09145;;;28,16589009
3,09195;;;23,89316839
3,09245;;;10,15942004
3,09295;;;-10,28860528
3,09345;;;-30,73663059
3,09395;;;-48,43790624
3,09445;;;-65,52879307
3,09495;;;-79,56773583
3,09545;;;-86,89240161
3,09595;;;-89,02876246
3,09645;;;-89,94434569
3,09695;;;-89,63915128
3,09745;;;-85,97681839
3,09795;;;-79,87293023
3,09845;;;-74,6846253
3,09895;;;-69,49632037
3,09945;;;-62,17165459
3,09995;;;-54,8469888
3,10045;;;-50,26907269
3,10095;;;-47,21712861
3,10145;;;-42,9444069
3,10195;;;-36,84051875
3,10245;;;-28,29507533
3,10295;;;-13,03535495
3,10345;;;8,938642408
3,10395;;;29,99705654
3,10445;;;42,81522166
3,10495;;;50,44508186
3,10545;;;57,76974764
3,10595;;;62,34766376
3,10645;;;60,51649731
3,10695;;;55,63338679
3,10745;;;53,80222034
3,10795;;;52,58144271
3,10845;;;45,25677692
3,10895;;;34,57497265
3,10945;;;26,63991805
3,10995;;;22,36719635
3,11045;;;17,17889142
3,11095;;;11,68539208
3,11145;;;9,549031223
3,11195;;;7,107475961
3,11245;;;-3,2691339
3,11295;;;-22,19118718
3,11345;;;-41,41843486
3,11395;;;-56,98334966
3,11445;;;-70,717098
3,11495;;;-82,6196799
3,11545;;;-88,41837365
3,11595;;;-88,11317924
3,11645;;;-85,67162398
3,11695;;;-83,23006872
3,11745;;;-78,04176379
3,11795;;;-70,717098
3,11845;;;-63,39243222
3,11895;;;-56,06776643
3,11945;;;-47,82751742
3,11995;;;-39,58726842
3,12045;;;-34,70415789
3,12095;;;-32,26260263
3,12144;;;-28,60026974
3,12194;;;-22,49638159
3,12244;;;-12,42496613
3,12294;;;2,834754254
3,12344;;;23,58797398
3,12394;;;43,42561048
3,12444;;;56,54897001
3,12494;;;66,00999665
3,12544;;;73,94505125
3,12594;;;77,60738414
3,12644;;;74,25024566
3,12694;;;69,06194072
3,12744;;;67,23077428
3,12794;;;64,48402461
3,12844;;;55,93858119
3,12894;;;45,86716574
3,12944;;;39,76327759
3,12994;;;35,49055588
3,13044;;;27,86069569
3,13094;;;21,45161312
3,13144;;;21,14641872
3,13194;;;19,62044668
3,13244;;;6,802281554
3,13294;;;-13,64574376
3,13344;;;-31,041825
3,13394;;;-45,08076776
3,13444;;;-60,95087696
3,13494;;;-75,29501412
3,13544;;;-79,26254142
3,13594;;;-76,51579175
3,13644;;;-77,12618056
3,13694;;;-77,73656938
3,13744;;;-66,44437629
3,13794;;;-47,21712861
3,13844;;;-38,06129638
3,13894;;;-43,24960131
3,13944;;;-46,30154539
3,13994;;;-37,45090756
3,14044;;;-27,0742977
3,14094;;;-24,63274244
3,14144;;;-24,93793685
3,14194;;;-19,44443751
3,14244;;;-10,59379969
3,14294;;;-1,743161862
3,14344;;;12,29578089
3,14394;;;34,57497265
3,14444;;;55,63338679
3,14494;;;67,84116309
3,14544;;;75,47102329
3,14594;;;84,0164667
3,14644;;;88,28918841
3,14694;;;84,62685552
3,14744;;;78,52296736
3,14794;;;76,38660651
3,14844;;;73,94505125
3,14894;;;65,70480224
3,14944;;;55,63338679
3,14994;;;49,22430422
3,15044;;;44,3411937
3,15094;;;36,71133351
3,15144;;;30,60744535
3,15194;;;29,38666772
3,15244;;;26,94511246
3,15294;;;14,12694734
3,15344;;;-5,710689162
3,15394;;;-24,32754803
3,15444;;;-39,58726842
3,15494;;;-54,54179439
3,15544;;;-67,35995952
3,15594;;;-73,76904208
3,15644;;;-73,76904208
3,15694;;;-72,24307004
3,15744;;;-70,10670919
3,15794;;;-64,91840426
3,15844;;;-57,89893288
3,15894;;;-52,10023913
3,15944;;;-46,30154539
3,15994;;;-38,36649079
3,16044;;;-29,82104737
3,16094;;;-24,93793685
3,16144;;;-23,1067704
3,16194;;;-20,36002073
3,16244;;;-14,25613258
3,16294;;;-2,963939493
3,16344;;;13,51655852
3,16394;;;33,65938943
3,16444;;;51,36066508
3,16494;;;63,26324698
3,16544;;;71,80869039
3,16594;;;78,82816177
3,16644;;;81,88010585
3,16694;;;78,82816177
3,16744;;;74,25024566
3,16794;;;72,1138848
3,16844;;;68,75674632
3,16894;;;60,51649731
3,16944;;;51,36066508
3,16994;;;45,25677692
3,17044;;;40,67886081
3,17094;;;34,26977825
3,17144;;;28,4710845
3,17194;;;26,33472365
3,17244;;;22,67239075
3,17294;;;9,854225631
3,17344;;;-9,678216462
3,17394;;;-28,60026974
3,17444;;;-43,24960131
3,17494;;;-56,98334966
3,17544;;;-69,19112596
3,17594;;;-75,60020853
3,17644;;;-75,60020853
3,17694;;;-73,46384767
3,17744;;;-70,41190359
3,17793;;;-65,52879307
3,17843;;;-59,42490492
3,17893;;;-53,32101676
3,17943;;;-45,99635098
3,17993;;;-37,14571316
3,18043;;;-28,90546415
3,18093;;;-24,02235362
3,18143;;;-20,97040955
3,18193;;;-16,69768784
3,18243;;;-10,89899409
3,18293;;;-1,132773046
3,18343;;;15,34772497
3,18393;;;37,62691673
3,18443;;;56,85416442
3,18493;;;69,06194072
3,18543;;;77,60738414
3,18593;;;85,84763315
3,18643;;;90,12035486
3,18693;;;87,67879959
3,18743;;;82,49049466
3,18793;;;79,13335618
3,18843;;;74,86063447
3,18893;;;66,92557987
3,18943;;;58,68533086
3,18993;;;52,88663712
3,19043;;;46,17236015
3,19093;;;37,32172232
3,19143;;;31,52302858
3,19193;;;30,60744535
3,19243;;;26,94511246
3,19293;;;12,6009753
3,19343;;;-7,236661201
3,19393;;;-25,54832566
3,19443;;;-41,72362927
3,19493;;;-58,20412729
3,19543;;;-71,32748682
3,19593;;;-77,12618056
3,19643;;;-78,34695819
3,19693;;;-78,95734701
3,19743;;;-77,12618056
3,19793;;;-71,63268123
3,19843;;;-66,13918189
3,19893;;;-61,86646018
3,19943;;;-54,23659999
3,19993;;;-43,85999012
3,20043;;;-37,45090756
3,20093;;;-35,61974112
3,20143;;;-28,90546415
3,20193;;;-15,78210462
3,20243;;;-7,541855608
3,20293;;;-8,152244424
3,20343;;;-3,574328308
3,20393;;;16,26330819
3,20443;;;40,3736664
3,20493;;;53,49702593
3,20543;;;58,07494205
3,20593;;;64,48402461
3,20643;;;70,28271836
3,20693;;;68,75674632
3,20743;;;62,65285816
3,20793;;;60,82169172
3,20843;;;60,2113029
3,20893;;;52,88663712
3,20943;;;41,59444403
3,20993;;;34,26977825
3,21043;;;30,30225095
3,21093;;;23,89316839
3,21143;;;17,48408582
3,21193;;;15,34772497
3,21243;;;12,6009753
3,21293;;;0,6983933997
3,21343;;;-18,22365988
3,21393;;;-36,84051875
3,21443;;;-52,10023913
3,21493;;;-66,44437629
3,21543;;;-78,6521526
3,21593;;;-83,53526313
3,21643;;;-82,92487431
3,21693;;;-82,00929109
3,21743;;;-80,48331905
3,21793;;;-74,98981971
3,21843;;;-67,66515393
3,21893;;;-61,86646018
3,21943;;;-55,76257203
3,21993;;;-46,60673979
3,22043;;;-37,45090756
3,22093;;;-32,56779704
3,22143;;;-30,12624178
3,22193;;;-25,24313125
3,22243;;;-17,61327106
3,22293;;;-7,541855608
3,22343;;;8,328253592
3,22393;;;30,60744535
3,22443;;;50,75027626
3,22493;;;63,26324698
3,22543;;;71,19830158
3,22593;;;78,52296736
3,22643;;;82,49049466
3,22693;;;79,74374499
3,22743;;;75,47102329
3,22793;;;73,63985684
3,22843;;;71,19830158
3,22893;;;63,26324698
3,22943;;;54,10741475
3,22993;;;48,308721
3,23043;;;43,73080489
3,23093;;;36,4061391
3,23143;;;30,60744535
3,23193;;;28,77627891
3,23243;;;25,11394602
3,23293;;;11,38019767
3,23343;;;-8,457438831
3,23392;;;-27,68468652
3,23442;;;-44,16518453
3,23492;;;-59,73009933
3,23542;;;-71,93787563
3,23592;;;-77,43137497
3,23642;;;-78,34695819
3,23692;;;-78,95734701
3,23742;;;-77,43137497
3,23792;;;-71,63268123
3,23842;;;-64,91840426
3,23892;;;-60,64568255
3,23942;;;-55,45737762
3,23992;;;-46,30154539
3,24042;;;-37,45090756
3,24092;;;-33,78857467
3,24142;;;-33,17818586
3,24192;;;-29,51585296
3,24242;;;-22,49638159
3,24292;;;-12,42496613
3,24342;;;2,834754254
3,24392;;;25,11394602
3,24442;;;46,17236015
3,24492;;;58,99052527
3,24542;;;65,70480224
3,24592;;;71,50349599
3,24642;;;74,86063447
3,24692;;;72,72427362
3,24742;;;67,84116309
3,24792;;;64,78921902
3,24842;;;61,12688612
3,24892;;;53,49702593
3,24942;;;44,95158252
3,24992;;;39,45808318
3,25042;;;34,26977825
3,25092;;;26,63991805
3,25142;;;19,92564108
3,25192;;;18,39966905
3,25242;;;15,65291938
3,25292;;;3,750337477
3,25342;;;-14,86652139
3,25392;;;-32,87299145
3,25442;;;-47,21712861
3,25492;;;-60,64568255
3,25542;;;-71,32748682
3,25592;;;-75,29501412
3,25642;;;-75,29501412
3,25692;;;-74,98981971
3,25742;;;-72,24307004
3,25792;;;-64,61320985
3,25842;;;-55,45737762
3,25892;;;-49,35348946
3,25942;;;-43,24960131
3,25992;;;-32,56779704
3,26042;;;-22,80157599
3,26092;;;-19,1392431
3,26142;;;-17,00288225
3,26192;;;-9,373022054
3,26242;;;0,6983933997
3,26292;;;8,328253592
3,26342;;;18,70486345
3,26392;;;39,15288877
3,26442;;;62,34766376
3,26492;;;74,55544006
3,26542;;;77,30218973
3,26592;;;84,93204993
3,26642;;;98,66579827
3,26692;;;104,1592976
3,26742;;;93,78268775
3,26792;;;76,69180092
3,26842;;;65,09441342
3,26892;;;58,99052527
3,26942;;;52,88663712
3,26992;;;45,25677692
3,27042;;;37,62691673
3,27092;;;30,91263976
3,27142;;;25,72433483
3,27192;;;21,75680753
3,27242;;;16,5685026
3,27292;;;4,6659207
3,27342;;;-13,03535495
3,27392;;;-32,26260263
3,27442;;;-48,74310065
3,27492;;;-62,7820434
3,27542;;;-73,76904208
3,27592;;;-79,26254142
3,27642;;;-79,87293023
3,27692;;;-78,34695819
3,27742;;;-75,90540293
3,27792;;;-71,02229241
3,27842;;;-64,91840426
3,27892;;;-58,20412729
3,27942;;;-50,57426709
3,27992;;;-41,72362927
3,28042;;;-33,78857467
3,28092;;;-28,90546415
3,28142;;;-25,24313125
3,28192;;;-20,66521514
3,28242;;;-13,95093817
3,28292;;;-3,574328308
3,28342;;;13,21136412
3,28392;;;34,26977825
3,28442;;;52,2762483
3,28492;;;63,56844139
3,28542;;;71,50349599
3,28592;;;78,21777296
3,28642;;;80,65932822
3,28692;;;76,38660651
3,28742;;;70,89310717
3,28792;;;67,23077428
3,28842;;;62,04246935
3,28892;;;52,2762483
3,28942;;;42,20483285
3,28992;;;35,79575029
3,29041;;;29,38666772
3,29091;;;20,84122431
3,29141;;;14,12694734
3,29191;;;11,68539208
3,29241;;;6,497087146
3,29291;;;-8,457438831
3,29341;;;-29,51585296
3,29391;;;-48,13271183
3,29441;;;-63,69762663
3,29491;;;-78,6521526
3,29541;;;-91,47031773
3,29591;;;-97,26901147
3,29641;;;-97,26901147
3,29691;;;-96,35342825
3,29741;;;-94,2170674
3,29791;;;-88,72356806
3,29841;;;-81,09370786
3,29891;;;-73,46384767
3,29941;;;-65,83398748
3,29991;;;-56,67815525
3,30041;;;-48,43790624
3,30091;;;-42,63921249
3,30141;;;-38,36649079
3,30191;;;-32,87299145
3,30241;;;-25,85352007
3,30291;;;-15,47691021
3,30341;;;1,919171031
3,30391;;;24,80875161
3,30441;;;44,3411937
3,30491;;;56,54897001
3,30541;;;65,09441342
3,30591;;;72,72427362
3,30641;;;76,38660651
3,30691;;;73,94505125
3,30741;;;70,28271836
3,30791;;;69,36713513
3,30841;;;66,62038546
3,30891;;;58,38013646
3,30941;;;48,91910982
3,30991;;;43,42561048
3,31041;;;39,15288877
3,31091;;;32,74380621
3,31141;;;27,55550128
3,31191;;;25,72433483
3,31241;;;22,36719635
3,31291;;;9,854225631
3,31341;;;-9,067827647
3,31391;;;-27,37949211
3,31441;;;-41,72362927
3,31491;;;-54,23659999
3,31541;;;-64,91840426
3,31591;;;-70,41190359
3,31641;;;-70,41190359
3,31691;;;-68,27554274
3,31741;;;-65,52879307
3,31791;;;-60,34048814
3,31841;;;-53,32101676
3,31891;;;-45,99635098
3,31941;;;-38,67168519
3,31991;;;-31,041825
3,32041;;;-23,71715922
3,32091;;;-18,83404869
3,32141;;;-15,47691021
3,32191;;;-11,81457732
3,32241;;;-5,710689162
3,32291;;;4,971115108
3,32341;;;21,75680753
3,32391;;;41,28924962
3,32441;;;58,38013646
3,32491;;;70,89310717
3,32541;;;79,74374499
3,32591;;;85,54243874
3,32641;;;87,67879959
3,32691;;;85,84763315
3,32741;;;82,18530026
3,32791;;;77,91257855
3,32841;;;72,72427362
3,32891;;;65,09441342
3,32941;;;56,2437756
3,32991;;;48,61391541
3,33041;;;42,20483285
3,33091;;;36,4061391
3,33141;;;29,99705654
3,33191;;;24,5035572
3,33241;;;21,14641872
3,33291;;;17,48408582
3,33341;;;6,497087146
3,33391;;;-15,1717158
3,33441;;;-42,9444069
3,33491;;;-64,30801544
3,33541;;;-73,46384767
3,33591;;;-75,60020853
3,33641;;;-77,73656938
3,33691;;;-78,6521526
3,33741;;;-74,98981971
3,33791;;;-68,58073715
3,33841;;;-63,08723781
3,33891;;;-57,89893288
3,33941;;;-49,96387828
3,33991;;;-41,11324046
3,34041;;;-35,92493552
3,34091;;;-32,56779704
3,34141;;;-28,29507533
3,34191;;;-23,1067704
3,34241;;;-17,30807665
3,34291;;;-7,236661201
3,34341;;;10,76980885
3,34391;;;32,4386118
3,34441;;;49,22430422
3,34491;;;60,2113029
3,34541;;;69,06194072
3,34591;;;76,38660651
3,34640;;;77,60738414
3,34690;;;73,33466243
3,34740;;;70,58791276
3,34790;;;69,67232954
3,34840;;;65,09441342
3,34890;;;54,71780356
3,34940;;;44,95158252
3,34990;;;39,45808318
3,35040;;;34,88016706
3,35090;;;28,77627891
3,35140;;;24,80875161
3,35190;;;22,67239075
3,35240;;;17,17889142
3,35290;;;3,750337477
3,35340;;;-13,64574376
3,35390;;;-29,82104737
3,35440;;;-45,08076776
3,35490;;;-60,03529373
3,35540;;;-71,63268123
3,35590;;;-76,51579175
3,35640;;;-76,82098616
3,35690;;;-75,60020853
3,35740;;;-72,85345886
3,35790;;;-67,05476511
3,35840;;;-59,73009933
3,35890;;;-52,71062795
3,35940;;;-45,69115657
3,35990;;;-38,06129638
3,36040;;;-31,95740822
3,36090;;;-27,68468652
3,36140;;;-23,71715922
3,36190;;;-19,1392431
3,36240;;;-13,34054935
3,36290;;;-3,879522716
3,36340;;;12,6009753
3,36390;;;33,65938943
3,36440;;;51,05547067
3,36490;;;62,34766376
3,36540;;;70,89310717
3,36590;;;78,21777296
3,36640;;;79,74374499
3,36690;;;76,0814121
3,36740;;;71,80869039
3,36790;;;68,45155191
3,36840;;;61,43208053
3,36890;;;51,05547067
3,36940;;;43,42561048
3,36990;;;39,76327759
3,37040;;;34,26977825
3,37090;;;25,41914042
3,37140;;;19,01005786
3,37190;;;17,48408582
3,37240;;;12,6009753
3,37290;;;-2,04835627
3,37340;;;-22,49638159
3,37390;;;-40,50285164
3,37440;;;-56,06776643
3,37490;;;-71,02229241
3,37540;;;-82,3144855
3,37590;;;-86,89240161
3,37640;;;-86,89240161
3,37690;;;-86,2820128
3,37740;;;-83,84045753
3,37790;;;-78,34695819
3,37840;;;-72,24307004
3,37890;;;-66,13918189
3,37940;;;-58,8145161
3,37990;;;-49,96387828
3,38040;;;-42,33401809
3,38090;;;-38,06129638
3,38140;;;-33,78857467
3,38190;;;-28,60026974
3,38240;;;-21,88599277
3,38290;;;-10,89899409
3,38340;;;7,107475961
3,38390;;;29,08147332
3,38440;;;46,78274896
3,38490;;;58,99052527
3,38540;;;68,45155191
3,38590;;;74,86063447
3,38640;;;75,77621769
3,38690;;;73,33466243
3,38740;;;71,50349599
3,38790;;;69,36713513
3,38840;;;62,04246935
3,38890;;;53,19183152
3,38940;;;47,69833219
3,38990;;;43,73080489
3,39040;;;36,4061391
3,39090;;;29,69186213
3,39140;;;28,77627891
3,39190;;;28,77627891
3,39240;;;20,5360299
3,39290;;;6,802281554
3,39340;;;-1,743161862
3,39390;;;-8,152244424
3,39440;;;-25,54832566
3,39490;;;-52,71062795
3,39540;;;-71,63268123
3,39590;;;-73,76904208
3,39640;;;-69,80151478
3,39690;;;-70,10670919
3,39740;;;-69,49632037
3,39790;;;-62,7820434
3,39840;;;-53,93140558
3,39890;;;-48,13271183
3,39940;;;-42,33401809
3,39990;;;-33,48338026
3,40040;;;-25,54832566
3,40090;;;-20,97040955
3,40140;;;-17,61327106
3,40190;;;-12,42496613
3,40240;;;-6,01588357
3,40289;;;3,750337477
3,40339;;;21,45161312
3,40389;;;43,42561048
3,40439;;;60,2113029
3,40489;;;69,36713513
3,40539;;;76,69180092
3,40589;;;84,32166111
3,40639;;;86,15282756
3,40689;;;81,57491144
3,40739;;;76,0814121
3,40789;;;73,33466243
3,40839;;;67,84116309
3,40889;;;58,07494205
3,40939;;;49,22430422
3,40989;;;44,03599929
3,41039;;;37,62691673
3,41089;;;29,38666772
3,41139;;;24,5035572
3,41189;;;23,28277957
3,41239;;;17,48408582
3,41289;;;1,919171031
3,41339;;;-17,61327106
3,41389;;;-35,31454671
3,41439;;;-50,8794615
3,41489;;;-65,52879307
3,41539;;;-76,82098616
3,41589;;;-81,70409668
3,41639;;;-82,92487431
3,41689;;;-83,84045753
3,41739;;;-82,3144855
3,41789;;;-77,12618056
3,41839;;;-70,10670919
3,41889;;;-64,30801544
3,41939;;;-57,89893288
3,41989;;;-50,57426709
3,42039;;;-44,77557335
3,42089;;;-40,50285164
3,42139;;;-35,92493552
3,42189;;;-30,43143619
3,42239;;;-24,63274244
3,42289;;;-14,56132699
3,42339;;;3,139948661
3,42389;;;25,41914042
3,42439;;;42,51002725
3,42489;;;53,19183152
3,42539;;;61,43208053
3,42589;;;69,06194072
3,42639;;;71,50349599
3,42689;;;68,45155191
3,42739;;;65,39960783
3,42789;;;63,56844139
3,42839;;;58,07494205
3,42889;;;48,61391541
3,42939;;;40,98405522
3,42989;;;36,71133351
3,43039;;;32,13341739
3,43089;;;25,41914042
3,43139;;;21,75680753
3,43189;;;21,14641872
3,43239;;;16,5685026
3,43289;;;3,139948661
3,43339;;;-15,1717158
3,43389;;;-32,56779704
3,43439;;;-48,13271183
3,43489;;;-61,56126577
3,43539;;;-71,02229241
3,43589;;;-75,90540293
3,43639;;;-78,34695819
3,43689;;;-78,34695819
3,43739;;;-74,37943089
3,43789;;;-67,66515393
3,43839;;;-61,25607136
3,43889;;;-56,06776643
3,43939;;;-49,04829506
3,43989;;;-40,19765723
3,44039;;;-33,48338026
3,44089;;;-30,12624178
3,44139;;;-27,68468652
3,44189;;;-23,41196481
3,44239;;;-16,69768784
3,44289;;;-5,710689162
3,44339;;;11,68539208
3,44389;;;32,74380621
3,44439;;;49,83469304
3,44489;;;61,12688612
3,44539;;;69,67232954
3,44589;;;75,77621769
3,44639;;;77,30218973
3,44689;;;75,16582888
3,44739;;;72,1138848
3,44789;;;68,45155191
3,44839;;;61,73727494
3,44889;;;52,88663712
3,44939;;;45,56197133
3,44989;;;40,06847199
3,45039;;;33,96458384
3,45089;;;28,16589009
3,45139;;;24,80875161
3,45189;;;22,67239075
3,45239;;;15,95811378
3,45289;;;2,529559846
3,45339;;;-15,1717158
3,45389;;;-33,17818586
3,45439;;;-49,35348946
3,45489;;;-62,17165459
3,45539;;;-71,63268123
3,45589;;;-77,73656938
3,45639;;;-79,26254142
3,45689;;;-76,82098616
3,45739;;;-72,54826445
3,45789;;;-67,97034833
3,45839;;;-61,56126577
3,45888;;;-52,10023913
3,45938;;;-42,63921249
3,45988;;;-37,45090756
3,46038;;;-31,95740822
3,46088;;;-18,83404869
3,46138;;;-3,574328308
3,46188;;;1,308782215
3,46238;;;-3,574328308
3,46288;;;-1,132773046
3,46338;;;18,09447464
3,46388;;;43,73080489
3,46438;;;59,90610849
3,46488;;;68,1463575
3,46538;;;77,91257855
3,46588;;;87,37360519
3,46638;;;88,59438282
3,46688;;;84,32166111
3,46738;;;81,57491144
3,46788;;;79,74374499
3,46838;;;73,33466243
3,46888;;;63,56844139
3,46938;;;57,46455323
3,46988;;;53,49702593
3,47038;;;46,17236015
3,47088;;;37,62691673
3,47138;;;33,65938943
3,47188;;;33,04900062
3,47238;;;26,33472365
3,47288;;;10,46461445
3,47338;;;-8,152244424
3,47388;;;-25,54832566
3,47438;;;-41,72362927
3,47488;;;-56,98334966
3,47538;;;-67,66515393
3,47588;;;-72,54826445
3,47638;;;-74,07423649
3,47688;;;-73,46384767
3,47738;;;-69,80151478
3,47788;;;-64,00282103
3,47838;;;-59,11971051
3,47888;;;-53,93140558
3,47938;;;-45,99635098
3,47988;;;-37,75610197
3,48038;;;-32,56779704
3,48088;;;-29,82104737
3,48138;;;-25,54832566
3,48188;;;-20,05482632
3,48238;;;-13,64574376
3,48288;;;-2,658745085
3,48338;;;15,65291938
3,48388;;;37,62691673
3,48438;;;54,10741475
3,48488;;;64,1788302
3,48538;;;72,72427362
3,48588;;;79,13335618
3,48638;;;80,35413381
3,48688;;;76,69180092
3,48738;;;72,41907921
3,48788;;;68,75674632
3,48838;;;61,73727494
3,48888;;;52,2762483
3,48938;;;44,3411937
3,48988;;;38,23730555
3,49038;;;30,91263976
3,49088;;;23,28277957
3,49138;;;19,31525227
3,49188;;;16,87369701
3,49238;;;9,243836815
3,49288;;;-5,405494754
3,49338;;;-23,1067704
3,49388;;;-39,58726842
3,49438;;;-55,76257203
3,49488;;;-70,10670919
3,49538;;;-79,87293023
3,49588;;;-83,84045753
3,49638;;;-84,45084635
3,49688;;;-82,92487431
3,49738;;;-79,26254142
3,49788;;;-74,07423649
3,49838;;;-68,88593156
3,49888;;;-61,86646018
3,49938;;;-52,71062795
3,49988;;;-43,85999012
3,50038;;;-38,67168519
3,50088;;;-35,0093523
3,50138;;;-30,12624178
3,50188;;;-24,32754803
3,50238;;;-17,91846547
3,50288;;;-6,931466793
3,50338;;;11,99058648
3,50388;;;33,96458384
3,50438;;;50,44508186
3,50488;;;60,51649731
3,50538;;;69,06194072
3,50588;;;76,38660651
3,50638;;;78,82816177
3,50688;;;76,0814121
3,50738;;;72,72427362
3,50788;;;69,67232954
3,50838;;;64,1788302
3,50888;;;56,2437756
3,50938;;;49,52949863
3,50988;;;44,03599929
3,51038;;;37,32172232
3,51088;;;29,99705654
3,51138;;;26,02952924
3,51188;;;24,80875161
3,51238;;;19,31525227
3,51288;;;4,6659207
3,51338;;;-14,56132699
3,51388;;;-32,26260263
3,51438;;;-46,60673979
3,51488;;;-59,42490492
3,51537;;;-69,80151478
3,51587;;;-74,6846253
3,51637;;;-73,15865326
3,51687;;;-69,80151478
3,51737;;;-67,05476511
3,51787;;;-63,39243222
3,51837;;;-55,76257203
3,51887;;;-46,60673979
3,51937;;;-40,80804605
3,51987;;;-35,92493552
3,52037;;;-25,24313125
3,52087;;;-9,067827647
3,52137;;;0,08800458433
3,52187;;;-4,184717123
3,52237;;;-10,89899409
3,52287;;;-2,963939493
3,52337;;;19,92564108
3,52387;;;42,20483285
3,52437;;;54,41260916
3,52487;;;62,65285816
3,52537;;;72,72427362
3,52587;;;80,65932822
3,52637;;;80,65932822
3,52687;;;76,69180092
3,52737;;;74,25024566
3,52787;;;70,89310717
3,52837;;;62,95805257
3,52887;;;53,80222034
3,52937;;;48,00352659
3,52987;;;42,51002725
3,53037;;;34,88016706
3,53087;;;27,55550128
3,53137;;;25,11394602
3,53187;;;23,28277957
3,53237;;;15,04253056
3,53287;;;0,08800458433
3,53337;;;-16,39249343
3,53387;;;-32,87299145
3,53437;;;-49,65868387
3,53487;;;-63,69762663
3,53537;;;-71,93787563
3,53587;;;-75,60020853
3,53637;;;-77,43137497
3,53687;;;-76,82098616
3,53737;;;-73,15865326
3,53787;;;-67,66515393
3,53837;;;-62,7820434
3,53887;;;-56,67815525
3,53937;;;-47,82751742
3,53987;;;-39,28207401
3,54037;;;-35,0093523
3,54087;;;-31,95740822
3,54137;;;-27,37949211
3,54187;;;-22,80157599
3,54237;;;-17,91846547
3,54287;;;-8,152244424
3,54337;;;9,854225631
3,54387;;;29,99705654
3,54437;;;44,3411937
3,54487;;;53,49702593
3,54537;;;62,34766376
3,54587;;;69,06194072
3,54637;;;69,36713513
3,54687;;;65,70480224
3,54737;;;63,26324698
3,54787;;;61,12688612
3,54837;;;54,71780356
3,54887;;;45,25677692
3,54937;;;39,15288877
3,54987;;;34,88016706
3,55037;;;27,86069569
3,55087;;;20,23083549
3,55137;;;17,17889142
3,55187;;;15,95811378
3,55237;;;8,328253592
3,55287;;;-6,931466793
3,55337;;;-24,32754803
3,55387;;;-39,89246282
3,55437;;;-55,45737762
3,55487;;;-70,10670919
3,55537;;;-79,56773583
3,55587;;;-83,23006872
3,55637;;;-84,45084635
3,55687;;;-84,45084635
3,55737;;;-81,70409668
3,55787;;;-75,60020853
3,55837;;;-69,49632037
3,55887;;;-63,39243222
3,55937;;;-56,67815525
3,55987;;;-49,35348946
3,56037;;;-44,16518453
3,56087;;;-40,80804605
3,56137;;;-37,14571316
3,56187;;;-33,17818586
3,56237;;;-27,68468652
3,56287;;;-17,30807665
3,56337;;;0,08800458433
3,56387;;;19,31525227
3,56437;;;33,35419502
3,56487;;;42,20483285
3,56537;;;50,13988745
3,56587;;;56,2437756
3,56637;;;57,15935882
3,56687;;;53,80222034
3,56737;;;50,75027626
3,56787;;;47,69833219
3,56837;;;41,28924962
3,56887;;;32,4386118
3,56937;;;25,41914042
3,56987;;;20,5360299
3,57037;;;15,04253056
3,57087;;;9,549031223
3,57136;;;6,802281554
3,57186;;;5,276309515
3,57236;;;-0,8275786388
3,57286;;;-13,95093817
3,57336;;;-29,82104737
3,57386;;;-44,47037894
3,57436;;;-58,50932169
3,57486;;;-70,717098
3,57536;;;-78,34695819
3,57586;;;-80,78851346
3,57636;;;-81,09370786
3,57686;;;-79,87293023
3,57736;;;-75,29501412
3,57786;;;-68,27554274
3,57836;;;-61,56126577
3,57886;;;-55,45737762
3,57936;;;-48,43790624
3,57986;;;-40,19765723
3,58036;;;-34,09376908
3,58086;;;-31,34701941
3,58136;;;-27,98988092
3,58186;;;-22,49638159
3,58236;;;-15,47691021
3,58286;;;-5,100300347
3,58336;;;11,38019767
3,58386;;;32,13341739
3,58436;;;48,61391541
3,58486;;;55,63338679
3,58536;;;60,2113029
3,58586;;;69,67232954
3,58636;;;81,57491144
3,58686;;;84,93204993
3,58736;;;75,47102329
3,58786;;;61,12688612
3,58836;;;51,36066508
3,58886;;;47,08794337
3,58936;;;43,73080489
3,58986;;;37,62691673
3,59036;;;31,21783417
3,59086;;;28,16589009
3,59136;;;27,25030687
3,59186;;;24,5035572
3,59236;;;16,87369701
3,59286;;;4,971115108
3,59336;;;-8,762633239
3,59386;;;-24,32754803
3,59436;;;-39,28207401
3,59486;;;-50,8794615
3,59536;;;-57,28854406
3,59586;;;-60,03529373
3,59636;;;-60,95087696
3,59686;;;-59,73009933
3,59736;;;-55,45737762
3,59786;;;-49,65868387
3,59836;;;-43,55479572
3,59886;;;-36,53532434
3,59936;;;-27,98988092
3,59986;;;-20,97040955
3,60036;;;-16,69768784
3,60086;;;-13,34054935
3,60136;;;-8,762633239
3,60186;;;-3,879522716
3,60236;;;2,529559846
3,60286;;;14,12694734
3,60336;;;31,21783417
3,60386;;;49,22430422
3,60436;;;62,04246935
3,60486;;;71,19830158
3,60536;;;79,43855059
3,60586;;;84,62685552
3,60636;;;84,93204993
3,60686;;;82,49049466
3,60736;;;80,35413381
3,60786;;;76,99699533
3,60836;;;69,67232954
3,60886;;;61,12688612
3,60936;;;55,02299797
3,60986;;;50,75027626
3,61036;;;44,3411937
3,61086;;;37,62691673
3,61136;;;34,57497265
3,61186;;;32,74380621
3,61236;;;26,02952924
3,61286;;;11,99058648
3,61336;;;-4,489911531
3,61386;;;-20,05482632
3,61436;;;-33,48338026
3,61486;;;-44,47037894
3,61536;;;-52,10023913
3,61586;;;-56,67815525
3,61636;;;-59,42490492
3,61686;;;-58,8145161
3,61736;;;-55,45737762
3,61786;;;-51,48985032
3,61836;;;-47,21712861
3,61886;;;-41,72362927
3,61936;;;-34,09376908
3,61986;;;-27,37949211
3,62036;;;-24,02235362
3,62086;;;-21,27560395
3,62136;;;-17,30807665
3,62186;;;-13,64574376
3,62236;;;-9,067827647
3,62286;;;1,308782215
3,62336;;;19,01005786
3,62386;;;36,10094469
3,62436;;;47,08794337
3,62486;;;54,41260916
3,62536;;;63,26324698
3,62586;;;70,28271836
3,62636;;;70,89310717
3,62686;;;67,23077428
3,62736;;;64,1788302
3,62785;;;61,43208053
3,62835;;;55,02299797
3,62885;;;47,08794337
3,62935;;;41,59444403
3,62985;;;37,32172232
3,63035;;;31,82822299
3,63085;;;26,94511246
3,63135;;;25,72433483
3,63185;;;25,11394602
3,63235;;;18,09447464
3,63285;;;4,360726292
3,63335;;;-9,98341087
3,63385;;;-23,41196481
3,63435;;;-35,92493552
3,63485;;;-46,9119342
3,63535;;;-53,62621117
3,63585;;;-56,06776643
3,63635;;;-57,59373847
3,63685;;;-57,89893288
3,63735;;;-54,8469888
3,63785;;;-49,65868387
3,63835;;;-44,77557335
3,63885;;;-39,28207401
3,63935;;;-31,65221382
3,63985;;;-24,32754803
3,64035;;;-20,97040955
3,64085;;;-19,44443751
3,64135;;;-16,39249343
3,64185;;;-11,81457732
3,64235;;;-6,01588357
3,64285;;;3,139948661
3,64335;;;18,70486345
3,64385;;;35,79575029
3,64435;;;47,69833219
3,64485;;;54,41260916
3,64535;;;60,51649731
3,64585;;;66,31519106
3,64635;;;66,92557987
3,64685;;;62,95805257
3,64735;;;59,60091409
3,64785;;;58,68533086
3,64835;;;53,80222034
3,64885;;;43,12041607
3,64935;;;33,65938943
3,64985;;;32,74380621
3,65035;;;37,01652792
3,65085;;;36,71133351
3,65135;;;27,86069569
3,65185;;;15,34772497
3,65235;;;4,360726292
3,65285;;;-6,01588357
3,65335;;;-19,44443751
3,65385;;;-35,61974112
3,65435;;;-50,57426709
3,65485;;;-60,03529373
3,65535;;;-64,61320985
3,65585;;;-67,97034833
3,65635;;;-70,717098
3,65685;;;-70,41190359
3,65735;;;-65,83398748
3,65785;;;-60,64568255
3,65835;;;-56,06776643
3,65885;;;-50,57426709
3,65935;;;-42,9444069
3,65985;;;-35,92493552
3,66035;;;-31,65221382
3,66085;;;-28,29507533
3,66135;;;-24,02235362
3,66185;;;-20,36002073
3,66235;;;-15,47691021
3,66285;;;-5,100300347
3,66335;;;11,38019767
3,66385;;;28,4710845
3,66435;;;40,06847199
3,66485;;;48,308721
3,66535;;;56,2437756
3,66585;;;61,73727494
3,66635;;;61,43208053
3,66685;;;58,38013646
3,66735;;;56,85416442
3,66785;;;55,32819238
3,66835;;;49,83469304
3,66885;;;42,20483285
3,66935;;;37,01652792
3,66985;;;33,65938943
3,67035;;;28,16589009
3,67085;;;23,58797398
3,67135;;;22,97758516
3,67185;;;23,58797398
3,67235;;;18,09447464
3,67285;;;6,191892738
3,67335;;;-7,236661201
3,67385;;;-19,44443751
3,67435;;;-30,43143619
3,67485;;;-39,28207401
3,67535;;;-44,16518453
3,67585;;;-45,99635098
3,67635;;;-47,21712861
3,67685;;;-45,38596216
3,67735;;;-39,58726842
3,67785;;;-32,26260263
3,67835;;;-26,46390889
3,67885;;;-20,36002073
3,67935;;;-11,81457732
3,67985;;;-4,184717123
3,68035;;;-0,2171898234
3,68085;;;2,529559846
3,68135;;;7,717864777
3,68185;;;13,21136412
3,68235;;;17,78928023
3,68285;;;26,33472365
3,68335;;;42,81522166
3,68384;;;60,51649731
3,68434;;;71,50349599
3,68484;;;77,30218973
3,68534;;;84,0164667
3,68584;;;89,50996604
3,68634;;;89,50996604
3,68684;;;85,54243874
3,68734;;;83,71127229
3,68784;;;82,18530026
3,68834;;;76,0814121
3,68884;;;66,62038546
3,68934;;;59,29571968
3,68984;;;55,02299797
3,69034;;;49,22430422
3,69084;;;42,20483285
3,69134;;;37,62691673
3,69184;;;34,57497265
3,69234;;;26,02952924
3,69284;;;10,76980885
3,69334;;;-6,01588357
3,69384;;;-21,88599277
3,69434;;;-36,23012993
3,69484;;;-49,04829506
3,69534;;;-57,89893288
3,69584;;;-63,39243222
3,69634;;;-67,97034833
3,69684;;;-70,41190359
3,69734;;;-69,19112596
3,69784;;;-65,83398748
3,69834;;;-63,08723781
3,69884;;;-60,34048814
3,69934;;;-55,15218321
3,69984;;;-49,65868387
3,70034;;;-47,21712861
3,70084;;;-46,60673979
3,70134;;;-44,77557335
3,70184;;;-41,11324046
3,70234;;;-36,84051875
3,70284;;;-28,29507533
3,70334;;;-13,34054935
3,70384;;;3,445143069
3,70434;;;14,12694734
3,70484;;;19,31525227
3,70534;;;25,11394602
3,70584;;;30,60744535
3,70634;;;29,99705654
3,70684;;;24,80875161
3,70734;;;22,67239075
3,70784;;;24,5035572
3,70834;;;22,67239075
3,70884;;;15,04253056
3,70934;;;8,328253592
3,70984;;;4,971115108
3,71034;;;0,393198992
3,71084;;;-6,321077977
3,71134;;;-9,373022054
3,71184;;;-8,457438831
3,71234;;;-12,42496613
3,71284;;;-22,80157599
3,71334;;;-30,43143619
3,71384;;;-31,65221382
3,71434;;;-38,06129638
3,71484;;;-58,50932169
3,71534;;;-80,78851346
3,71584;;;-89,33395687
3,71634;;;-86,5872072
3,71684;;;-85,97681839
3,71734;;;-88,72356806
3,71784;;;-86,5872072
3,71834;;;-78,95734701
3,71884;;;-72,85345886
3,71934;;;-70,10670919
3,71984;;;-64,91840426
3,72034;;;-55,76257203
3,72084;;;-48,13271183
3,72134;;;-44,77557335
3,72184;;;-42,63921249
3,72234;;;-39,28207401
3,72284;;;-33,48338026
3,72334;;;-22,80157599
3,72384;;;-6,01588357
3,72434;;;10,76980885
3,72484;;;22,36719635
3,72534;;;30,30225095
3,72584;;;38,54249995
3,72634;;;45,86716574
3,72684;;;47,69833219
3,72734;;;46,17236015
3,72784;;;45,25677692
3,72834;;;44,3411937
3,72884;;;39,76327759
3,72934;;;33,65938943
3,72984;;;29,38666772
3,73034;;;26,33472365
3,73084;;;21,14641872
3,73134;;;16,5685026
3,73184;;;15,34772497
3,73234;;;14,12694734
3,73284;;;7,717864777
3,73334;;;-3,879522716
3,73384;;;-16,39249343
3,73434;;;-28,60026974
3,73484;;;-41,41843486
3,73534;;;-52,40543354
3,73584;;;-58,8145161
3,73634;;;-60,64568255
3,73684;;;-62,17165459
3,73734;;;-62,47684899
3,73784;;;-59,73009933
3,73834;;;-55,15218321
3,73884;;;-50,8794615
3,73934;;;-45,38596216
3,73984;;;-38,36649079
3,74033;;;-32,56779704
3,74083;;;-29,82104737
3,74133;;;-27,37949211
3,74183;;;-22,80157599
3,74233;;;-18,83404869
3,74283;;;-15,1717158
3,74333;;;-7,236661201
3,74383;;;8,328253592
3,74433;;;25,11394602
3,74483;;;36,10094469
3,74533;;;42,20483285
3,74583;;;48,91910982
3,74633;;;55,02299797
3,74683;;;56,2437756
3,74733;;;53,80222034
3,74783;;;52,2762483
3,74833;;;50,75027626
3,74883;;;45,86716574
3,74933;;;39,15288877
3,74983;;;33,96458384
3,75033;;;29,99705654
3,75083;;;25,41914042
3,75133;;;21,75680753
3,75183;;;20,84122431
3,75233;;;19,62044668
3,75283;;;12,90616971
3,75333;;;1,308782215
3,75383;;;-10,89899409
3,75433;;;-23,41196481
3,75483;;;-35,61974112
3,75533;;;-45,08076776
3,75583;;;-49,65868387
3,75633;;;-50,8794615
3,75683;;;-52,40543354
3,75733;;;-52,40543354
3,75783;;;-48,74310065
3,75833;;;-43,55479572
3,75883;;;-39,28207401
3,75933;;;-34,09376908
3,75983;;;-26,15871448
3,76033;;;-18,83404869
3,76083;;;-15,1717158
3,76133;;;-13,03535495
3,76183;;;-8,762633239
3,76233;;;-4,184717123
3,76283;;;0,08800458433
3,76333;;;9,549031223
3,76383;;;26,33472365
3,76433;;;44,03599929
3,76483;;;54,41260916
3,76533;;;59,60091409
3,76583;;;66,62038546
3,76633;;;73,33466243
3,76683;;;74,55544006
3,76733;;;71,19830158
3,76783;;;69,67232954
3,76833;;;68,75674632
3,76883;;;62,95805257
3,76933;;;54,71780356
3,76983;;;49,52949863
3,77033;;;47,08794337
3,77083;;;41,89963844
3,77133;;;35,18536147
3,77183;;;32,74380621
3,77233;;;32,74380621
3,77283;;;26,33472365
3,77333;;;11,07500326
3,77383;;;-4,184717123
3,77433;;;-15,47691021
3,77483;;;-26,46390889
3,77533;;;-39,28207401
3,77583;;;-47,52232302
3,77633;;;-49,04829506
3,77683;;;-50,57426709
3,77733;;;-55,15218321
3,77783;;;-54,54179439
3,77833;;;-42,63921249
3,77883;;;-27,37949211
3,77933;;;-22,49638159
3,77983;;;-28,60026974
3,78033;;;-34,09376908
3,78083;;;-31,34701941
3,78133;;;-24,63274244
3,78183;;;-20,97040955
3,78233;;;-19,74963192
3,78283;;;-15,47691021
3,78333;;;-3,879522716
3,78383;;;12,29578089
3,78433;;;26,94511246
3,78483;;;37,01652792
3,78533;;;44,64638811
3,78583;;;51,97105389
3,78633;;;56,54897001
3,78683;;;57,46455323
3,78733;;;56,85416442
3,78783;;;56,85416442
3,78833;;;55,02299797
3,78883;;;48,61391541
3,78933;;;40,98405522
3,78983;;;35,79575029
3,79033;;;31,82822299
3,79083;;;26,33472365
3,79133;;;22,36719635
3,79183;;;22,06200194
3,79233;;;21,14641872
3,79283;;;13,21136412
3,79333;;;-0,2171898234
3,79383;;;-13,95093817
3,79433;;;-26,15871448
3,79483;;;-38,06129638
3,79533;;;-47,82751742
3,79583;;;-52,10023913
3,79632;;;-52,71062795
3,79682;;;-54,54179439
3,79732;;;-56,37296084
3,79782;;;-54,54179439
3,79832;;;-49,65868387
3,79882;;;-44,47037894
3,79932;;;-39,58726842
3,79982;;;-33,48338026
3,80032;;;-27,0742977
3,80082;;;-23,41196481
3,80132;;;-21,27560395
3,80182;;;-17,91846547
3,80232;;;-13,64574376
3,80282;;;-8,457438831
3,80332;;;1,003587807
3,80382;;;16,5685026
3,80432;;;32,13341739
3,80482;;;42,81522166
3,80532;;;49,83469304
3,80582;;;56,54897001
3,80632;;;61,43208053
3,80682;;;61,12688612
3,80732;;;57,76974764
3,80782;;;55,63338679
3,80832;;;53,19183152
3,80882;;;47,69833219
3,80932;;;40,06847199
3,80982;;;33,96458384
3,81032;;;28,4710845
3,81082;;;22,36719635
3,81132;;;17,17889142
3,81182;;;14,73733615
3,81232;;;11,99058648
3,81282;;;4,360726292
3,81332;;;-8,152244424
3,81382;;;-22,49638159
3,81432;;;-36,84051875
3,81482;;;-50,57426709
3,81532;;;-60,95087696
3,81582;;;-67,66515393
3,81632;;;-72,24307004
3,81682;;;-75,29501412
3,81732;;;-74,6846253
3,81782;;;-71,63268123
3,81832;;;-68,27554274
3,81882;;;-65,83398748
3,81932;;;-60,64568255
3,81982;;;-53,01582236
3,82032;;;-47,82751742
3,82082;;;-45,99635098
3,82132;;;-42,9444069
3,82182;;;-37,75610197
3,82232;;;-32,56779704
3,82282;;;-27,68468652
3,82332;;;-17,30807665
3,82382;;;0,08800458433
3,82432;;;17,17889142
3,82482;;;28,77627891
3,82532;;;37,62691673
3,82582;;;46,47755455
3,82632;;;52,88663712
3,82682;;;54,10741475
3,82732;;;53,80222034
3,82782;;;54,10741475
3,82832;;;51,97105389
3,82882;;;46,78274896
3,82932;;;41,59444403
3,82982;;;38,54249995
3,83032;;;34,57497265
3,83082;;;28,77627891
3,83132;;;25,11394602
3,83182;;;25,41914042
3,83232;;;23,89316839
3,83282;;;15,95811378
3,83332;;;4,055531884
3,83382;;;-7,847050016
3,83432;;;-20,36002073
3,83482;;;-31,95740822
3,83532;;;-41,11324046
3,83582;;;-47,52232302
3,83632;;;-52,71062795
3,83682;;;-55,45737762
3,83732;;;-53,93140558
3,83782;;;-50,57426709
3,83832;;;-48,74310065
3,83882;;;-44,77557335
3,83932;;;-35,92493552
3,83982;;;-27,98988092
3,84032;;;-26,46390889
3,84082;;;-24,63274244
3,84132;;;-13,03535495
3,84182;;;0,393198992
3,84232;;;2,224365438
3,84282;;;-5,100300347
3,84332;;;-3,2691339
3,84382;;;14,43214175
3,84432;;;33,35419502
3,84482;;;42,51002725
3,84532;;;48,00352659
3,84582;;;57,15935882
3,84632;;;64,48402461
3,84682;;;64,48402461
3,84732;;;62,04246935
3,84782;;;62,95805257
3,84832;;;62,04246935
3,84882;;;55,32819238
3,84932;;;47,69833219
3,84982;;;44,64638811
3,85032;;;42,51002725
3,85082;;;37,32172232
3,85132;;;32,13341739
3,85182;;;30,30225095
3,85232;;;27,55550128
3,85281;;;18,39966905
3,85331;;;5,886698331
3,85381;;;-6,626272385
3,85431;;;-20,36002073
3,85481;;;-34,70415789
3,85531;;;-45,38596216
3,85581;;;-50,8794615
3,85631;;;-54,54179439
3,85681;;;-58,8145161
3,85731;;;-60,03529373
3,85781;;;-56,67815525
3,85831;;;-52,40543354
3,85881;;;-49,35348946
3,85931;;;-44,77557335
3,85981;;;-37,14571316
3,86031;;;-31,041825
3,86081;;;-29,21065856
3,86131;;;-27,98988092
3,86181;;;-24,32754803
3,86231;;;-19,74963192
3,86281;;;-14,56132699
3,86331;;;-3,2691339
3,86381;;;13,51655852
3,86431;;;29,99705654
3,86481;;;41,28924962
3,86531;;;49,52949863
3,86581;;;57,46455323
3,86631;;;62,04246935
3,86681;;;62,65285816
3,86731;;;62,34766376
3,86781;;;63,26324698
3,86831;;;61,43208053
3,86881;;;55,02299797
3,86931;;;48,308721
3,86981;;;44,64638811
3,87031;;;40,98405522
3,87081;;;35,79575029
3,87131;;;31,82822299
3,87181;;;31,21783417
3,87231;;;29,08147332
3,87281;;;20,84122431
3,87331;;;8,633448
3,87381;;;-4,184717123
3,87431;;;-17,61327106
3,87481;;;-30,73663059
3,87531;;;-40,50285164
3,87581;;;-45,99635098
3,87631;;;-49,96387828
3,87681;;;-53,93140558
3,87731;;;-53,62621117
3,87781;;;-49,04829506
3,87831;;;-44,16518453
3,87881;;;-40,80804605
3,87931;;;-35,61974112
3,87981;;;-27,37949211
3,88031;;;-20,66521514
3,88081;;;-18,22365988
3,88131;;;-16,69768784
3,88181;;;-12,42496613
3,88231;;;-6,931466793
3,88281;;;-1,437967454
3,88331;;;8,023059185
3,88381;;;23,89316839
3,88431;;;39,76327759
3,88481;;;50,13988745
3,88531;;;57,76974764
3,88581;;;65,39960783
3,88631;;;71,19830158
3,88681;;;71,80869039
3,88731;;;69,36713513
3,88781;;;66,92557987
3,88831;;;63,56844139
3,88881;;;56,85416442
3,88931;;;49,83469304
3,88981;;;44,64638811
3,89031;;;39,45808318
3,89081;;;33,04900062
3,89131;;;28,77627891
3,89181;;;28,16589009
3,89231;;;25,72433483
3,89281;;;15,95811378
3,89331;;;1,613976623
3,89381;;;-11,81457732
3,89431;;;-24,32754803
3,89481;;;-37,45090756
3,89531;;;-48,43790624
3,89581;;;-54,23659999
3,89631;;;-56,98334966
3,89681;;;-59,42490492
3,89731;;;-59,11971051
3,89781;;;-55,45737762
3,89831;;;-50,8794615
3,89881;;;-46,60673979
3,89931;;;-40,19765723
3,89981;;;-31,041825
3,90031;;;-24,63274244
3,90081;;;-22,49638159
3,90131;;;-19,1392431
3,90181;;;-12,73016054
3,90231;;;-7,236661201
3,90281;;;-2,353550677
3,90331;;;9,549031223
3,90381;;;29,38666772
3,90431;;;45,56197133
3,90481;;;53,19183152
3,90531;;;63,26324698
3,90581;;;82,49049466
3,90631;;;98,05540946
3,90681;;;96,22424301
3,90731;;;83,40607789
3,90781;;;75,77621769
3,90831;;;76,38660651
3,90880;;;74,86063447
3,90930;;;67,53596869
3,90980;;;61,73727494
3,91030;;;59,60091409
3,91080;;;56,85416442
3,91130;;;52,58144271
3,91180;;;50,44508186
3,91230;;;49,52949863
3,91280;;;43,42561048
3,91330;;;30,91263976
3,91380;;;16,26330819
3,91430;;;3,750337477
3,91480;;;-7,541855608
3,91530;;;-17,30807665
3,91580;;;-23,71715922
3,91630;;;-26,76910329
3,91680;;;-27,68468652
3,91730;;;-27,0742977
3,91780;;;-23,71715922
3,91830;;;-19,44443751
3,91880;;;-15,1717158
3,91930;;;-9,98341087
3,91980;;;-3,574328308
3,92030;;;1,003587807
3,92080;;;3,139948661
3,92130;;;4,360726292
3,92180;;;6,497087146
3,92230;;;9,243836815
3,92280;;;14,12694734
3,92330;;;23,89316839
3,92380;;;38,23730555
3,92430;;;51,05547067
3,92480;;;59,60091409
3,92530;;;66,00999665
3,92580;;;71,80869039
3,92630;;;74,55544006
3,92680;;;73,33466243
3,92730;;;70,58791276
3,92780;;;68,45155191
3,92830;;;63,56844139
3,92880;;;55,32819238
3,92930;;;47,08794337
3,92980;;;41,28924962
3,93030;;;35,49055588
3,93080;;;28,77627891
3,93130;;;24,5035572
3,93180;;;22,97758516
3,93230;;;19,01005786
3,93280;;;8,023059185
3,93330;;;-6,01588357
3,93380;;;-20,05482632
3,93430;;;-34,09376908
3,93480;;;-48,13271183
3,93530;;;-59,73009933
3,93580;;;-66,7495707
3,93630;;;-71,02229241
3,93680;;;-74,6846253
3,93730;;;-76,21059734
3,93780;;;-74,6846253
3,93830;;;-72,24307004
3,93880;;;-69,80151478
3,93930;;;-66,7495707
3,93980;;;-62,7820434
3,94030;;;-60,03529373
3,94080;;;-59,11971051
3,94130;;;-58,20412729
3,94180;;;-56,37296084
3,94230;;;-54,54179439
3,94280;;;-50,57426709
3,94330;;;-40,80804605
3,94380;;;-26,76910329
3,94430;;;-14,56132699
3,94480;;;-7,236661201
3,94530;;;-1,437967454
3,94580;;;4,6659207
3,94630;;;8,023059185
3,94680;;;7,107475961
3,94730;;;4,971115108
3,94780;;;2,834754254
3,94830;;;-1,743161862
3,94880;;;-9,98341087
3,94930;;;-17,91846547
3,94980;;;-23,1067704
3,95030;;;-28,60026974
3,95080;;;-35,31454671
3,95130;;;-40,19765723
3,95180;;;-42,02882368
3,95230;;;-45,08076776
3,95280;;;-53,32101676
3,95330;;;-65,52879307
3,95380;;;-78,95734701
3,95430;;;-92,69109536
3,95480;;;-105,5092605
3,95530;;;-115,5806759
3,95580;;;-121,9897585
3,95630;;;-126,5676746
3,95680;;;-129,3144243
3,95730;;;-128,0936467
3,95780;;;-124,1261194
3,95830;;;-120,7689809
3,95880;;;-117,7170368
3,95930;;;-111,918343
3,95980;;;-104,5936773
3,96030;;;-99,71056673
3,96080;;;-97,87940029
3,96130;;;-95,43784503
3,96180;;;-91,16512332
3,96230;;;-86,5872072
3,96280;;;-81,39890227
3,96330;;;-69,80151478
3,96380;;;-52,10023913
3,96430;;;-35,0093523
3,96480;;;-24,02235362
3,96529;;;-16,69768784
3,96579;;;-8,762633239
3,96629;;;-1,743161862
3,96679;;;0,08800458433
3,96729;;;-0,5223842311
3,96779;;;-0,8275786388
3,96829;;;-0,5223842311
3,96879;;;-3,879522716
3,96929;;;-10,59379969
3,96979;;;-15,1717158
3,97029;;;-15,78210462
3,97079;;;-16,39249343
3,97129;;;-20,05482632
3,97179;;;-23,1067704
3,97229;;;-20,97040955
3,97279;;;-16,39249343
3,97329;;;-21,58079836
3,97379;;;-41,11324046
3,97429;;;-64,91840426
3,97479;;;-78,34695819
3,97529;;;-80,48331905
3,97579;;;-81,70409668
3,97629;;;-86,5872072
3,97679;;;-89,33395687
3,97729;;;-84,14565194
3,97779;;;-76,51579175
3,97829;;;-71,32748682
3,97879;;;-66,13918189
3,97929;;;-56,37296084
3,97979;;;-45,38596216
3,98029;;;-38,9768796
3,98079;;;-35,92493552
3,98129;;;-30,12624178
3,98179;;;-22,80157599
3,98229;;;-16,39249343
3,98279;;;-8,457438831
3,98329;;;5,581503923
3,98379;;;24,80875161
3,98429;;;41,59444403
3,98479;;;53,80222034
3,98529;;;65,09441342
3,98579;;;75,47102329
3,98629;;;81,88010585
3,98679;;;84,62685552
3,98729;;;86,76321637
3,98779;;;88,89957723
3,98829;;;87,06841078
3,98879;;;82,18530026
3,98929;;;78,82816177
3,98979;;;77,60738414
3,99029;;;74,86063447
3,99079;;;70,58791276
3,99129;;;68,75674632
3,99179;;;69,36713513
3,99229;;;67,23077428
3,99279;;;59,90610849
3,99329;;;49,52949863
3,99379;;;38,54249995
3,99429;;;26,02952924
3,99479;;;13,82175293
3,99529;;;5,886698331
3,99579;;;2,224365438
3,99629;;;0,08800458433
3,99679;;;-1,132773046
3,99729;;;0,393198992
3,99779;;;5,886698331
3,99829;;;11,99058648
3,99879;;;18,39966905
3,99929;;;26,02952924
3,99979;;;33,96458384
4,00029;;;39,76327759
4,00079;;;44,03599929
4,00129;;;48,91910982
4,00179;;;54,10741475
4,00229;;;58,38013646
4,00279;;;64,1788302
4,00329;;;77,30218973
4,00379;;;95,00346538
4,00429;;;109,9579914
4,00479;;;119,7242124
4,00529;;;128,2696558
4,00579;;;136,8150992
4,00629;;;141,3930154
4,00679;;;141,0878209
4,00729;;;138,9514601
4,00779;;;136,8150992
4,00829;;;132,5423775
4,00879;;;125,2177117
4,00929;;;118,5034348
4,00979;;;113,6203242
4,01029;;;107,8216305
4,01079;;;101,4125479
4,01129;;;97,13982623
4,01179;;;94,08788216
4,01229;;;87,983994
4,01279;;;76,69180092
4,01329;;;62,34766376
4,01379;;;47,39313778
4,01429;;;32,13341739
4,01479;;;17,78928023
4,01529;;;7,107475961
4,01579;;;-0,5223842311
4,01629;;;-7,236661201
4,01679;;;-12,42496613
4,01729;;;-13,03535495
4,01779;;;-10,59379969
4,01829;;;-9,067827647
4,01879;;;-7,847050016
4,01929;;;-3,879522716
4,01979;;;1,003587807
4,02029;;;3,445143069
4,02079;;;3,445143069
4,02128;;;4,6659207
4,02178;;;7,107475961
4,02228;;;7,717864777
4,02278;;;9,854225631
4,02328;;;19,92564108
4,02378;;;35,18536147
4,02428;;;45,86716574
4,02478;;;50,44508186
4,02528;;;54,71780356
4,02578;;;61,12688612
4,02628;;;63,56844139
4,02678;;;59,60091409
4,02728;;;55,02299797
4,02778;;;52,58144271
4,02828;;;47,39313778
4,02878;;;37,01652792
4,02928;;;26,63991805
4,02978;;;21,14641872
4,03028;;;15,34772497
4,03078;;;7,412670369
4,03128;;;1,613976623
4,03178;;;0,08800458433
4,03228;;;-4,184717123
4,03278;;;-17,30807665
4,03328;;;-33,48338026
4,03378;;;-46,9119342
4,03428;;;-60,03529373
4,03478;;;-75,90540293
4,03528;;;-88,72356806
4,03578;;;-90,5547345
4,03628;;;-86,89240161
4,03678;;;-89,02876246
4,03728;;;-98,4897891
4,03778;;;-106,1196493
4,03828;;;-105,2040661
4,03878;;;-98,4897891
4,03928;;;-91,77551213
4,03978;;;-87,50279043
4,04028;;;-85,36642957
4,04078;;;-83,53526313
4,04128;;;-80,78851346
4,04178;;;-78,04176379
4,04228;;;-75,60020853
4,04278;;;-70,41190359
4,04328;;;-59,11971051
4,04378;;;-43,24960131
4,04428;;;-29,51585296
4,04478;;;-20,97040955
4,04528;;;-14,25613258
4,04578;;;-6,626272385
4,04628;;;-1,743161862
4,04678;;;-0,8275786388
4,04728;;;-1,437967454
4,04778;;;-1,743161862
4,04828;;;-3,879522716
4,04878;;;-9,373022054
4,04928;;;-14,86652139
4,04978;;;-17,61327106
4,05028;;;-19,74963192
4,05078;;;-22,80157599
4,05128;;;-24,93793685
4,05178;;;-25,24313125
4,05228;;;-26,76910329
4,05278;;;-33,17818586
4,05328;;;-44,16518453
4,05378;;;-56,67815525
4,05428;;;-68,27554274
4,05478;;;-78,04176379
4,05528;;;-84,45084635
4,05578;;;-89,02876246
4,05628;;;-92,38590095
4,05678;;;-93,60667858
4,05728;;;-89,63915128
4,05778;;;-82,92487431
4,05828;;;-76,82098616
4,05878;;;-71,02229241
4,05928;;;-63,39243222
4,05978;;;-55,15218321
4,06028;;;-49,04829506
4,06078;;;-45,08076776
4,06128;;;-39,58726842
4,06178;;;-33,17818586
4,06228;;;-27,98988092
4,06278;;;-20,66521514
4,06328;;;-6,321077977
4,06378;;;12,6009753
4,06428;;;28,77627891
4,06478;;;39,45808318
4,06528;;;49,52949863
4,06578;;;59,60091409
4,06628;;;66,00999665
4,06678;;;67,84116309
4,06728;;;69,06194072
4,06778;;;70,28271836
4,06828;;;68,75674632
4,06878;;;63,56844139
4,06928;;;60,2113029
4,06978;;;58,99052527
4,07028;;;55,63338679
4,07078;;;50,44508186
4,07128;;;48,308721
4,07178;;;49,52949863
4,07228;;;47,69833219
4,07278;;;38,84769436
4,07328;;;26,33472365
4,07378;;;14,12694734
4,07428;;;1,613976623
4,07478;;;-9,98341087
4,07528;;;-18,52885429
4,07578;;;-23,41196481
4,07628;;;-27,37949211
4,07678;;;-30,43143619
4,07728;;;-29,21065856
4,07777;;;-24,93793685
4,07827;;;-20,97040955
4,07877;;;-17,30807665
4,07927;;;-11,2041885
4,07977;;;-4,489911531
4,08027;;;-0,8275786388
4,08077;;;0,08800458433
4,08127;;;3,750337477
4,08177;;;8,328253592
4,08227;;;10,46461445
4,08277;;;14,73733615
4,08327;;;26,63991805
4,08377;;;43,42561048
4,08427;;;55,32819238
4,08477;;;61,73727494
4,08527;;;68,45155191
4,08577;;;76,99699533
4,08627;;;80,35413381
4,08677;;;78,52296736
4,08727;;;76,38660651
4,08777;;;75,47102329
4,08827;;;70,28271836
4,08877;;;60,82169172
4,08927;;;53,80222034
4,08977;;;50,13988745
4,09027;;;44,95158252
4,09077;;;37,93211114
4,09127;;;33,96458384
4,09177;;;32,4386118
4,09227;;;27,55550128
4,09277;;;17,17889142
4,09327;;;5,581503923
4,09377;;;-6,931466793
4,09427;;;-22,19118718
4,09477;;;-35,61974112
4,09527;;;-42,9444069
4,09577;;;-48,13271183
4,09627;;;-56,98334966
4,09677;;;-61,56126577
4,09727;;;-52,10023913
4,09777;;;-36,84051875
4,09827;;;-33,48338026
4,09877;;;-42,9444069
4,09927;;;-48,43790624
4,09977;;;-41,72362927
4,10027;;;-33,17818586
4,10077;;;-31,95740822
4,10127;;;-31,95740822
4,10177;;;-27,37949211
4,10227;;;-20,97040955
4,10277;;;-15,47691021
4,10327;;;-5,100300347
4,10377;;;11,07500326
4,10427;;;25,72433483
4,10477;;;33,96458384
4,10527;;;40,3736664
4,10577;;;48,308721
4,10627;;;53,19183152
4,10677;;;52,88663712
4,10727;;;51,66585949
4,10777;;;51,36066508
4,10827;;;48,308721
4,10877;;;40,98405522
4,10927;;;34,57497265
4,10977;;;31,52302858
4,11027;;;28,77627891
4,11077;;;24,19836279
4,11127;;;20,84122431
4,11177;;;20,23083549
4,11227;;;17,17889142
4,11277;;;8,633448
4,11327;;;-2,658745085
4,11377;;;-14,56132699
4,11427;;;-26,46390889
4,11477;;;-38,06129638
4,11527;;;-46,60673979
4,11577;;;-51,48985032
4,11627;;;-54,8469888
4,11677;;;-56,67815525
4,11727;;;-55,76257203
4,11777;;;-52,40543354
4,11827;;;-48,13271183
4,11877;;;-43,24960131
4,11927;;;-36,53532434
4,11977;;;-30,43143619
4,12027;;;-27,37949211
4,12077;;;-25,54832566
4,12127;;;-21,58079836
4,12177;;;-17,00288225
4,12227;;;-13,64574376
4,12277;;;-8,457438831
4,12327;;;3,445143069
4,12377;;;19,01005786
4,12427;;;31,52302858
4,12477;;;39,45808318
4,12527;;;46,78274896
4,12577;;;53,49702593
4,12627;;;56,54897001
4,12677;;;56,85416442
4,12727;;;56,54897001
4,12777;;;55,63338679
4,12827;;;51,36066508
4,12877;;;44,95158252
4,12927;;;39,76327759
4,12977;;;36,10094469
4,13027;;;31,52302858
4,13077;;;26,63991805
4,13127;;;25,11394602
4,13177;;;24,19836279
4,13227;;;19,62044668
4,13277;;;10,15942004
4,13327;;;-0,8275786388
4,13376;;;-13,03535495
4,13426;;;-25,85352007
4,13476;;;-37,14571316
4,13526;;;-44,16518453
4,13576;;;-49,35348946
4,13626;;;-54,8469888
4,13676;;;-57,89893288
4,13726;;;-56,37296084
4,13776;;;-53,01582236
4,13826;;;-50,8794615
4,13876;;;-47,52232302
4,13926;;;-40,50285164
4,13976;;;-33,17818586
4,14026;;;-30,43143619
4,14076;;;-29,51585296
4,14126;;;-26,46390889
4,14176;;;-22,19118718
4,14226;;;-19,1392431
4,14276;;;-13,64574376
4,14326;;;-1,437967454
4,14376;;;14,12694734
4,14426;;;26,33472365
4,14476;;;34,26977825
4,14526;;;41,59444403
4,14576;;;48,308721
4,14626;;;51,05547067
4,14676;;;51,66585949
4,14726;;;52,2762483
4,14776;;;51,36066508
4,14826;;;46,47755455
4,14876;;;39,45808318
4,14926;;;34,26977825
4,14976;;;30,60744535
4,15026;;;26,02952924
4,15076;;;21,45161312
4,15126;;;19,01005786
4,15176;;;16,87369701
4,15226;;;11,99058648
4,15276;;;4,055531884
4,15326;;;-6,321077977
4,15376;;;-20,66521514
4,15426;;;-35,0093523
4,15476;;;-45,38596216
4,15526;;;-51,79504472
4,15576;;;-58,20412729
4,15626;;;-64,61320985
4,15676;;;-66,44437629
4,15726;;;-63,08723781
4,15776;;;-60,64568255
4,15826;;;-59,73009933
4,15876;;;-54,8469888
4,15926;;;-47,21712861
4,15976;;;-42,9444069
4,16026;;;-41,41843486
4,16076;;;-33,17818586
4,16126;;;-19,74963192
4,16176;;;-14,86652139
4,16226;;;-22,80157599
4,16276;;;-26,76910329
4,16326;;;-14,25613258
4,16376;;;5,276309515
4,16426;;;17,78928023
4,16476;;;23,89316839
4,16526;;;32,74380621
4,16576;;;43,12041607
4,16626;;;46,47755455
4,16676;;;44,3411937
4,16726;;;44,64638811
4,16776;;;45,86716574
4,16826;;;41,89963844
4,16876;;;33,96458384
4,16926;;;28,77627891
4,16976;;;27,25030687
4,17026;;;23,89316839
4,17076;;;19,31525227
4,17126;;;17,17889142
4,17176;;;17,17889142
4,17226;;;13,51655852
4,17276;;;4,055531884
4,17326;;;-6,931466793
4,17376;;;-18,52885429
4,17426;;;-30,43143619
4,17476;;;-40,50285164
4,17526;;;-46,9119342
4,17576;;;-51,79504472
4,17626;;;-56,98334966
4,17676;;;-60,03529373
4,17726;;;-57,89893288
4,17776;;;-53,01582236
4,17826;;;-49,35348946
4,17876;;;-45,38596216
4,17926;;;-39,28207401
4,17976;;;-33,78857467
4,18026;;;-30,73663059
4,18076;;;-28,90546415
4,18126;;;-24,93793685
4,18176;;;-20,66521514
4,18226;;;-17,00288225
4,18276;;;-10,28860528
4,18326;;;2,224365438
4,18376;;;17,48408582
4,18426;;;29,69186213
4,18476;;;38,23730555
4,18526;;;45,86716574
4,18576;;;52,58144271
4,18626;;;56,2437756
4,18676;;;57,46455323
4,18726;;;58,07494205
4,18776;;;56,2437756
4,18826;;;51,05547067
4,18876;;;44,95158252
4,18926;;;40,98405522
4,18976;;;37,62691673
4,19025;;;32,4386118
4,19075;;;27,25030687
4,19125;;;24,80875161
4,19175;;;23,89316839
4,19225;;;19,62044668
4,19275;;;10,76980885
4,19325;;;-0,8275786388
4,19375;;;-13,64574376
4,19425;;;-26,46390889
4,19475;;;-37,45090756
4,19525;;;-45,38596216
4,19575;;;-51,48985032
4,19625;;;-56,67815525
4,19675;;;-58,50932169
4,19725;;;-56,37296084
4,19775;;;-53,01582236
4,19825;;;-49,96387828
4,19875;;;-46,30154539
4,19925;;;-40,50285164
4,19975;;;-35,61974112
4,20025;;;-32,87299145
4,20075;;;-30,73663059
4,20125;;;-27,37949211
4,20175;;;-24,93793685
4,20225;;;-22,19118718
4,20275;;;-14,86652139
4,20325;;;-1,437967454
4,20375;;;11,99058648
4,20425;;;21,45161312
4,20475;;;29,08147332
4,20525;;;37,32172232
4,20575;;;44,3411937
4,20625;;;46,17236015
4,20675;;;45,86716574
4,20725;;;47,08794337
4,20775;;;46,78274896
4,20825;;;41,59444403
4,20875;;;34,26977825
4,20925;;;30,30225095
4,20975;;;28,4710845
4,21025;;;25,72433483
4,21075;;;21,14641872
4,21125;;;19,01005786
4,21175;;;18,39966905
4,21225;;;14,73733615
4,21275;;;6,497087146
4,21325;;;-3,574328308
4,21375;;;-14,86652139
4,21425;;;-26,46390889
4,21475;;;-36,23012993
4,21525;;;-42,33401809
4,21575;;;-46,9119342
4,21625;;;-51,79504472
4,21675;;;-54,23659999
4,21725;;;-51,79504472
4,21775;;;-47,21712861
4,21825;;;-43,85999012
4,21875;;;-40,50285164
4,21925;;;-33,48338026
4,21975;;;-25,24313125
4,22025;;;-21,58079836
4,22075;;;-21,27560395
4,22125;;;-17,91846547
4,22175;;;-12,11977172
4,22225;;;-8,762633239
4,22275;;;-4,795105939
4,22325;;;6,802281554
4,22375;;;25,11394602
4,22425;;;37,62691673
4,22475;;;41,28924962
4,22525;;;46,78274896
4,22575;;;61,73727494
4,22625;;;76,69180092
4,22675;;;78,21777296
4,22725;;;66,92557987
4,22775;;;55,32819238
4,22825;;;50,44508186
4,22875;;;48,91910982
4,22925;;;45,56197133
4,22975;;;40,06847199
4,23025;;;35,79575029
4,23075;;;33,65938943
4,23125;;;32,74380621
4,23175;;;30,91263976
4,23225;;;26,63991805
4,23275;;;19,01005786
4,23325;;;8,938642408
4,23375;;;-2,04835627
4,23425;;;-13,64574376
4,23475;;;-22,49638159
4,23525;;;-28,29507533
4,23575;;;-32,56779704
4,23625;;;-36,53532434
4,23675;;;-38,67168519
4,23725;;;-36,84051875
4,23775;;;-33,48338026
4,23825;;;-31,65221382
4,23875;;;-28,60026974
4,23925;;;-21,88599277
4,23975;;;-15,47691021
4,24025;;;-13,03535495
4,24075;;;-13,03535495
4,24125;;;-10,28860528
4,24175;;;-5,710689162
4,24225;;;-2,353550677
4,24275;;;2,834754254
4,24325;;;14,43214175
4,24375;;;29,08147332
4,24425;;;39,15288877
4,24475;;;45,25677692
4,24525;;;51,36066508
4,24575;;;57,76974764
4,24624;;;60,2113029
4,24674;;;59,29571968
4,24724;;;59,29571968
4,24774;;;59,60091409
4,24824;;;54,71780356
4,24874;;;46,17236015
4,24924;;;39,76327759
4,24974;;;36,71133351
4,25024;;;33,04900062
4,25074;;;28,16589009
4,25124;;;24,80875161
4,25174;;;23,28277957
4,25224;;;19,01005786
4,25274;;;10,76980885
4,25324;;;-0,2171898234
4,25374;;;-12,42496613
4,25424;;;-25,24313125
4,25474;;;-35,61974112
4,25524;;;-42,02882368
4,25574;;;-47,52232302
4,25624;;;-53,93140558
4,25674;;;-57,28854406
4,25724;;;-55,15218321
4,25774;;;-51,18465591
4,25824;;;-48,74310065
4,25874;;;-45,69115657
4,25924;;;-39,58726842
4,25974;;;-33,78857467
4,26024;;;-32,26260263
4,26074;;;-32,26260263
4,26124;;;-29,51585296
4,26174;;;-25,85352007
4,26224;;;-23,71715922
4,26274;;;-18,52885429
4,26324;;;-6,321077977
4,26374;;;8,023059185
4,26424;;;17,78928023
4,26474;;;23,58797398
4,26524;;;30,60744535
4,26574;;;37,93211114
4,26624;;;40,67886081
4,26674;;;38,84769436
4,26724;;;37,32172232
4,26774;;;36,10094469
4,26824;;;31,52302858
4,26874;;;24,19836279
4,26924;;;18,70486345
4,26974;;;15,04253056
4,27024;;;10,46461445
4,27074;;;5,581503923
4,27124;;;3,445143069
4,27174;;;2,224365438
4,27224;;;-2,658745085
4,27274;;;-12,11977172
4,27324;;;-22,80157599
4,27374;;;-33,78857467
4,27424;;;-45,99635098
4,27474;;;-56,67815525
4,27524;;;-62,7820434
4,27574;;;-66,13918189
4,27624;;;-70,41190359
4,27674;;;-73,76904208
4,27724;;;-71,32748682
4,27774;;;-64,61320985
4,27824;;;-60,03529373
4,27874;;;-57,89893288
4,27924;;;-53,62621117
4,27974;;;-46,30154539
4,28024;;;-40,19765723
4,28074;;;-37,14571316
4,28124;;;-34,70415789
4,28174;;;-31,041825
4,28224;;;-27,68468652
4,28274;;;-23,71715922
4,28324;;;-15,47691021
4,28374;;;-2,353550677
4,28424;;;11,68539208
4,28474;;;23,58797398
4,28524;;;33,04900062
4,28574;;;40,67886081
4,28624;;;46,78274896
4,28674;;;51,36066508
4,28724;;;52,88663712
4,28774;;;50,44508186
4,28824;;;47,69833219
4,28874;;;50,44508186
4,28924;;;56,2437756
4,28974;;;55,02299797
4,29024;;;42,20483285
4,29074;;;27,55550128
4,29124;;;23,58797398
4,29174;;;27,55550128
4,29224;;;27,86069569
4,29274;;;20,84122431
4,29324;;;12,6009753
4,29374;;;5,276309515
4,29424;;;-5,100300347
4,29474;;;-18,83404869
4,29524;;;-28,90546415
4,29574;;;-33,78857467
4,29624;;;-37,75610197
4,29674;;;-42,33401809
4,29724;;;-43,55479572
4,29774;;;-39,89246282
4,29824;;;-35,61974112
4,29874;;;-33,17818586
4,29924;;;-29,51585296
4,29974;;;-22,80157599
4,30024;;;-17,00288225
4,30074;;;-14,86652139
4,30124;;;-13,03535495
4,30174;;;-9,067827647
4,30224;;;-6,01588357
4,30273;;;-3,574328308
4,30323;;;2,224365438
4,30373;;;14,43214175
4,30423;;;28,16589009
4,30473;;;38,54249995
4,30523;;;45,86716574
4,30573;;;53,19183152
4,30623;;;58,99052527
4,30673;;;62,04246935
4,30723;;;62,65285816
4,30773;;;62,65285816
4,30823;;;60,82169172
4,30873;;;56,2437756
4,30923;;;50,44508186
4,30973;;;45,86716574
4,31023;;;40,98405522
4,31073;;;36,10094469
4,31123;;;33,04900062
4,31173;;;32,13341739
4,31223;;;30,30225095
4,31273;;;25,11394602
4,31323;;;17,17889142
4,31373;;;6,802281554
4,31423;;;-5,100300347
4,31473;;;-17,00288225
4,31523;;;-26,15871448
4,31573;;;-32,56779704
4,31623;;;-39,89246282
4,31673;;;-46,60673979
4,31723;;;-48,43790624
4,31773;;;-45,38596216
4,31823;;;-42,63921249
4,31873;;;-41,41843486
4,31923;;;-38,06129638
4,31973;;;-31,34701941
4,32023;;;-27,0742977
4,32073;;;-26,76910329
4,32123;;;-25,85352007
4,32173;;;-22,19118718
4,32223;;;-19,44443751
4,32273;;;-18,22365988
4,32323;;;-12,73016054
4,32373;;;0,08800458433
4,32423;;;13,82175293
4,32473;;;22,67239075
4,32523;;;28,77627891
4,32573;;;36,71133351
4,32623;;;43,42561048
4,32673;;;45,56197133
4,32723;;;45,25677692
4,32773;;;45,56197133
4,32823;;;44,64638811
4,32873;;;39,76327759
4,32923;;;33,35419502
4,32973;;;29,69186213
4,33023;;;26,94511246
4,33073;;;22,67239075
4,33123;;;18,70486345
4,33173;;;17,17889142
4,33223;;;15,95811378
4,33273;;;10,76980885
4,33323;;;2,224365438
4,33373;;;-7,236661201
4,33423;;;-17,00288225
4,33473;;;-27,68468652
4,33523;;;-36,23012993
4,33573;;;-42,02882368
4,33623;;;-46,9119342
4,33673;;;-51,79504472
4,33723;;;-53,62621117
4,33773;;;-51,48985032
4,33823;;;-48,13271183
4,33873;;;-46,30154539
4,33923;;;-42,63921249
4,33973;;;-35,61974112
4,34023;;;-29,82104737
4,34073;;;-28,90546415
4,34123;;;-29,21065856
4,34173;;;-26,15871448
4,34223;;;-22,19118718
4,34273;;;-19,44443751
4,34323;;;-15,1717158
4,34373;;;-4,184717123
4,34423;;;9,549031223
4,34473;;;19,92564108
4,34523;;;25,72433483
4,34573;;;31,21783417
4,34623;;;37,01652792
4,34673;;;39,15288877
4,34723;;;38,84769436
4,34773;;;39,15288877
4,34823;;;39,76327759
4,34873;;;35,79575029
4,34923;;;28,4710845
4,34973;;;23,28277957
4,35023;;;21,45161312
4,35073;;;18,70486345
4,35123;;;13,82175293
4,35173;;;11,99058648
4,35223;;;13,51655852
4,35273;;;10,46461445
4,35323;;;-0,8275786388
4,35373;;;-13,64574376
4,35423;;;-18,22365988
4,35473;;;-16,69768784
4,35523;;;-20,36002073
4,35573;;;-33,78857467
4,35623;;;-49,35348946
4,35673;;;-56,67815525
4,35723;;;-55,45737762
4,35773;;;-52,10023913
4,35823;;;-50,8794615
4,35872;;;-48,74310065
4,35922;;;-42,9444069
4,35972;;;-36,23012993
4,36022;;;-32,26260263
4,36072;;;-31,041825
4,36122;;;-28,90546415
4,36172;;;-24,93793685
4,36222;;;-21,27560395
4,36272;;;-18,22365988
4,36322;;;-11,81457732
4,36372;;;-0,5223842311
4,36422;;;11,07500326
4,36472;;;19,92564108
4,36522;;;26,63991805
4,36572;;;32,74380621
4,36622;;;37,62691673
4,36672;;;40,06847199
4,36722;;;41,28924962
4,36772;;;41,89963844
4,36822;;;40,3736664
4,36872;;;35,79575029
4,36922;;;30,91263976
4,36972;;;27,86069569
4,37022;;;25,11394602
4,37072;;;20,5360299
4,37122;;;16,87369701
4,37172;;;16,26330819
4,37222;;;15,95811378
4,37272;;;11,68539208
4,37322;;;3,750337477
4,37372;;;-4,489911531
4,37422;;;-14,56132699
4,37472;;;-24,93793685
4,37522;;;-32,87299145
4,37572;;;-36,84051875
4,37622;;;-40,19765723
4,37672;;;-44,16518453
4,37722;;;-46,9119342
4,37772;;;-45,38596216
4,37822;;;-42,63921249
4,37872;;;-40,80804605
4,37922;;;-37,45090756
4,37972;;;-31,041825
4,38022;;;-25,85352007
4,38072;;;-24,63274244
4,38122;;;-24,02235362
4,38172;;;-21,27560395
4,38222;;;-17,91846547
4,38272;;;-15,78210462
4,38322;;;-10,28860528
4,38372;;;0,6983933997
4,38422;;;13,51655852
4,38472;;;22,06200194
4,38522;;;27,86069569
4,38572;;;34,26977825
4,38622;;;39,76327759
4,38672;;;41,89963844
4,38722;;;42,20483285
4,38772;;;43,12041607
4,38822;;;42,81522166
4,38872;;;38,84769436
4,38922;;;33,65938943
4,38972;;;30,91263976
4,39022;;;28,77627891
4,39072;;;24,5035572
4,39122;;;20,5360299
4,39172;;;19,92564108
4,39222;;;20,5360299
4,39272;;;16,87369701
4,39322;;;9,549031223
4,39372;;;1,308782215
4,39422;;;-7,236661201
4,39472;;;-16,69768784
4,39522;;;-24,02235362
4,39572;;;-28,29507533
4,39622;;;-31,65221382
4,39672;;;-35,61974112
4,39722;;;-37,14571316
4,39772;;;-34,39896349
4,39822;;;-30,43143619
4,39872;;;-28,29507533
4,39922;;;-25,24313125
4,39972;;;-19,74963192
4,40022;;;-15,47691021
4,40072;;;-14,25613258
4,40122;;;-13,03535495
4,40172;;;-9,678216462
4,40222;;;-6,321077977
4,40272;;;-4,795105939
4,40322;;;-0,5223842311
4,40372;;;9,549031223
4,40422;;;21,75680753
4,40472;;;29,69186213
4,40522;;;33,96458384
4,40572;;;39,15288877
4,40622;;;43,42561048
4,40672;;;45,25677692
4,40722;;;45,86716574
4,40772;;;46,78274896
4,40822;;;45,86716574
4,40872;;;40,98405522
4,40922;;;36,10094469
4,40972;;;33,65938943
4,41022;;;30,91263976
4,41072;;;26,33472365
4,41122;;;23,58797398
4,41172;;;23,58797398
4,41222;;;21,14641872
4,41272;;;14,12694734
4,41322;;;6,497087146
4,41372;;;0,08800458433
4,41422;;;-9,067827647
4,41472;;;-20,97040955
4,41521;;;-28,29507533
4,41571;;;-29,51585296
4,41621;;;-33,48338026
4,41671;;;-42,9444069
4,41721;;;-45,38596216
4,41771;;;-32,87299145
4,41821;;;-19,44443751
4,41871;;;-20,05482632
4,41921;;;-29,82104737
4,41971;;;-32,56779704
4,42021;;;-26,46390889
4,42071;;;-21,88599277
4,42121;;;-22,19118718
4,42171;;;-21,27560395
4,42221;;;-17,61327106
4,42271;;;-13,95093817
4,42321;;;-9,373022054
4,42371;;;0,393198992
4,42421;;;12,6009753
4,42471;;;20,23083549
4,42521;;;23,89316839
4,42571;;;29,08147332
4,42621;;;35,18536147
4,42671;;;37,62691673
4,42721;;;37,32172232
4,42771;;;38,23730555
4,42821;;;38,84769436
4,42871;;;35,18536147
4,42921;;;29,08147332
4,42971;;;25,72433483
4,43021;;;24,80875161
4,43071;;;22,67239075
4,43121;;;20,23083549
4,43171;;;20,5360299
4,43221;;;20,84122431
4,43271;;;16,26330819
4,43321;;;8,023059185
4,43371;;;0,393198992
4,43421;;;-6,626272385
4,43471;;;-15,1717158
4,43521;;;-22,19118718
4,43571;;;-26,15871448
4,43621;;;-28,90546415
4,43671;;;-32,56779704
4,43721;;;-34,70415789
4,43771;;;-32,87299145
4,43821;;;-29,51585296
4,43871;;;-27,37949211
4,43921;;;-24,63274244
4,43971;;;-19,1392431
4,44021;;;-14,56132699
4,44071;;;-13,34054935
4,44121;;;-12,73016054
4,44171;;;-10,28860528
4,44221;;;-8,152244424
4,44271;;;-7,236661201
4,44321;;;-1,743161862
4,44371;;;9,243836815
4,44421;;;20,5360299
4,44471;;;26,33472365
4,44521;;;29,08147332
4,44571;;;34,26977825
4,44621;;;39,45808318
4,44671;;;40,67886081
4,44721;;;40,06847199
4,44771;;;40,67886081
4,44821;;;40,98405522
4,44871;;;37,32172232
4,44921;;;31,52302858
4,44971;;;27,86069569
4,45021;;;25,11394602
4,45071;;;21,45161312
4,45121;;;18,39966905
4,45171;;;17,48408582
4,45221;;;16,5685026
4,45271;;;11,38019767
4,45321;;;3,445143069
4,45371;;;-5,100300347
4,45421;;;-13,95093817
4,45471;;;-22,80157599
4,45521;;;-29,21065856
4,45571;;;-33,17818586
4,45621;;;-37,14571316
4,45671;;;-42,33401809
4,45721;;;-43,85999012
4,45771;;;-41,11324046
4,45821;;;-38,06129638
4,45871;;;-37,45090756
4,45921;;;-35,0093523
4,45971;;;-29,21065856
4,46021;;;-24,63274244
4,46071;;;-24,32754803
4,46121;;;-24,63274244
4,46171;;;-21,88599277
4,46221;;;-18,52885429
4,46271;;;-16,39249343
4,46321;;;-11,50938291
4,46371;;;-1,132773046
4,46421;;;9,243836815
4,46471;;;15,65291938
4,46521;;;20,23083549
4,46571;;;26,33472365
4,46621;;;30,91263976
4,46671;;;31,82822299
4,46721;;;32,4386118
4,46771;;;33,96458384
4,46821;;;33,35419502
4,46871;;;28,16589009
4,46921;;;22,97758516
4,46971;;;21,14641872
4,47021;;;19,31525227
4,47071;;;14,73733615
4,47120;;;11,68539208
4,47170;;;11,68539208
4,47220;;;11,07500326
4,47270;;;5,886698331
4,47320;;;-0,2171898234
4,47370;;;-6,321077977
4,47420;;;-13,95093817
4,47470;;;-23,41196481
4,47520;;;-29,51585296
4,47570;;;-30,73663059
4,47620;;;-33,78857467
4,47670;;;-40,19765723
4,47720;;;-42,9444069
4,47770;;;-39,58726842
4,47820;;;-36,53532434
4,47870;;;-35,92493552
4,47920;;;-31,95740822
4,47970;;;-23,71715922
4,48020;;;-20,36002073
4,48070;;;-23,41196481
4,48120;;;-21,27560395
4,48170;;;-8,152244424
4,48220;;;2,224365438
4,48270;;;-0,8275786388
4,48320;;;-7,847050016
4,48370;;;-2,658745085
4,48420;;;11,68539208
4,48470;;;21,45161312
4,48520;;;23,58797398
4,48570;;;26,63991805
4,48620;;;33,65938943
4,48670;;;37,93211114
4,48720;;;37,93211114
4,48770;;;37,62691673
4,48820;;;37,93211114
4,48870;;;34,88016706
4,48920;;;29,99705654
4,48970;;;26,63991805
4,49020;;;25,11394602
4,49070;;;22,67239075
4,49120;;;19,92564108
4,49170;;;19,01005786
4,49220;;;18,39966905
4,49270;;;15,04253056
4,49320;;;8,938642408
4,49370;;;1,613976623
4,49420;;;-6,321077977
4,49470;;;-14,86652139
4,49520;;;-21,58079836
4,49570;;;-24,93793685
4,49620;;;-28,29507533
4,49670;;;-32,26260263
4,49720;;;-33,48338026
4,49770;;;-31,34701941
4,49820;;;-28,60026974
4,49870;;;-26,76910329
4,49920;;;-23,41196481
4,49970;;;-17,61327106
4,50020;;;-13,64574376
4,50070;;;-13,34054935
4,50120;;;-12,73016054
4,50170;;;-9,678216462
4,50220;;;-6,626272385
4,50270;;;-4,795105939
4,50320;;;0,393198992
4,50370;;;11,38019767
4,50420;;;22,06200194
4,50470;;;27,86069569
4,50520;;;31,82822299
4,50570;;;37,01652792
4,50620;;;42,20483285
4,50670;;;44,03599929
4,50720;;;44,3411937
4,50770;;;45,25677692
4,50820;;;44,03599929
4,50870;;;39,45808318
4,50920;;;34,57497265
4,50970;;;31,21783417
4,51020;;;28,4710845
4,51070;;;25,11394602
4,51120;;;22,36719635
4,51170;;;21,14641872
4,51220;;;19,01005786
4,51270;;;13,82175293
4,51320;;;7,107475961
4,51370;;;-0,5223842311
4,51420;;;-9,98341087
4,51470;;;-19,74963192
4,51520;;;-25,54832566
4,51570;;;-28,29507533
4,51620;;;-32,56779704
4,51670;;;-38,06129638
4,51720;;;-40,19765723
4,51770;;;-38,06129638
4,51820;;;-35,61974112
4,51870;;;-34,39896349
4,51920;;;-30,73663059
4,51970;;;-24,02235362
4,52020;;;-19,74963192
4,52070;;;-20,05482632
4,52120;;;-20,05482632
4,52170;;;-17,61327106
4,52220;;;-15,1717158
4,52270;;;-13,95093817
4,52320;;;-9,373022054
4,52370;;;0,08800458433
4,52420;;;9,243836815
4,52470;;;14,12694734
4,52520;;;18,09447464
4,52570;;;23,58797398
4,52620;;;28,16589009
4,52670;;;29,69186213
4,52720;;;29,69186213
4,52769;;;29,99705654
4,52819;;;27,86069569
4,52869;;;22,97758516
4,52919;;;18,09447464
4,52969;;;14,73733615
4,53019;;;11,07500326
4,53069;;;7,107475961
4,53119;;;4,971115108
4,53169;;;4,971115108
4,53219;;;3,139948661
4,53269;;;-1,743161862
4,53319;;;-8,457438831
4,53369;;;-16,69768784
4,53419;;;-26,76910329
4,53469;;;-35,92493552
4,53519;;;-40,50285164
4,53569;;;-42,9444069
4,53619;;;-48,13271183
4,53669;;;-53,62621117
4,53719;;;-54,54179439
4,53769;;;-51,79504472
4,53819;;;-49,65868387
4,53869;;;-48,13271183
4,53919;;;-42,9444069
4,53969;;;-36,84051875
4,54019;;;-34,39896349
4,54069;;;-34,70415789
4,54119;;;-31,95740822
4,54169;;;-28,29507533
4,54219;;;-27,68468652
4,54269;;;-26,46390889
4,54319;;;-17,61327106
4,54369;;;-6,01588357
4,54419;;;0,393198992
4,54469;;;5,581503923
4,54519;;;18,39966905
4,54569;;;33,35419502
4,54619;;;35,79575029
4,54669;;;25,72433483
4,54719;;;19,01005786
4,54769;;;22,67239075
4,54819;;;25,41914042
4,54869;;;19,31525227
4,54919;;;12,6009753
4,54969;;;11,99058648
4,55019;;;12,29578089
4,55069;;;8,938642408
4,55119;;;6,191892738
4,55169;;;8,328253592
4,55219;;;9,549031223
4,55269;;;4,055531884
4,55319;;;-3,574328308
4,55369;;;-10,28860528
4,55419;;;-16,69768784
4,55469;;;-24,63274244
4,55519;;;-30,43143619
4,55569;;;-33,17818586
4,55619;;;-35,61974112
4,55669;;;-39,28207401
4,55719;;;-40,19765723
4,55769;;;-37,45090756
4,55819;;;-35,0093523
4,55869;;;-32,87299145
4,55919;;;-28,60026974
4,55969;;;-22,19118718
4,56019;;;-18,52885429
4,56069;;;-18,22365988
4,56119;;;-15,78210462
4,56169;;;-11,2041885
4,56219;;;-8,457438831
4,56269;;;-6,931466793
4,56319;;;-0,5223842311
4,56369;;;10,76980885
4,56419;;;20,84122431
4,56469;;;25,72433483
4,56519;;;29,69186213
4,56569;;;35,18536147
4,56619;;;39,45808318
4,56669;;;40,67886081
4,56719;;;41,89963844
4,56769;;;43,42561048
4,56819;;;41,59444403
4,56869;;;36,71133351
4,56919;;;33,04900062
4,56969;;;31,82822299
4,57019;;;29,38666772
4,57069;;;25,72433483
4,57119;;;24,5035572
4,57169;;;25,41914042
4,57219;;;23,89316839
4,57269;;;18,39966905
4,57319;;;12,29578089
4,57369;;;6,802281554
4,57419;;;-0,8275786388
4,57469;;;-10,28860528
4,57519;;;-16,69768784
4,57569;;;-19,44443751
4,57619;;;-23,41196481
4,57669;;;-28,60026974
4,57719;;;-30,43143619
4,57769;;;-27,68468652
4,57819;;;-25,54832566
4,57869;;;-24,32754803
4,57919;;;-20,66521514
4,57969;;;-14,86652139
4,58019;;;-11,81457732
4,58069;;;-12,73016054
4,58119;;;-12,42496613
4,58169;;;-8,762633239
4,58219;;;-5,710689162
4,58269;;;-4,489911531
4,58319;;;0,393198992
4,58368;;;10,46461445
4,58418;;;19,92564108
4,58468;;;24,5035572
4,58518;;;27,55550128
4,58568;;;32,4386118
4,58618;;;37,01652792
4,58668;;;38,84769436
4,58718;;;39,15288877
4,58768;;;39,76327759
4,58818;;;38,23730555
4,58868;;;34,57497265
4,58918;;;30,91263976
4,58968;;;28,77627891
4,59018;;;26,33472365
4,59068;;;22,97758516
4,59118;;;20,5360299
4,59168;;;20,23083549
4,59218;;;18,39966905
4,59268;;;13,51655852
4,59318;;;7,717864777
4,59368;;;1,919171031
4,59418;;;-5,405494754
4,59468;;;-14,56132699
4,59518;;;-20,97040955
4,59568;;;-23,71715922
4,59618;;;-26,76910329
4,59668;;;-31,041825
4,59718;;;-33,17818586
4,59768;;;-31,34701941
4,59818;;;-28,29507533
4,59868;;;-26,46390889
4,59918;;;-24,32754803
4,59968;;;-20,66521514
4,60018;;;-17,61327106
4,60068;;;-17,00288225
4,60118;;;-16,08729902
4,60168;;;-13,64574376
4,60218;;;-11,50938291
4,60268;;;-9,678216462
4,60318;;;-4,184717123
4,60368;;;5,886698331
4,60418;;;15,04253056
4,60468;;;19,92564108
4,60518;;;23,89316839
4,60568;;;29,99705654
4,60618;;;35,18536147
4,60668;;;36,71133351
4,60718;;;37,01652792
4,60768;;;38,23730555
4,60818;;;36,4061391
4,60868;;;30,91263976
4,60918;;;26,02952924
4,60968;;;25,11394602
4,61018;;;23,28277957
4,61068;;;16,87369701
4,61118;;;13,21136412
4,61168;;;19,01005786
4,61218;;;27,55550128
4,61268;;;25,11394602
4,61318;;;10,15942004
4,61368;;;-6,01588357
4,61418;;;-14,86652139
4,61468;;;-18,52885429
4,61518;;;-23,1067704
4,61568;;;-29,82104737
4,61618;;;-35,0093523
4,61668;;;-37,45090756
4,61718;;;-37,45090756
4,61768;;;-36,53532434
4,61818;;;-35,0093523
4,61868;;;-32,26260263
4,61918;;;-27,98988092
4,61968;;;-23,71715922
4,62018;;;-21,58079836
4,62068;;;-20,05482632
4,62118;;;-17,91846547
4,62168;;;-16,39249343
4,62218;;;-15,47691021
4,62268;;;-13,03535495
4,62318;;;-5,405494754
4,62368;;;4,971115108
4,62418;;;13,21136412
4,62468;;;18,09447464
4,62518;;;22,97758516
4,62568;;;29,69186213
4,62618;;;34,26977825
4,62668;;;35,49055588
4,62718;;;36,4061391
4,62768;;;37,32172232
4,62818;;;35,49055588
4,62868;;;30,60744535
4,62918;;;26,63991805
4,62968;;;24,80875161
4,63018;;;22,97758516
4,63068;;;19,92564108
4,63118;;;18,39966905
4,63168;;;18,39966905
4,63218;;;15,95811378
4,63268;;;10,15942004
4,63318;;;3,750337477
4,63368;;;-2,658745085
4,63418;;;-10,89899409
4,63468;;;-19,44443751
4,63518;;;-24,63274244
4,63568;;;-27,37949211
4,63618;;;-31,34701941
4,63668;;;-35,92493552
4,63718;;;-37,14571316
4,63768;;;-34,09376908
4,63818;;;-31,34701941
4,63868;;;-29,82104737
4,63918;;;-25,85352007
4,63968;;;-20,36002073
4,64017;;;-17,61327106
4,64067;;;-17,61327106
4,64117;;;-16,39249343
4,64167;;;-12,73016054
4,64217;;;-10,28860528
4,64267;;;-8,152244424
4,64317;;;-2,658745085
4,64367;;;6,497087146
4,64417;;;15,34772497
4,64467;;;21,14641872
4,64517;;;26,33472365
4,64567;;;31,52302858
4,64617;;;35,18536147
4,64667;;;36,10094469
4,64717;;;37,32172232
4,64767;;;37,93211114
4,64817;;;35,49055588
4,64867;;;30,30225095
4,64917;;;26,02952924
4,64967;;;23,58797398
4,65017;;;20,5360299
4,65067;;;17,17889142
4,65117;;;15,95811378
4,65167;;;15,95811378
4,65217;;;13,51655852
4,65267;;;8,023059185
4,65317;;;1,919171031
4,65367;;;-3,879522716
4,65417;;;-12,11977172
4,65467;;;-20,05482632
4,65517;;;-24,63274244
4,65567;;;-27,37949211
4,65617;;;-31,65221382
4,65667;;;-36,53532434
4,65717;;;-38,06129638
4,65767;;;-36,23012993
4,65817;;;-34,39896349
4,65867;;;-33,17818586
4,65917;;;-29,82104737
4,65967;;;-24,93793685
4,66017;;;-22,49638159
4,66067;;;-23,1067704
4,66117;;;-22,80157599
4,66167;;;-20,36002073
4,66217;;;-17,91846547
4,66267;;;-15,78210462
4,66317;;;-9,98341087
4,66367;;;-0,2171898234
4,66417;;;8,328253592
4,66467;;;13,82175293
4,66517;;;17,48408582
4,66567;;;22,36719635
4,66617;;;27,25030687
4,66667;;;28,77627891
4,66717;;;28,77627891
4,66767;;;29,08147332
4,66817;;;29,08147332
4,66867;;;25,72433483
4,66917;;;20,84122431
4,66967;;;17,48408582
4,67017;;;15,95811378
4,67067;;;14,12694734
4,67117;;;11,68539208
4,67167;;;10,76980885
4,67217;;;11,07500326
4,67267;;;7,717864777
4,67317;;;-1,437967454
4,67367;;;-11,81457732
4,67417;;;-14,25613258
4,67467;;;-10,89899409
4,67517;;;-12,73016054
4,67567;;;-25,54832566
4,67617;;;-40,50285164
4,67667;;;-44,77557335
4,67717;;;-40,19765723
4,67767;;;-36,84051875
4,67817;;;-38,36649079
4,67867;;;-37,14571316
4,67917;;;-30,12624178
4,67967;;;-24,32754803
4,68017;;;-24,02235362
4,68067;;;-24,32754803
4,68117;;;-20,97040955
4,68167;;;-17,00288225
4,68217;;;-16,08729902
4,68267;;;-14,56132699
4,68317;;;-6,626272385
4,68367;;;3,750337477
4,68417;;;11,07500326
4,68467;;;15,65291938
4,68517;;;21,14641872
4,68567;;;26,94511246
4,68617;;;30,60744535
4,68667;;;32,13341739
4,68717;;;34,88016706
4,68767;;;36,71133351
4,68817;;;34,26977825
4,68867;;;29,69186213
4,68917;;;26,63991805
4,68967;;;25,11394602
4,69017;;;22,97758516
4,69067;;;20,5360299
4,69117;;;19,62044668
4,69167;;;19,31525227
4,69217;;;16,87369701
4,69267;;;11,99058648
4,69317;;;6,497087146
4,69367;;;0,08800458433
4,69417;;;-8,762633239
4,69467;;;-15,78210462
4,69517;;;-19,44443751
4,69567;;;-22,80157599
4,69616;;;-28,60026974
4,69666;;;-33,17818586
4,69716;;;-33,17818586
4,69766;;;-30,73663059
4,69816;;;-29,21065856
4,69866;;;-27,37949211
4,69916;;;-22,49638159
4,69966;;;-17,91846547
4,70016;;;-16,69768784
4,70066;;;-17,30807665
4,70116;;;-14,56132699
4,70166;;;-10,28860528
4,70216;;;-8,762633239
4,70266;;;-6,626272385
4,70316;;;0,08800458433
4,70366;;;10,15942004
4,70416;;;18,39966905
4,70466;;;22,97758516
4,70516;;;27,86069569
4,70566;;;32,74380621
4,70616;;;36,10094469
4,70666;;;37,62691673
4,70716;;;39,15288877
4,70766;;;39,15288877
4,70816;;;35,49055588
4,70866;;;30,30225095
4,70916;;;27,55550128
4,70966;;;26,02952924
4,71016;;;22,67239075
4,71066;;;19,01005786
4,71116;;;18,09447464
4,71166;;;18,39966905
4,71216;;;15,65291938
4,71266;;;10,15942004
4,71316;;;3,750337477
4,71366;;;-2,353550677
4,71416;;;-9,98341087
4,71466;;;-17,30807665
4,71516;;;-22,19118718
4,71566;;;-27,0742977
4,71616;;;-32,26260263
4,71666;;;-35,61974112
4,71716;;;-34,70415789
4,71766;;;-32,56779704
4,71816;;;-32,26260263
4,71866;;;-30,73663059
4,71916;;;-25,24313125
4,71966;;;-19,74963192
4,72016;;;-19,1392431
4,72066;;;-20,66521514
4,72116;;;-18,52885429
4,72166;;;-14,25613258
4,72216;;;-12,11977172
4,72266;;;-10,28860528
4,72316;;;-3,2691339
4,72366;;;6,802281554
4,72416;;;13,82175293
4,72466;;;16,87369701
4,72516;;;21,45161312
4,72566;;;28,16589009
4,72616;;;31,82822299
4,72666;;;31,82822299
4,72716;;;32,13341739
4,72766;;;33,35419502
4,72816;;;31,82822299
4,72866;;;26,63991805
4,72916;;;22,97758516
4,72966;;;21,75680753
4,73016;;;19,62044668
4,73066;;;16,26330819
4,73116;;;15,34772497
4,73166;;;16,87369701
4,73216;;;15,04253056
4,73266;;;8,328253592
4,73316;;;1,613976623
4,73366;;;-3,574328308
4,73416;;;-10,89899409
4,73466;;;-20,66521514
4,73516;;;-26,46390889
4,73566;;;-27,0742977
4,73616;;;-29,82104737
4,73666;;;-37,75610197
4,73716;;;-41,41843486
4,73766;;;-33,17818586
4,73816;;;-19,74963192
4,73866;;;-14,86652139
4,73916;;;-20,66521514
4,73966;;;-27,0742977
4,74016;;;-27,0742977
4,74066;;;-23,41196481
4,74116;;;-20,66521514
4,74166;;;-19,44443751
4,74216;;;-17,61327106
4,74266;;;-13,34054935
4,74316;;;-6,321077977
4,74366;;;2,224365438
4,74416;;;10,46461445
4,74466;;;16,26330819
4,74516;;;20,84122431
4,74566;;;25,41914042
4,74616;;;29,69186213
4,74666;;;32,74380621
4,74716;;;34,26977825
4,74766;;;33,96458384
4,74816;;;31,21783417
4,74866;;;27,25030687
4,74916;;;23,28277957
4,74966;;;20,23083549
4,75016;;;17,17889142
4,75066;;;14,73733615
4,75116;;;13,82175293
4,75166;;;13,51655852
4,75216;;;11,38019767
4,75265;;;7,107475961
4,75315;;;0,6983933997
4,75365;;;-6,321077977
4,75415;;;-13,95093817
4,75465;;;-19,74963192
4,75515;;;-23,71715922
4,75565;;;-27,98988092
4,75615;;;-32,87299145
4,75665;;;-36,53532434
4,75715;;;-36,23012993
4,75765;;;-34,70415789
4,75815;;;-33,17818586
4,75865;;;-29,82104737
4,75915;;;-24,93793685
4,75965;;;-20,97040955
4,76015;;;-20,66521514
4,76065;;;-20,05482632
4,76115;;;-17,00288225
4,76165;;;-14,25613258
4,76215;;;-13,64574376
4,76265;;;-10,89899409
4,76315;;;-1,743161862
4,76365;;;9,243836815
4,76415;;;16,26330819
4,76465;;;20,5360299
4,76515;;;26,33472365
4,76565;;;33,04900062
4,76615;;;37,01652792
4,76665;;;38,23730555
4,76715;;;39,76327759
4,76765;;;40,67886081
4,76815;;;38,23730555
4,76865;;;33,96458384
4,76915;;;30,91263976
4,76965;;;28,16589009
4,77015;;;24,19836279
4,77065;;;20,84122431
4,77115;;;20,84122431
4,77165;;;20,5360299
4,77215;;;16,5685026
4,77265;;;10,46461445
4,77315;;;5,581503923
4,77365;;;-0,2171898234
4,77415;;;-8,762633239
4,77465;;;-16,08729902
4,77515;;;-19,44443751
4,77565;;;-22,49638159
4,77615;;;-27,98988092
4,77665;;;-32,87299145
4,77715;;;-32,26260263
4,77765;;;-29,51585296
4,77815;;;-28,90546415
4,77865;;;-27,68468652
4,77915;;;-22,49638159
4,77965;;;-17,30807665
4,78015;;;-16,69768784
4,78065;;;-18,22365988
4,78115;;;-16,69768784
4,78165;;;-13,34054935
4,78215;;;-11,81457732
4,78265;;;-9,98341087
4,78315;;;-3,2691339
4,78365;;;5,886698331
4,78415;;;12,6009753
4,78465;;;17,17889142
4,78515;;;22,97758516
4,78565;;;28,77627891
4,78615;;;30,91263976
4,78665;;;31,21783417
4,78715;;;33,35419502
4,78765;;;34,26977825
4,78815;;;29,99705654
4,78865;;;23,28277957
4,78915;;;18,70486345
4,78965;;;16,26330819
4,79015;;;12,90616971
4,79065;;;9,549031223
4,79115;;;9,549031223
4,79165;;;10,76980885
4,79215;;;8,328253592
4,79265;;;1,919171031
4,79315;;;-4,489911531
4,79365;;;-11,2041885
4,79415;;;-19,44443751
4,79465;;;-27,37949211
4,79515;;;-32,56779704
4,79565;;;-35,0093523
4,79615;;;-38,67168519
4,79665;;;-43,55479572
4,79715;;;-45,99635098
4,79765;;;-44,47037894
4,79815;;;-39,89246282
4,79865;;;-36,23012993
4,79915;;;-35,31454671
4,79965;;;-34,09376908
4,80015;;;-27,37949211
4,80065;;;-16,08729902
4,80115;;;-9,678216462
4,80165;;;-15,78210462
4,80215;;;-25,85352007
4,80265;;;-25,85352007
4,80315;;;-13,95093817
4,80365;;;-1,743161862
4,80415;;;3,445143069
4,80465;;;7,412670369
4,80515;;;15,34772497
4,80565;;;22,36719635
4,80615;;;24,80875161
4,80665;;;26,02952924
4,80715;;;29,08147332
4,80765;;;30,91263976
4,80815;;;27,55550128
4,80864;;;22,36719635
4,80914;;;19,62044668
4,80964;;;18,09447464
4,81014;;;15,65291938
4,81064;;;13,82175293
4,81114;;;14,43214175
4,81164;;;13,82175293
4,81214;;;9,549031223
4,81264;;;4,360726292
4,81314;;;0,08800458433
4,81364;;;-5,405494754
4,81414;;;-14,25613258
4,81464;;;-21,58079836
4,81514;;;-25,24313125
4,81564;;;-28,90546415
4,81614;;;-34,70415789
4,81664;;;-38,06129638
4,81714;;;-36,53532434
4,81764;;;-33,78857467
4,81814;;;-33,48338026
4,81864;;;-31,34701941
4,81914;;;-24,93793685
4,81964;;;-19,1392431
4,82014;;;-18,52885429
4,82064;;;-18,52885429
4,82114;;;-14,86652139
4,82164;;;-10,28860528
4,82214;;;-9,373022054
4,82264;;;-7,541855608
4,82314;;;0,6983933997
4,82364;;;12,29578089
4,82414;;;19,31525227
4,82464;;;22,97758516
4,82514;;;28,16589009
4,82564;;;35,18536147
4,82614;;;38,84769436
4,82664;;;39,76327759
4,82714;;;40,67886081
4,82764;;;40,67886081
4,82814;;;37,62691673
4,82864;;;33,35419502
4,82914;;;30,91263976
4,82964;;;29,38666772
4,83014;;;25,41914042
4,83064;;;22,06200194
4,83114;;;22,67239075
4,83164;;;24,80875161
4,83214;;;22,06200194
4,83264;;;15,04253056
4,83314;;;8,328253592
4,83364;;;1,919171031
4,83414;;;-5,100300347
4,83464;;;-12,42496613
4,83514;;;-16,69768784
4,83564;;;-20,05482632
4,83614;;;-25,24313125
4,83664;;;-29,21065856
4,83714;;;-28,90546415
4,83764;;;-26,15871448
4,83814;;;-24,93793685
4,83864;;;-23,41196481
4,83914;;;-18,22365988
4,83964;;;-12,73016054
4,84014;;;-11,50938291
4,84064;;;-12,11977172
4,84114;;;-10,28860528
4,84164;;;-6,931466793
4,84214;;;-5,100300347
4,84264;;;-2,04835627
4,84314;;;5,886698331
4,84364;;;16,26330819
4,84414;;;23,58797398
4,84464;;;28,16589009
4,84514;;;33,96458384
4,84564;;;39,76327759
4,84614;;;42,51002725
4,84664;;;43,73080489
4,84714;;;45,56197133
4,84764;;;46,17236015
4,84814;;;42,81522166
4,84864;;;37,62691673
4,84914;;;34,57497265
4,84964;;;32,13341739
4,85014;;;27,86069569
4,85064;;;23,89316839
4,85114;;;23,58797398
4,85164;;;23,89316839
4,85214;;;20,5360299
4,85264;;;13,51655852
4,85314;;;6,802281554
4,85364;;;0,393198992
4,85414;;;-7,541855608
4,85464;;;-15,78210462
4,85514;;;-20,66521514
4,85564;;;-24,02235362
4,85614;;;-28,60026974
4,85664;;;-32,56779704
4,85714;;;-32,26260263
4,85764;;;-29,82104737
4,85814;;;-28,60026974
4,85864;;;-27,37949211
4,85914;;;-22,49638159
4,85964;;;-16,39249343
4,86014;;;-14,56132699
4,86064;;;-16,08729902
4,86114;;;-16,69768784
4,86164;;;-14,56132699
4,86214;;;-11,81457732
4,86264;;;-9,373022054
4,86314;;;-6,01588357
4,86364;;;-1,743161862
4,86414;;;5,886698331
4,86464;;;20,23083549
4,86513;;;35,79575029
4,86563;;;42,20483285
4,86613;;;35,49055588
4,86663;;;27,25030687
4,86713;;;28,4710845
4,86763;;;34,57497265
4,86813;;;34,26977825
4,86863;;;26,94511246
4,86913;;;22,06200194
4,86963;;;21,14641872
4,87013;;;18,39966905
4,87063;;;12,6009753
4,87113;;;9,854225631
4,87163;;;11,07500326
4,87213;;;9,854225631
4,87263;;;4,055531884
4,87313;;;-1,132773046
4,87363;;;-4,795105939
4,87413;;;-11,81457732
4,87463;;;-22,80157599
4,87513;;;-31,041825
4,87563;;;-34,09376908
4,87613;;;-37,14571316
4,87663;;;-43,55479572
4,87713;;;-47,82751742
4,87763;;;-46,60673979
4,87813;;;-44,16518453
4,87863;;;-43,24960131
4,87913;;;-41,41843486
4,87963;;;-35,61974112
4,88013;;;-30,73663059
4,88063;;;-29,51585296
4,88113;;;-28,90546415
4,88163;;;-25,54832566
4,88213;;;-21,88599277
4,88263;;;-20,66521514
4,88313;;;-17,61327106
4,88363;;;-8,457438831
4,88413;;;1,613976623
4,88463;;;7,717864777
4,88513;;;11,68539208
4,88563;;;17,78928023
4,88613;;;24,19836279
4,88663;;;27,55550128
4,88713;;;29,38666772
4,88763;;;32,13341739
4,88813;;;32,74380621
4,88863;;;28,4710845
4,88913;;;23,28277957
4,88963;;;21,45161312
4,89013;;;20,5360299
4,89063;;;17,17889142
4,89113;;;14,12694734
4,89163;;;14,73733615
4,89213;;;15,65291938
4,89263;;;11,68539208
4,89313;;;4,055531884
4,89363;;;-2,658745085
4,89413;;;-9,067827647
4,89463;;;-17,00288225
4,89513;;;-24,32754803
4,89563;;;-28,90546415
4,89613;;;-32,26260263
4,89663;;;-37,14571316
4,89713;;;-41,11324046
4,89763;;;-40,50285164
4,89813;;;-37,45090756
4,89863;;;-35,61974112
4,89913;;;-33,48338026
4,89963;;;-29,21065856
4,90013;;;-24,63274244
4,90063;;;-23,1067704
4,90113;;;-22,19118718
4,90163;;;-19,44443751
4,90213;;;-16,39249343
4,90263;;;-14,86652139
4,90313;;;-11,81457732
4,90363;;;-3,2691339
4,90413;;;6,802281554
4,90463;;;13,82175293
4,90513;;;18,39966905
4,90563;;;25,11394602
4,90613;;;32,4386118
4,90663;;;36,71133351
4,90713;;;37,62691673
4,90763;;;38,84769436
4,90813;;;39,76327759
4,90863;;;37,62691673
4,90913;;;33,04900062
4,90963;;;29,69186213
4,91013;;;26,94511246
4,91063;;;23,58797398
4,91113;;;20,5360299
4,91163;;;20,23083549
4,91213;;;19,62044668
4,91263;;;15,95811378
4,91313;;;10,15942004
4,91363;;;4,6659207
4,91413;;;-1,743161862
4,91463;;;-11,2041885
4,91513;;;-19,74963192
4,91563;;;-24,32754803
4,91613;;;-27,68468652
4,91663;;;-32,87299145
4,91713;;;-36,84051875
4,91763;;;-35,92493552
4,91813;;;-33,17818586
4,91863;;;-31,95740822
4,91913;;;-29,51585296
4,91963;;;-23,41196481
4,92013;;;-18,52885429
4,92063;;;-19,74963192
4,92112;;;-21,27560395
4,92162;;;-17,30807665
4,92212;;;-11,50938291
4,92262;;;-10,59379969
4,92312;;;-9,678216462
4,92362;;;-0,8275786388
4,92412;;;11,68539208
4,92462;;;18,39966905
4,92512;;;19,62044668
4,92562;;;23,89316839
4,92612;;;32,13341739
4,92662;;;35,79575029
4,92712;;;34,88016706
4,92762;;;37,01652792
4,92812;;;41,28924962
4,92862;;;37,62691673
4,92912;;;26,02952924
4,92962;;;20,84122431
4,93012;;;28,4710845
4,93062;;;37,01652792
4,93112;;;33,04900062
4,93162;;;19,62044668
4,93212;;;10,15942004
4,93262;;;7,717864777
4,93312;;;5,276309515
4,93362;;;-1,437967454
4,93412;;;-11,2041885
4,93462;;;-19,1392431
4,93512;;;-24,32754803
4,93562;;;-27,98988092
4,93612;;;-31,95740822
4,93662;;;-37,14571316
4,93712;;;-41,41843486
4,93762;;;-42,02882368
4,93812;;;-39,89246282
4,93862;;;-37,14571316
4,93912;;;-33,78857467
4,93962;;;-29,21065856
4,94012;;;-24,93793685
4,94062;;;-23,1067704
4,94112;;;-22,19118718
4,94162;;;-20,05482632
4,94212;;;-17,30807665
4,94262;;;-15,78210462
4,94312;;;-12,11977172
4,94362;;;-3,574328308
4,94412;;;6,802281554
4,94462;;;14,43214175
4,94512;;;19,31525227
4,94562;;;24,19836279
4,94612;;;29,99705654
4,94662;;;34,26977825
4,94712;;;36,4061391
4,94762;;;37,32172232
4,94812;;;36,71133351
4,94862;;;33,35419502
4,94912;;;29,69186213
4,94962;;;27,25030687
4,95012;;;24,19836279
4,95062;;;20,5360299
4,95112;;;18,70486345
4,95162;;;19,01005786
4,95212;;;17,78928023
4,95262;;;13,82175293
4,95312;;;8,633448
4,95362;;;3,445143069
4,95412;;;-3,574328308
4,95462;;;-13,64574376
4,95512;;;-20,97040955
4,95562;;;-24,02235362
4,95612;;;-27,37949211
4,95662;;;-34,09376908
4,95712;;;-39,28207401
4,95762;;;-38,67168519
4,95812;;;-35,31454671
4,95862;;;-33,48338026
4,95912;;;-31,34701941
4,95962;;;-25,85352007
4,96012;;;-20,36002073
4,96062;;;-18,83404869
4,96112;;;-18,22365988
4,96162;;;-15,1717158
4,96212;;;-11,50938291
4,96262;;;-10,28860528
4,96312;;;-6,626272385
4,96362;;;2,529559846
4,96412;;;13,21136412
4,96462;;;19,31525227
4,96512;;;22,36719635
4,96562;;;27,25030687
4,96612;;;33,96458384
4,96662;;;37,93211114
4,96712;;;39,45808318
4,96762;;;40,67886081
4,96812;;;40,06847199
4,96862;;;36,4061391
4,96912;;;32,13341739
4,96962;;;29,38666772
4,97012;;;27,25030687
4,97062;;;23,58797398
4,97112;;;20,23083549
4,97162;;;19,92564108
4,97212;;;19,92564108
4,97262;;;15,65291938
4,97312;;;9,243836815
4,97362;;;3,139948661
4,97412;;;-3,2691339
4,97462;;;-12,11977172
4,97512;;;-20,66521514
4,97562;;;-25,54832566
4,97612;;;-29,51585296
4,97662;;;-35,31454671
4,97712;;;-39,58726842
4,97761;;;-38,67168519
4,97811;;;-35,61974112
4,97861;;;-33,78857467
4,97911;;;-31,34701941
4,97961;;;-26,46390889
4,98011;;;-22,49638159
4,98061;;;-22,19118718
4,98111;;;-22,19118718
4,98161;;;-18,52885429
4,98211;;;-14,86652139
4,98261;;;-13,34054935
4,98311;;;-9,678216462
4,98361;;;-0,2171898234
4,98411;;;9,854225631
4,98461;;;15,95811378
4,98511;;;19,92564108
4,98561;;;26,63991805
4,98611;;;33,65938943
4,98661;;;36,4061391
4,98711;;;37,62691673
4,98761;;;41,28924962
4,98811;;;42,81522166
4,98861;;;38,54249995
4,98911;;;32,74380621
4,98961;;;30,60744535
4,99011;;;28,77627891
4,99061;;;23,58797398
4,99111;;;20,23083549
4,99161;;;22,36719635
4,99211;;;22,97758516
4,99261;;;15,04253056
4,99311;;;7,107475961
4,99361;;;9,243836815
4,99411;;;13,82175293
4,99461;;;6,191892738
4,99511;;;-12,73016054
4,99561;;;-27,0742977
4,99611;;;-31,041825
4,99661;;;-32,26260263
4,99711;;;-35,61974112
4,99761;;;-36,84051875
4,99811;;;-33,48338026
4,99861;;;-30,12624178
4,99911;;;-28,90546415
4,99961;;;-25,54832566
5,00011;;;-20,36002073
5,00061;;;-17,61327106
5,00111;;;-17,61327106
5,00161;;;-17,00288225
5,00211;;;-14,25613258
5,00261;;;-12,11977172
5,00311;;;-9,067827647
5,00361;;;-2,04835627
5,00411;;;7,107475961
5,00461;;;14,12694734
5,00511;;;18,39966905
5,00561;;;23,58797398
5,00611;;;29,08147332
5,00661;;;32,4386118
5,00711;;;33,65938943
5,00761;;;34,88016706
5,00811;;;34,88016706
5,00861;;;31,21783417
5,00911;;;26,33472365
5,00961;;;23,28277957
5,01011;;;21,45161312
5,01061;;;18,70486345
5,01111;;;16,26330819
5,01161;;;15,95811378
5,01211;;;15,04253056
5,01261;;;11,38019767
5,01311;;;6,191892738
5,01361;;;0,393198992
5,01411;;;-6,931466793
5,01461;;;-16,69768784
5,01511;;;-24,02235362
5,01561;;;-27,68468652
5,01611;;;-31,34701941
5,01661;;;-36,84051875
5,01711;;;-40,19765723
5,01761;;;-39,28207401
5,01811;;;-37,45090756
5,01861;;;-36,53532434
5,01911;;;-33,48338026
5,01961;;;-26,76910329
5,02011;;;-22,49638159
5,02061;;;-22,80157599
5,02111;;;-22,49638159
5,02161;;;-18,22365988
5,02211;;;-13,95093817
5,02261;;;-12,73016054
5,02311;;;-9,98341087
5,02361;;;-1,743161862
5,02411;;;8,023059185
5,02461;;;13,82175293
5,02511;;;17,17889142
5,02561;;;22,67239075
5,02611;;;29,08147332
5,02661;;;33,04900062
5,02711;;;34,57497265
5,02761;;;35,79575029
5,02811;;;35,18536147
5,02861;;;31,52302858
5,02911;;;27,55550128
5,02961;;;25,11394602
5,03011;;;21,75680753
5,03061;;;17,78928023
5,03111;;;15,95811378
5,03161;;;16,26330819
5,03211;;;15,04253056
5,03261;;;9,854225631
5,03311;;;4,360726292
5,03360;;;-0,2171898234
5,03410;;;-6,931466793
5,03460;;;-16,08729902
5,03510;;;-23,1067704
5,03560;;;-26,46390889
5,03610;;;-30,43143619
5,03660;;;-36,53532434
5,03710;;;-40,19765723
5,03760;;;-38,67168519
5,03810;;;-35,0093523
5,03860;;;-32,56779704
5,03910;;;-29,51585296
5,03960;;;-24,02235362
5,04010;;;-19,44443751
5,04060;;;-18,83404869
5,04110;;;-18,52885429
5,04160;;;-16,08729902
5,04210;;;-12,73016054
5,04260;;;-10,59379969
5,04310;;;-6,626272385
5,04360;;;1,003587807
5,04410;;;9,854225631
5,04460;;;16,5685026
5,04510;;;22,06200194
5,04560;;;27,86069569
5,04610;;;32,74380621
5,04660;;;35,49055588
5,04710;;;37,32172232
5,04760;;;38,23730555
5,04810;;;36,4061391
5,04860;;;32,74380621
5,04910;;;29,38666772
5,04960;;;26,94511246
5,05010;;;24,19836279
5,05060;;;21,45161312
5,05110;;;20,84122431
5,05160;;;20,23083549
5,05210;;;16,87369701
5,05260;;;12,6009753
5,05310;;;8,938642408
5,05360;;;2,834754254
5,05410;;;-6,931466793
5,05460;;;-15,1717158
5,05510;;;-19,44443751
5,05560;;;-24,02235362
5,05610;;;-32,56779704
5,05660;;;-35,92493552
5,05710;;;-27,68468652
5,05760;;;-18,83404869
5,05810;;;-23,71715922
5,05860;;;-35,92493552
5,05910;;;-38,06129638
5,05960;;;-28,60026974
5,06010;;;-21,88599277
5,06060;;;-24,63274244
5,06110;;;-25,54832566
5,06160;;;-19,74963192
5,06210;;;-15,1717158
5,06260;;;-16,69768784
5,06310;;;-14,86652139
5,06360;;;-4,184717123
5,06410;;;7,107475961
5,06460;;;12,29578089
5,06510;;;14,73733615
5,06560;;;20,5360299
5,06610;;;27,86069569
5,06660;;;32,4386118
5,06710;;;34,57497265
5,06760;;;35,79575029
5,06810;;;34,26977825
5,06860;;;29,99705654
5,06910;;;26,02952924
5,06960;;;24,5035572
5,07010;;;22,36719635
5,07060;;;18,70486345
5,07110;;;16,87369701
5,07160;;;17,17889142
5,07210;;;15,34772497
5,07260;;;10,15942004
5,07310;;;4,6659207
5,07360;;;0,08800458433
5,07410;;;-6,931466793
5,07460;;;-16,08729902
5,07510;;;-22,80157599
5,07560;;;-26,76910329
5,07610;;;-31,34701941
5,07660;;;-36,84051875
5,07710;;;-39,28207401
5,07760;;;-37,45090756
5,07810;;;-35,61974112
5,07860;;;-33,78857467
5,07910;;;-29,82104737
5,07960;;;-24,02235362
5,08010;;;-21,27560395
5,08060;;;-21,88599277
5,08110;;;-20,97040955
5,08160;;;-17,30807665
5,08210;;;-15,1717158
5,08260;;;-14,56132699
5,08310;;;-10,28860528
5,08360;;;-0,8275786388
5,08410;;;8,023059185
5,08460;;;13,21136412
5,08510;;;17,48408582
5,08560;;;23,89316839
5,08610;;;29,99705654
5,08660;;;33,35419502
5,08710;;;35,18536147
5,08760;;;36,71133351
5,08810;;;35,18536147
5,08860;;;31,52302858
5,08910;;;28,16589009
5,08960;;;26,63991805
5,09009;;;23,89316839
5,09059;;;19,92564108
5,09109;;;18,39966905
5,09159;;;18,39966905
5,09209;;;16,5685026
5,09259;;;12,29578089
5,09309;;;8,023059185
5,09359;;;3,139948661
5,09409;;;-5,100300347
5,09459;;;-15,1717158
5,09509;;;-21,88599277
5,09559;;;-24,63274244
5,09609;;;-28,90546415
5,09659;;;-35,31454671
5,09709;;;-38,36649079
5,09759;;;-35,92493552
5,09809;;;-33,17818586
5,09859;;;-31,34701941
5,09909;;;-27,37949211
5,09959;;;-20,97040955
5,10009;;;-17,30807665
5,10059;;;-17,61327106
5,10109;;;-17,61327106
5,10159;;;-14,25613258
5,10209;;;-11,50938291
5,10259;;;-10,28860528
5,10309;;;-6,01588357
5,10359;;;3,139948661
5,10409;;;12,6009753
5,10459;;;18,39966905
5,10509;;;22,67239075
5,10559;;;27,86069569
5,10609;;;33,35419502
5,10659;;;36,10094469
5,10709;;;38,23730555
5,10759;;;40,3736664
5,10809;;;40,67886081
5,10859;;;37,32172232
5,10909;;;32,13341739
5,10959;;;28,16589009
5,11009;;;25,72433483
5,11059;;;24,19836279
5,11109;;;22,97758516
5,11159;;;21,14641872
5,11209;;;18,39966905
5,11259;;;14,73733615
5,11309;;;10,15942004
5,11359;;;3,750337477
5,11409;;;-3,879522716
5,11459;;;-12,11977172
5,11509;;;-18,83404869
5,11559;;;-24,93793685
5,11609;;;-31,041825
5,11659;;;-35,92493552
5,11709;;;-38,67168519
5,11759;;;-38,9768796
5,11809;;;-37,45090756
5,11859;;;-34,39896349
5,11909;;;-31,041825
5,11959;;;-29,51585296
5,12009;;;-26,46390889
5,12059;;;-17,61327106
5,12109;;;-7,236661201
5,12159;;;-5,710689162
5,12209;;;-14,86652139
5,12259;;;-21,58079836
5,12309;;;-16,08729902
5,12359;;;-3,574328308
5,12409;;;4,6659207
5,12459;;;8,633448
5,12509;;;14,73733615
5,12559;;;22,67239075
5,12609;;;27,25030687
5,12659;;;28,77627891
5,12709;;;30,91263976
5,12759;;;32,74380621
5,12809;;;30,91263976
5,12859;;;26,33472365
5,12909;;;22,97758516
5,12959;;;20,84122431
5,13009;;;16,5685026
5,13059;;;12,90616971
5,13109;;;12,90616971
5,13159;;;13,82175293
5,13209;;;11,07500326
5,13259;;;5,276309515
5,13309;;;1,003587807
5,13359;;;-2,963939493
5,13409;;;-10,59379969
5,13459;;;-19,1392431
5,13509;;;-24,63274244
5,13559;;;-27,98988092
5,13609;;;-34,09376908
5,13659;;;-40,50285164
5,13709;;;-42,02882368
5,13759;;;-38,9768796
5,13809;;;-37,14571316
5,13859;;;-36,53532434
5,13909;;;-32,87299145
5,13959;;;-26,46390889
5,14009;;;-22,80157599
5,14059;;;-23,1067704
5,14109;;;-22,49638159
5,14159;;;-19,74963192
5,14209;;;-17,30807665
5,14259;;;-15,47691021
5,14309;;;-10,59379969
5,14359;;;-1,437967454
5,14409;;;7,107475961
5,14459;;;13,51655852
5,14509;;;19,62044668
5,14559;;;26,02952924
5,14608;;;30,91263976
5,14658;;;33,65938943
5,14708;;;36,4061391
5,14758;;;37,93211114
5,14808;;;36,10094469
5,14858;;;32,13341739
5,14908;;;29,69186213
5,14958;;;28,16589009
5,15008;;;25,11394602
5,15058;;;21,75680753
5,15108;;;20,84122431
5,15158;;;21,14641872
5,15208;;;18,09447464
5,15258;;;12,90616971
5,15308;;;8,328253592
5,15358;;;3,445143069
5,15408;;;-4,489911531
5,15458;;;-13,34054935
5,15508;;;-18,52885429
5,15558;;;-22,19118718
5,15608;;;-28,29507533
5,15658;;;-35,0093523
5,15708;;;-37,14571316
5,15758;;;-35,61974112
5,15808;;;-34,70415789
5,15858;;;-34,70415789
5,15908;;;-31,041825
5,15958;;;-24,63274244
5,16008;;;-21,58079836
5,16058;;;-22,19118718
5,16108;;;-20,97040955
5,16158;;;-17,61327106
5,16208;;;-15,78210462
5,16258;;;-15,1717158
5,16308;;;-10,59379969
5,16358;;;-0,5223842311
5,16408;;;8,633448
5,16458;;;14,73733615
5,16508;;;19,62044668
5,16558;;;26,02952924
5,16608;;;31,52302858
5,16658;;;34,57497265
5,16708;;;36,4061391
5,16758;;;37,62691673
5,16808;;;36,71133351
5,16858;;;34,26977825
5,16908;;;31,82822299
5,16958;;;29,69186213
5,17008;;;26,63991805
5,17058;;;23,28277957
5,17108;;;21,75680753
5,17158;;;21,14641872
5,17208;;;19,01005786
5,17258;;;14,73733615
5,17308;;;9,854225631
5,17358;;;4,360726292
5,17408;;;-2,658745085
5,17458;;;-9,98341087
5,17508;;;-15,78210462
5,17558;;;-20,66521514
5,17608;;;-26,46390889
5,17658;;;-31,041825
5,17708;;;-32,26260263
5,17758;;;-31,34701941
5,17808;;;-30,12624178
5,17858;;;-28,29507533
5,17908;;;-24,63274244
5,17958;;;-20,97040955
5,18008;;;-18,22365988
5,18058;;;-16,69768784
5,18108;;;-15,47691021
5,18158;;;-14,86652139
5,18208;;;-13,03535495
5,18258;;;-9,067827647
5,18308;;;-4,489911531
5,18358;;;-0,2171898234
5,18408;;;7,107475961
5,18458;;;21,45161312
5,18508;;;35,18536147
5,18558;;;38,54249995
5,18608;;;31,52302858
5,18658;;;27,86069569
5,18708;;;32,13341739
5,18758;;;36,10094469
5,18808;;;32,13341739
5,18858;;;25,41914042
5,18908;;;23,58797398
5,18958;;;23,58797398
5,19008;;;19,62044668
5,19058;;;14,12694734
5,19108;;;13,51655852
5,19158;;;14,73733615
5,19208;;;11,99058648
5,19258;;;5,886698331
5,19308;;;2,529559846
5,19358;;;-0,2171898234
5,19408;;;-6,931466793
5,19458;;;-16,39249343
5,19508;;;-22,49638159
5,19558;;;-26,15871448
5,19608;;;-31,34701941
5,19658;;;-36,84051875
5,19708;;;-38,36649079
5,19758;;;-36,84051875
5,19808;;;-35,92493552
5,19858;;;-34,39896349
5,19908;;;-29,82104737
5,19958;;;-24,93793685
5,20008;;;-23,41196481
5,20058;;;-24,02235362
5,20108;;;-21,58079836
5,20158;;;-17,61327106
5,20208;;;-16,39249343
5,20257;;;-15,78210462
5,20307;;;-9,678216462
5,20357;;;0,6983933997
5,20407;;;8,938642408
5,20457;;;12,6009753
5,20507;;;16,87369701
5,20557;;;23,28277957
5,20607;;;29,08147332
5,20657;;;32,13341739
5,20707;;;34,88016706
5,20757;;;37,01652792
5,20807;;;35,49055588
5,20857;;;29,99705654
5,20907;;;25,41914042
5,20957;;;23,58797398
5,21007;;;21,45161312
5,21057;;;18,09447464
5,21107;;;15,95811378
5,21157;;;15,65291938
5,21207;;;14,73733615
5,21257;;;11,07500326
5,21307;;;5,886698331
5,21357;;;-0,2171898234
5,21407;;;-8,457438831
5,21457;;;-16,69768784
5,21507;;;-22,80157599
5,21557;;;-27,0742977
5,21607;;;-31,65221382
5,21657;;;-35,61974112
5,21707;;;-36,53532434
5,21757;;;-35,31454671
5,21807;;;-33,48338026
5,21857;;;-31,041825
5,21907;;;-26,46390889
5,21957;;;-22,19118718
5,22007;;;-20,66521514
5,22057;;;-20,05482632
5,22107;;;-17,61327106
5,22157;;;-14,25613258
5,22207;;;-12,42496613
5,22257;;;-9,98341087
5,22307;;;-4,184717123
5,22357;;;4,055531884
5,22407;;;11,38019767
5,22457;;;17,48408582
5,22507;;;24,19836279
5,22557;;;30,30225095
5,22607;;;34,88016706
5,22657;;;38,23730555
5,22707;;;41,89963844
5,22757;;;43,42561048
5,22807;;;40,98405522
5,22857;;;37,32172232
5,22907;;;35,49055588
5,22957;;;33,96458384
5,23007;;;30,91263976
5,23057;;;27,86069569
5,23107;;;27,25030687
5,23157;;;26,02952924
5,23207;;;22,06200194
5,23257;;;16,87369701
5,23307;;;13,21136412
5,23357;;;8,023059185
5,23407;;;-0,8275786388
5,23457;;;-9,678216462
5,23507;;;-14,56132699
5,23557;;;-18,52885429
5,23607;;;-25,54832566
5,23657;;;-32,56779704
5,23707;;;-33,48338026
5,23757;;;-31,34701941
5,23807;;;-30,73663059
5,23857;;;-30,43143619
5,23907;;;-25,85352007
5,23957;;;-20,05482632
5,24007;;;-18,83404869
5,24057;;;-20,36002073
5,24107;;;-18,52885429
5,24157;;;-14,86652139
5,24207;;;-13,34054935
5,24257;;;-12,42496613
5,24307;;;-6,321077977
5,24357;;;2,529559846
5,24407;;;9,549031223
5,24457;;;14,12694734
5,24507;;;20,5360299
5,24557;;;27,86069569
5,24607;;;31,82822299
5,24657;;;33,96458384
5,24707;;;37,32172232
5,24757;;;39,15288877
5,24807;;;35,18536147
5,24857;;;29,69186213
5,24907;;;28,4710845
5,24957;;;26,94511246
5,25007;;;19,92564108
5,25057;;;13,82175293
5,25107;;;19,62044668
5,25157;;;30,91263976
5,25207;;;31,21783417
5,25257;;;16,5685026
5,25307;;;0,6983933997
5,25357;;;-7,236661201
5,25407;;;-12,11977172
5,25457;;;-19,1392431
5,25507;;;-25,85352007
5,25557;;;-29,82104737
5,25607;;;-34,39896349
5,25657;;;-40,80804605
5,25707;;;-43,85999012
5,25757;;;-42,02882368
5,25807;;;-39,58726842
5,25856;;;-37,75610197
5,25906;;;-33,78857467
5,25956;;;-28,29507533
5,26006;;;-26,46390889
5,26056;;;-27,68468652
5,26106;;;-26,15871448
5,26156;;;-20,97040955
5,26206;;;-17,91846547
5,26256;;;-17,30807665
5,26306;;;-13,03535495
5,26356;;;-3,574328308
5,26406;;;4,971115108
5,26456;;;10,46461445
5,26506;;;15,65291938
5,26556;;;22,06200194
5,26606;;;27,25030687
5,26656;;;30,30225095
5,26706;;;32,74380621
5,26756;;;33,96458384
5,26806;;;31,82822299
5,26856;;;28,4710845
5,26906;;;26,02952924
5,26956;;;24,19836279
5,27006;;;20,84122431
5,27056;;;17,48408582
5,27106;;;17,78928023
5,27156;;;18,39966905
5,27206;;;15,65291938
5,27256;;;10,15942004
5,27306;;;6,191892738
5,27356;;;1,308782215
5,27406;;;-6,931466793
5,27456;;;-16,08729902
5,27506;;;-21,58079836
5,27556;;;-25,24313125
5,27606;;;-31,34701941
5,27656;;;-37,75610197
5,27706;;;-38,67168519
5,27756;;;-36,23012993
5,27806;;;-34,70415789
5,27856;;;-33,78857467
5,27906;;;-29,51585296
5,27956;;;-24,02235362
5,28006;;;-22,49638159
5,28056;;;-23,1067704
5,28106;;;-21,27560395
5,28156;;;-17,30807665
5,28206;;;-14,86652139
5,28256;;;-13,34054935
5,28306;;;-8,152244424
5,28356;;;0,08800458433
5,28406;;;6,497087146
5,28456;;;12,29578089
5,28506;;;19,31525227
5,28556;;;26,33472365
5,28606;;;30,60744535
5,28656;;;33,04900062
5,28706;;;36,10094469
5,28756;;;37,32172232
5,28806;;;34,57497265
5,28856;;;29,69186213
5,28906;;;27,25030687
5,28956;;;26,02952924
5,29006;;;23,28277957
5,29056;;;19,92564108
5,29106;;;18,70486345
5,29156;;;17,78928023
5,29206;;;15,04253056
5,29256;;;10,46461445
5,29306;;;6,191892738
5,29356;;;0,6983933997
5,29406;;;-7,541855608
5,29456;;;-15,47691021
5,29506;;;-20,05482632
5,29556;;;-24,02235362
5,29606;;;-30,43143619
5,29656;;;-37,14571316
5,29706;;;-38,36649079
5,29756;;;-35,92493552
5,29806;;;-33,48338026
5,29856;;;-31,34701941
5,29906;;;-26,46390889
5,29956;;;-21,88599277
5,30006;;;-20,97040955
5,30056;;;-21,27560395
5,30106;;;-18,83404869
5,30156;;;-13,95093817
5,30206;;;-11,81457732
5,30256;;;-11,2041885
5,30306;;;-6,626272385
5,30356;;;1,919171031
5,30406;;;9,243836815
5,30456;;;14,12694734
5,30506;;;19,31525227
5,30556;;;25,72433483
5,30606;;;30,30225095
5,30656;;;32,74380621
5,30706;;;34,88016706
5,30756;;;36,10094469
5,30806;;;33,65938943
5,30856;;;29,08147332
5,30906;;;26,94511246
5,30956;;;26,02952924
5,31006;;;22,97758516
5,31056;;;18,70486345
5,31106;;;18,39966905
5,31156;;;20,5360299
5,31206;;;18,09447464
5,31256;;;10,76980885
5,31306;;;5,276309515
5,31356;;;2,529559846
5,31406;;;-4,184717123
5,31456;;;-16,39249343
5,31505;;;-23,1067704
5,31555;;;-19,1392431
5,31605;;;-13,64574376
5,31655;;;-17,91846547
5,31705;;;-30,73663059
5,31755;;;-39,89246282
5,31805;;;-39,89246282
5,31855;;;-34,39896349
5,31905;;;-28,90546415
5,31955;;;-25,54832566
5,32005;;;-24,32754803
5,32055;;;-23,41196481
5,32105;;;-20,66521514
5,32155;;;-17,61327106
5,32205;;;-15,78210462
5,32255;;;-13,95093817
5,32305;;;-8,457438831
5,32355;;;0,393198992
5,32405;;;7,717864777
5,32455;;;12,29578089
5,32505;;;17,78928023
5,32555;;;25,41914042
5,32605;;;30,30225095
5,32655;;;30,91263976
5,32705;;;30,60744535
5,32755;;;32,74380621
5,32805;;;34,88016706
5,32855;;;32,74380621
5,32905;;;28,16589009
5,32955;;;24,19836279
5,33005;;;21,14641872
5,33055;;;18,70486345
5,33105;;;17,17889142
5,33155;;;15,95811378
5,33205;;;13,82175293
5,33255;;;10,15942004
5,33305;;;5,581503923
5,33355;;;-0,2171898234
5,33405;;;-8,762633239
5,33455;;;-16,39249343
5,33505;;;-20,97040955
5,33555;;;-24,93793685
5,33605;;;-31,34701941
5,33655;;;-37,75610197
5,33705;;;-38,9768796
5,33755;;;-36,23012993
5,33805;;;-34,09376908
5,33855;;;-32,26260263
5,33905;;;-27,68468652
5,33955;;;-21,88599277
5,34005;;;-20,05482632
5,34055;;;-21,27560395
5,34105;;;-20,66521514
5,34155;;;-17,91846547
5,34205;;;-16,08729902
5,34255;;;-13,95093817
5,34305;;;-7,236661201
5,34355;;;2,224365438
5,34405;;;9,549031223
5,34455;;;13,51655852
5,34505;;;19,01005786
5,34555;;;25,72433483
5,34605;;;30,60744535
5,34655;;;33,04900062
5,34705;;;35,49055588
5,34755;;;37,62691673
5,34805;;;35,79575029
5,34855;;;31,21783417
5,34905;;;27,55550128
5,34955;;;25,41914042
5,35005;;;22,97758516
5,35055;;;20,5360299
5,35105;;;19,62044668
5,35155;;;18,39966905
5,35205;;;15,04253056
5,35255;;;11,07500326
5,35305;;;8,023059185
5,35355;;;2,834754254
5,35405;;;-5,710689162
5,35455;;;-13,64574376
5,35505;;;-17,91846547
5,35555;;;-21,88599277
5,35605;;;-29,51585296
5,35655;;;-35,92493552
5,35705;;;-36,53532434
5,35755;;;-34,70415789
5,35805;;;-34,09376908
5,35855;;;-31,95740822
5,35905;;;-25,85352007
5,35955;;;-20,66521514
5,36005;;;-21,58079836
5,36055;;;-24,02235362
5,36105;;;-21,58079836
5,36155;;;-16,39249343
5,36205;;;-14,86652139
5,36255;;;-14,25613258
5,36305;;;-8,152244424
5,36355;;;1,919171031
5,36405;;;9,549031223
5,36455;;;14,12694734
5,36505;;;20,23083549
5,36555;;;28,16589009
5,36605;;;33,35419502
5,36655;;;35,79575029
5,36705;;;38,54249995
5,36755;;;40,3736664
5,36805;;;37,93211114
5,36855;;;32,13341739
5,36905;;;28,77627891
5,36955;;;27,25030687
5,37005;;;24,19836279
5,37055;;;20,23083549
5,37104;;;20,23083549
5,37154;;;21,75680753
5,37204;;;18,39966905
5,37254;;;11,07500326
5,37304;;;5,276309515
5,37354;;;1,308782215
5,37404;;;-6,01588357
5,37454;;;-15,78210462
5,37504;;;-21,27560395
5,37554;;;-23,41196481
5,37604;;;-28,60026974
5,37654;;;-36,23012993
5,37704;;;-38,06129638
5,37754;;;-32,87299145
5,37804;;;-30,73663059
5,37854;;;-33,17818586
5,37904;;;-29,51585296
5,37954;;;-14,56132699
5,38004;;;0,08800458433
5,38054;;;-0,5223842311
5,38104;;;-11,81457732
5,38154;;;-18,83404869
5,38204;;;-15,47691021
5,38254;;;-8,457438831
5,38304;;;-2,658745085
5,38354;;;2,834754254
5,38404;;;10,15942004
5,38454;;;17,48408582
5,38504;;;22,67239075
5,38554;;;27,25030687
5,38604;;;32,13341739
5,38654;;;36,4061391
5,38704;;;37,93211114
5,38754;;;36,71133351
5,38804;;;33,35419502
5,38854;;;29,99705654
5,38904;;;27,25030687
5,38954;;;24,19836279
5,39004;;;20,84122431
5,39054;;;17,78928023
5,39104;;;16,26330819
5,39154;;;15,34772497
5,39204;;;12,6009753
5,39254;;;8,633448
5,39304;;;4,360726292
5,39354;;;-1,132773046
5,39404;;;-9,373022054
5,39454;;;-17,00288225
5,39504;;;-22,19118718
5,39554;;;-27,0742977
5,39604;;;-33,78857467
5,39654;;;-39,89246282
5,39704;;;-40,19765723
5,39754;;;-37,14571316
5,39804;;;-35,31454671
5,39854;;;-34,70415789
5,39904;;;-30,73663059
5,39954;;;-24,93793685
5,40004;;;-22,49638159
5,40054;;;-24,02235362
5,40104;;;-23,1067704
5,40154;;;-17,91846547
5,40204;;;-14,56132699
5,40254;;;-15,47691021
5,40304;;;-14,86652139
5,40354;;;-8,152244424
5,40404;;;0,6983933997
5,40454;;;7,412670369
5,40504;;;12,29578089
5,40554;;;18,39966905
5,40604;;;24,5035572
5,40654;;;28,16589009
5,40704;;;31,21783417
5,40754;;;34,57497265
5,40804;;;36,10094469
5,40854;;;33,35419502
5,40904;;;29,08147332
5,40954;;;26,02952924
5,41004;;;23,58797398
5,41054;;;19,92564108
5,41104;;;17,78928023
5,41154;;;18,09447464
5,41204;;;17,48408582
5,41254;;;13,51655852
5,41304;;;8,633448
5,41354;;;5,886698331
5,41404;;;1,003587807
5,41454;;;-7,236661201
5,41504;;;-16,08729902
5,41554;;;-20,66521514
5,41604;;;-24,32754803
5,41654;;;-30,73663059
5,41704;;;-36,23012993
5,41754;;;-36,53532434
5,41804;;;-33,78857467
5,41854;;;-32,87299145
5,41904;;;-32,26260263
5,41954;;;-27,68468652
5,42004;;;-21,58079836
5,42054;;;-19,1392431
5,42104;;;-19,1392431
5,42154;;;-17,00288225
5,42204;;;-13,03535495
5,42254;;;-10,89899409
5,42304;;;-9,98341087
5,42354;;;-5,100300347
5,42404;;;3,139948661
5,42454;;;10,46461445
5,42504;;;15,04253056
5,42554;;;19,92564108
5,42604;;;26,63991805
5,42654;;;32,13341739
5,42704;;;34,88016706
5,42753;;;36,10094469
5,42803;;;36,10094469
5,42853;;;33,96458384
5,42903;;;29,69186213
5,42953;;;25,72433483
5,43003;;;22,67239075
5,43053;;;20,23083549
5,43103;;;18,70486345
5,43153;;;17,48408582
5,43203;;;16,26330819
5,43253;;;13,21136412
5,43303;;;9,243836815
5,43353;;;4,971115108
5,43403;;;-0,2171898234
5,43453;;;-8,152244424
5,43503;;;-16,08729902
5,43553;;;-22,19118718
5,43603;;;-26,76910329
5,43653;;;-31,65221382
5,43703;;;-36,53532434
5,43753;;;-38,9768796
5,43803;;;-37,45090756
5,43853;;;-34,39896349
5,43903;;;-31,041825
5,43953;;;-27,68468652
5,44003;;;-23,41196481
5,44053;;;-20,05482632
5,44103;;;-19,74963192
5,44153;;;-21,88599277
5,44203;;;-19,74963192
5,44253;;;-9,373022054
5,44303;;;3,750337477
5,44353;;;9,854225631
5,44403;;;6,802281554
5,44453;;;3,139948661
5,44503;;;7,717864777
5,44553;;;16,87369701
5,44603;;;22,97758516
5,44653;;;25,41914042
5,44703;;;29,38666772
5,44753;;;33,65938943
5,44803;;;33,65938943
5,44853;;;29,38666772
5,44903;;;26,02952924
5,44953;;;24,80875161
5,45003;;;22,67239075
5,45053;;;18,70486345
5,45103;;;17,17889142
5,45153;;;17,48408582
5,45203;;;15,65291938
5,45253;;;11,38019767
5,45303;;;7,717864777
5,45353;;;5,276309515
5,45403;;;-0,5223842311
5,45453;;;-9,98341087
5,45503;;;-17,61327106
5,45553;;;-21,88599277
5,45603;;;-26,76910329
5,45653;;;-33,48338026
5,45703;;;-38,36649079
5,45753;;;-37,75610197
5,45803;;;-36,23012993
5,45853;;;-35,92493552
5,45903;;;-34,39896349
5,45953;;;-29,82104737
5,46003;;;-25,54832566
5,46053;;;-23,71715922
5,46103;;;-22,19118718
5,46153;;;-18,83404869
5,46203;;;-16,69768784
5,46253;;;-16,39249343
5,46303;;;-13,34054935
5,46353;;;-5,405494754
5,46403;;;3,750337477
5,46453;;;9,549031223
5,46503;;;13,82175293
5,46553;;;20,5360299
5,46603;;;27,86069569
5,46653;;;32,13341739
5,46703;;;35,18536147
5,46753;;;38,23730555
5,46803;;;39,45808318
5,46853;;;36,4061391
5,46903;;;31,82822299
5,46953;;;29,08147332
5,47003;;;26,94511246
5,47053;;;23,89316839
5,47103;;;21,75680753
5,47153;;;22,36719635
5,47203;;;21,75680753
5,47253;;;17,17889142
5,47303;;;11,99058648
5,47353;;;8,938642408
5,47403;;;4,6659207
5,47453;;;-3,2691339
5,47503;;;-11,50938291
5,47553;;;-15,47691021
5,47603;;;-18,83404869
5,47653;;;-25,24313125
5,47703;;;-31,34701941
5,47753;;;-31,95740822
5,47803;;;-29,82104737
5,47853;;;-28,90546415
5,47903;;;-27,0742977
5,47953;;;-21,58079836
5,48003;;;-16,08729902
5,48053;;;-15,47691021
5,48103;;;-16,08729902
5,48153;;;-13,64574376
5,48203;;;-9,678216462
5,48253;;;-8,762633239
5,48303;;;-7,541855608
5,48352;;;-0,8275786388
5,48402;;;8,633448
5,48452;;;14,73733615
5,48502;;;17,78928023
5,48552;;;22,97758516
5,48602;;;29,69186213
5,48652;;;34,26977825
5,48702;;;36,10094469
5,48752;;;37,93211114
5,48802;;;38,23730555
5,48852;;;34,88016706
5,48902;;;29,69186213
5,48952;;;26,94511246
5,49002;;;25,41914042
5,49052;;;22,06200194
5,49102;;;19,31525227
5,49152;;;19,01005786
5,49202;;;18,39966905
5,49252;;;14,12694734
5,49302;;;8,633448
5,49352;;;5,581503923
5,49402;;;1,003587807
5,49452;;;-8,457438831
5,49502;;;-17,91846547
5,49552;;;-21,58079836
5,49602;;;-23,41196481
5,49652;;;-29,82104737
5,49702;;;-38,06129638
5,49752;;;-40,19765723
5,49802;;;-36,84051875
5,49852;;;-34,39896349
5,49902;;;-33,17818586
5,49952;;;-28,60026974
5,50002;;;-22,80157599
5,50052;;;-21,88599277
5,50102;;;-24,32754803
5,50152;;;-21,58079836
5,50202;;;-15,1717158
5,50252;;;-12,73016054
5,50302;;;-13,03535495
5,50352;;;-7,847050016
5,50402;;;3,750337477
5,50452;;;11,68539208
5,50502;;;12,6009753
5,50552;;;17,48408582
5,50602;;;32,4386118
5,50652;;;48,00352659
5,50702;;;50,13988745
5,50752;;;40,3736664
5,50802;;;30,60744535
5,50852;;;27,55550128
5,50902;;;27,86069569
5,50952;;;26,33472365
5,51002;;;22,36719635
5,51052;;;18,70486345
5,51102;;;17,48408582
5,51152;;;18,09447464
5,51202;;;16,87369701
5,51252;;;12,90616971
5,51302;;;8,328253592
5,51352;;;4,6659207
5,51402;;;-0,5223842311
5,51452;;;-8,762633239
5,51502;;;-17,00288225
5,51552;;;-21,27560395
5,51602;;;-24,63274244
5,51652;;;-30,73663059
5,51702;;;-36,84051875
5,51752;;;-38,67168519
5,51802;;;-36,23012993
5,51852;;;-33,48338026
5,51902;;;-31,34701941
5,51952;;;-28,29507533
5,52002;;;-24,63274244
5,52052;;;-23,1067704
5,52102;;;-22,49638159
5,52152;;;-20,66521514
5,52202;;;-18,22365988
5,52252;;;-17,00288225
5,52302;;;-14,86652139
5,52352;;;-9,373022054
5,52402;;;-1,132773046
5,52452;;;5,581503923
5,52502;;;11,07500326
5,52552;;;16,26330819
5,52602;;;21,14641872
5,52652;;;25,41914042
5,52702;;;29,08147332
5,52752;;;32,4386118
5,52802;;;32,13341739
5,52852;;;28,16589009
5,52902;;;23,58797398
5,52952;;;21,14641872
5,53002;;;19,01005786
5,53052;;;15,95811378
5,53102;;;14,43214175
5,53152;;;14,73733615
5,53202;;;13,82175293
5,53252;;;9,854225631
5,53302;;;5,581503923
5,53352;;;2,834754254
5,53402;;;-2,658745085
5,53452;;;-11,81457732
5,53502;;;-19,74963192
5,53552;;;-23,41196481
5,53602;;;-27,37949211
5,53652;;;-34,70415789
5,53702;;;-40,19765723
5,53752;;;-40,19765723
5,53802;;;-37,75610197
5,53852;;;-36,84051875
5,53902;;;-34,70415789
5,53952;;;-28,90546415
5,54001;;;-23,71715922
5,54051;;;-23,1067704
5,54101;;;-23,71715922
5,54151;;;-20,05482632
5,54201;;;-15,47691021
5,54251;;;-13,95093817
5,54301;;;-12,73016054
5,54351;;;-6,931466793
5,54401;;;1,003587807
5,54451;;;7,717864777
5,54501;;;13,21136412
5,54551;;;19,62044668
5,54601;;;25,41914042
5,54651;;;28,4710845
5,54701;;;31,21783417
5,54751;;;34,88016706
5,54801;;;35,49055588
5,54851;;;31,21783417
5,54901;;;25,72433483
5,54951;;;23,89316839
5,55001;;;22,97758516
5,55051;;;20,5360299
5,55101;;;18,09447464
5,55151;;;17,48408582
5,55201;;;16,26330819
5,55251;;;12,29578089
5,55301;;;8,023059185
5,55351;;;4,971115108
5,55401;;;0,08800458433
5,55451;;;-7,847050016
5,55501;;;-15,1717158
5,55551;;;-18,83404869
5,55601;;;-22,80157599
5,55651;;;-29,82104737
5,55701;;;-34,39896349
5,55751;;;-33,48338026
5,55801;;;-31,041825
5,55851;;;-31,041825
5,55901;;;-29,51585296
5,55951;;;-23,41196481
5,56001;;;-17,91846547
5,56051;;;-17,61327106
5,56101;;;-18,22365988
5,56151;;;-14,56132699
5,56201;;;-9,98341087
5,56251;;;-9,067827647
5,56301;;;-7,541855608
5,56351;;;0,08800458433
5,56401;;;9,243836815
5,56451;;;14,73733615
5,56501;;;19,01005786
5,56551;;;26,33472365
5,56601;;;33,65938943
5,56651;;;36,71133351
5,56701;;;39,45808318
5,56751;;;44,03599929
5,56801;;;44,03599929
5,56851;;;36,10094469
5,56901;;;30,30225095
5,56951;;;36,10094469
5,57001;;;44,95158252
5,57051;;;41,28924962
5,57101;;;26,94511246
5,57151;;;16,87369701
5,57201;;;15,65291938
5,57251;;;15,34772497
5,57301;;;10,76980885
5,57351;;;4,971115108
5,57401;;;0,393198992
5,57451;;;-5,710689162
5,57501;;;-13,95093817
5,57551;;;-20,36002073
5,57601;;;-24,32754803
5,57651;;;-28,90546415
5,57701;;;-34,09376908
5,57751;;;-35,61974112
5,57801;;;-34,09376908
5,57851;;;-32,26260263
5,57901;;;-30,12624178
5,57951;;;-26,15871448
5,58001;;;-21,88599277
5,58051;;;-20,36002073
5,58101;;;-20,05482632
5,58151;;;-17,61327106
5,58201;;;-13,95093817
5,58251;;;-12,42496613
5,58301;;;-10,28860528
5,58351;;;-4,184717123
5,58401;;;3,750337477
5,58451;;;9,854225631
5,58501;;;13,82175293
5,58551;;;19,01005786
5,58601;;;25,72433483
5,58651;;;30,91263976
5,58701;;;33,96458384
5,58751;;;35,18536147
5,58801;;;34,88016706
5,58851;;;32,13341739
5,58901;;;28,4710845
5,58951;;;25,41914042
5,59001;;;22,36719635
5,59051;;;19,31525227
5,59101;;;17,78928023
5,59151;;;17,17889142
5,59201;;;15,34772497
5,59251;;;11,07500326
5,59301;;;7,107475961
5,59351;;;4,055531884
5,59401;;;-1,437967454
5,59451;;;-9,98341087
5,59501;;;-17,30807665
5,59551;;;-22,19118718
5,59600;;;-27,98988092
5,59650;;;-34,39896349
5,59700;;;-38,06129638
5,59750;;;-37,75610197
5,59800;;;-36,53532434
5,59850;;;-35,92493552
5,59900;;;-32,56779704
5,59950;;;-26,76910329
5,60000;;;-24,02235362
5,60050;;;-25,24313125
5,60100;;;-24,93793685
5,60150;;;-21,58079836
5,60200;;;-18,52885429
5,60250;;;-18,22365988
5,60300;;;-16,08729902
5,60350;;;-9,373022054
5,60400;;;-1,743161862
5,60450;;;3,445143069
5,60500;;;8,023059185
5,60550;;;14,43214175
5,60600;;;20,5360299
5,60650;;;24,5035572
5,60700;;;27,86069569
5,60750;;;31,21783417
5,60800;;;31,21783417
5,60850;;;27,55550128
5,60900;;;24,19836279
5,60950;;;22,06200194
5,61000;;;19,31525227
5,61050;;;15,34772497
5,61100;;;13,51655852
5,61150;;;14,73733615
5,61200;;;13,82175293
5,61250;;;8,938642408
5,61300;;;4,360726292
5,61350;;;1,308782215
5,61400;;;-3,574328308
5,61450;;;-11,50938291
5,61500;;;-18,83404869
5,61550;;;-22,49638159
5,61600;;;-26,46390889
5,61650;;;-32,87299145
5,61700;;;-38,06129638
5,61750;;;-38,06129638
5,61800;;;-36,23012993
5,61850;;;-35,31454671
5,61900;;;-32,87299145
5,61950;;;-27,0742977
5,62000;;;-22,19118718
5,62050;;;-21,27560395
5,62100;;;-21,58079836
5,62150;;;-18,83404869
5,62200;;;-15,47691021
5,62250;;;-13,95093817
5,62300;;;-11,2041885
5,62350;;;-3,879522716
5,62400;;;4,6659207
5,62450;;;9,854225631
5,62500;;;12,6009753
5,62550;;;17,78928023
5,62600;;;24,80875161
5,62650;;;30,30225095
5,62700;;;33,35419502
5,62750;;;35,79575029
5,62800;;;36,4061391
5,62850;;;33,04900062
5,62900;;;27,86069569
5,62950;;;25,41914042
5,63000;;;24,80875161
5,63050;;;22,36719635
5,63100;;;18,09447464
5,63150;;;17,48408582
5,63200;;;19,01005786
5,63250;;;16,26330819
5,63300;;;8,023059185
5,63350;;;2,224365438
5,63400;;;4,971115108
5,63450;;;9,549031223
5,63500;;;4,055531884
5,63550;;;-11,81457732
5,63600;;;-27,68468652
5,63650;;;-34,09376908
5,63700;;;-33,17818586
5,63750;;;-31,65221382
5,63800;;;-32,56779704
5,63850;;;-31,95740822
5,63900;;;-27,98988092
5,63950;;;-23,1067704
5,64000;;;-20,97040955
5,64050;;;-20,66521514
5,64100;;;-19,1392431
5,64150;;;-16,08729902
5,64200;;;-13,64574376
5,64250;;;-11,81457732
5,64300;;;-8,152244424
5,64350;;;-2,353550677
5,64400;;;4,055531884
5,64450;;;9,854225631
5,64500;;;15,95811378
5,64550;;;22,67239075
5,64600;;;28,16589009
5,64650;;;33,04900062
5,64700;;;37,62691673
5,64750;;;40,3736664
5,64800;;;39,76327759
5,64850;;;36,4061391
5,64900;;;33,65938943
5,64950;;;31,52302858
5,65000;;;28,16589009
5,65050;;;23,89316839
5,65100;;;22,67239075
5,65150;;;23,28277957
5,65200;;;21,45161312
5,65249;;;16,87369701
5,65299;;;12,90616971
5,65349;;;10,15942004
5,65399;;;4,360726292
5,65449;;;-4,184717123
5,65499;;;-10,59379969
5,65549;;;-13,34054935
5,65599;;;-17,61327106
5,65649;;;-25,54832566
5,65699;;;-31,041825
5,65749;;;-30,43143619
5,65799;;;-27,68468652
5,65849;;;-26,76910329
5,65899;;;-24,63274244
5,65949;;;-19,74963192
5,65999;;;-15,78210462
5,66049;;;-15,78210462
5,66099;;;-16,39249343
5,66149;;;-13,64574376
5,66199;;;-9,678216462
5,66249;;;-8,152244424
5,66299;;;-5,710689162
5,66349;;;-0,2171898234
5,66399;;;6,191892738
5,66449;;;11,07500326
5,66499;;;15,04253056
5,66549;;;20,5360299
5,66599;;;26,02952924
5,66649;;;29,69186213
5,66699;;;32,4386118
5,66749;;;34,88016706
5,66799;;;35,18536147
5,66849;;;31,82822299
5,66899;;;27,86069569
5,66949;;;25,41914042
5,66999;;;23,58797398
5,67049;;;21,45161312
5,67099;;;20,23083549
5,67149;;;19,62044668
5,67199;;;17,17889142
5,67249;;;12,90616971
5,67299;;;9,549031223
5,67349;;;6,497087146
5,67399;;;1,308782215
5,67449;;;-5,710689162
5,67499;;;-11,50938291
5,67549;;;-15,78210462
5,67599;;;-21,58079836
5,67649;;;-28,29507533
5,67699;;;-31,65221382
5,67749;;;-31,34701941
5,67799;;;-30,12624178
5,67849;;;-29,21065856
5,67899;;;-25,85352007
5,67949;;;-20,97040955
5,67999;;;-18,52885429
5,68049;;;-19,44443751
5,68099;;;-19,44443751
5,68149;;;-17,00288225
5,68199;;;-15,47691021
5,68249;;;-14,86652139
5,68299;;;-11,50938291
5,68349;;;-4,489911531
5,68399;;;1,613976623
5,68449;;;5,581503923
5,68499;;;10,46461445
5,68549;;;16,87369701
5,68599;;;22,06200194
5,68649;;;25,11394602
5,68699;;;28,16589009
5,68749;;;31,21783417
5,68799;;;31,82822299
5,68849;;;29,08147332
5,68899;;;24,80875161
5,68949;;;20,84122431
5,68999;;;17,78928023
5,69049;;;16,5685026
5,69099;;;16,5685026
5,69149;;;15,65291938
5,69199;;;13,21136412
5,69249;;;10,76980885
5,69299;;;8,023059185
5,69349;;;3,139948661
5,69399;;;-3,574328308
5,69449;;;-8,152244424
5,69499;;;-11,50938291
5,69549;;;-18,52885429
5,69599;;;-27,37949211
5,69649;;;-28,60026974
5,69699;;;-20,66521514
5,69749;;;-16,69768784
5,69799;;;-24,93793685
5,69849;;;-34,70415789
5,69899;;;-32,56779704
5,69949;;;-23,41196481
5,69999;;;-20,97040955
5,70049;;;-24,93793685
5,70099;;;-24,63274244
5,70149;;;-17,91846547
5,70199;;;-14,25613258
5,70249;;;-15,1717158
5,70299;;;-13,03535495
5,70349;;;-5,405494754
5,70399;;;1,003587807
5,70449;;;4,055531884
5,70499;;;7,412670369
5,70549;;;12,90616971
5,70599;;;17,78928023
5,70649;;;20,5360299
5,70699;;;23,89316839
5,70749;;;26,94511246
5,70799;;;25,72433483
5,70848;;;22,36719635
5,70898;;;20,5360299
5,70948;;;19,92564108
5,70998;;;17,17889142
5,71048;;;13,51655852
5,71098;;;13,51655852
5,71148;;;15,34772497
5,71198;;;12,90616971
5,71248;;;8,023059185
5,71298;;;5,581503923
5,71348;;;4,6659207
5,71398;;;-0,2171898234
5,71448;;;-8,762633239
5,71498;;;-14,86652139
5,71548;;;-17,30807665
5,71598;;;-21,88599277
5,71648;;;-29,51585296
5,71698;;;-33,48338026
5,71748;;;-32,26260263
5,71798;;;-30,73663059
5,71848;;;-31,041825
5,71898;;;-28,60026974
5,71948;;;-22,80157599
5,71998;;;-19,1392431
5,72048;;;-20,05482632
5,72098;;;-20,05482632
5,72148;;;-17,00288225
5,72198;;;-14,25613258
5,72248;;;-13,34054935
5,72298;;;-9,98341087
5,72348;;;-2,963939493
5,72398;;;4,055531884
5,72448;;;8,328253592
5,72498;;;12,29578089
5,72548;;;18,39966905
5,72598;;;23,28277957
5,72648;;;26,33472365
5,72698;;;28,77627891
5,72748;;;31,82822299
5,72798;;;31,82822299
5,72848;;;28,16589009
5,72898;;;24,19836279
5,72948;;;22,36719635
5,72998;;;20,5360299
5,73048;;;17,78928023
5,73098;;;16,5685026
5,73148;;;15,95811378
5,73198;;;12,90616971
5,73248;;;8,633448
5,73298;;;5,581503923
5,73348;;;3,139948661
5,73398;;;-2,353550677
5,73448;;;-10,89899409
5,73498;;;-16,69768784
5,73548;;;-20,05482632
5,73598;;;-25,54832566
5,73648;;;-32,87299145
5,73698;;;-35,92493552
5,73748;;;-34,39896349
5,73798;;;-32,87299145
5,73848;;;-32,87299145
5,73898;;;-30,43143619
5,73948;;;-24,93793685
5,73998;;;-21,88599277
5,74048;;;-23,1067704
5,74098;;;-22,80157599
5,74148;;;-18,22365988
5,74198;;;-13,64574376
5,74248;;;-12,42496613
5,74298;;;-9,98341087
5,74348;;;-3,2691339
5,74398;;;4,055531884
5,74448;;;8,938642408
5,74498;;;12,90616971
5,74548;;;18,09447464
5,74598;;;24,19836279
5,74648;;;29,08147332
5,74698;;;33,35419502
5,74748;;;36,10094469
5,74798;;;35,18536147
5,74848;;;31,52302858
5,74898;;;28,4710845
5,74948;;;26,63991805
5,74998;;;23,89316839
5,75048;;;20,84122431
5,75098;;;19,92564108
5,75148;;;20,5360299
5,75198;;;18,39966905
5,75248;;;14,12694734
5,75298;;;10,15942004
5,75348;;;7,412670369
5,75398;;;2,224365438
5,75448;;;-4,795105939
5,75498;;;-10,28860528
5,75548;;;-13,03535495
5,75598;;;-17,61327106
5,75648;;;-24,93793685
5,75698;;;-30,43143619
5,75748;;;-31,041825
5,75798;;;-29,21065856
5,75848;;;-27,98988092
5,75898;;;-26,15871448
5,75948;;;-21,27560395
5,75998;;;-17,00288225
5,76048;;;-16,69768784
5,76098;;;-18,22365988
5,76148;;;-17,30807665
5,76198;;;-12,73016054
5,76248;;;-9,373022054
5,76298;;;-9,067827647
5,76348;;;-6,626272385
5,76398;;;4,360726292
5,76448;;;21,14641872
5,76497;;;31,21783417
5,76547;;;28,16589009
5,76597;;;20,23083549
5,76647;;;20,5360299
5,76697;;;27,86069569
5,76747;;;32,13341739
5,76797;;;29,38666772
5,76847;;;25,41914042
5,76897;;;24,80875161
5,76947;;;23,28277957
5,76997;;;18,70486345
5,77047;;;15,34772497
5,77097;;;15,95811378
5,77147;;;16,26330819
5,77197;;;11,68539208
5,77247;;;6,497087146
5,77297;;;4,360726292
5,77347;;;2,224365438
5,77397;;;-4,184717123
5,77447;;;-12,73016054
5,77497;;;-17,91846547
5,77547;;;-21,58079836
5,77597;;;-27,37949211
5,77647;;;-34,39896349
5,77697;;;-37,75610197
5,77747;;;-37,75610197
5,77797;;;-36,84051875
5,77847;;;-35,0093523
5,77897;;;-31,041825
5,77947;;;-27,37949211
5,77997;;;-26,46390889
5,78047;;;-27,0742977
5,78097;;;-25,24313125
5,78147;;;-21,88599277
5,78197;;;-19,74963192
5,78247;;;-18,52885429
5,78297;;;-14,86652139
5,78347;;;-8,762633239
5,78397;;;-3,2691339
5,78447;;;1,308782215
5,78497;;;6,497087146
5,78547;;;12,29578089
5,78597;;;17,17889142
5,78647;;;21,45161312
5,78697;;;26,02952924
5,78747;;;28,16589009
5,78797;;;26,94511246
5,78847;;;24,80875161
5,78897;;;23,28277957
5,78947;;;21,45161312
5,78997;;;17,78928023
5,79047;;;15,65291938
5,79097;;;16,26330819
5,79147;;;16,87369701
5,79197;;;13,82175293
5,79247;;;10,15942004
5,79297;;;9,243836815
5,79347;;;7,717864777
5,79397;;;1,919171031
5,79447;;;-5,100300347
5,79497;;;-9,98341087
5,79547;;;-13,34054935
5,79597;;;-19,44443751
5,79647;;;-26,46390889
5,79697;;;-29,21065856
5,79747;;;-27,98988092
5,79797;;;-26,76910329
5,79847;;;-25,54832566
5,79897;;;-22,19118718
5,79947;;;-16,69768784
5,79997;;;-14,25613258
5,80047;;;-14,86652139
5,80097;;;-14,56132699
5,80147;;;-12,11977172
5,80197;;;-9,678216462
5,80247;;;-7,236661201
5,80297;;;-3,2691339
5,80347;;;1,003587807
5,80397;;;4,6659207
5,80447;;;8,633448
5,80497;;;14,43214175
5,80547;;;20,5360299
5,80597;;;24,5035572
5,80647;;;27,55550128
5,80697;;;31,82822299
5,80747;;;34,26977825
5,80797;;;32,13341739
5,80847;;;28,16589009
5,80897;;;25,41914042
5,80947;;;23,58797398
5,80997;;;20,5360299
5,81047;;;18,39966905
5,81097;;;18,39966905
5,81147;;;18,39966905
5,81197;;;15,04253056
5,81247;;;11,07500326
5,81297;;;9,549031223
5,81347;;;6,802281554
5,81397;;;0,08800458433
5,81447;;;-6,931466793
5,81497;;;-10,89899409
5,81547;;;-14,25613258
5,81597;;;-21,27560395
5,81647;;;-28,29507533
5,81697;;;-30,12624178
5,81747;;;-28,60026974
5,81797;;;-27,68468652
5,81847;;;-26,46390889
5,81897;;;-22,49638159
5,81947;;;-18,52885429
5,81997;;;-17,61327106
5,82047;;;-17,61327106
5,82096;;;-15,78210462
5,82146;;;-13,95093817
5,82196;;;-12,73016054
5,82246;;;-9,373022054
5,82296;;;-3,2691339
5,82346;;;0,393198992
5,82396;;;2,224365438
5,82446;;;11,07500326
5,82496;;;27,55550128
5,82546;;;38,23730555
5,82596;;;33,96458384
5,82646;;;26,02952924
5,82696;;;27,55550128
5,82746;;;34,26977825
5,82796;;;33,35419502
5,82846;;;26,02952924
5,82896;;;21,75680753
5,82946;;;22,36719635
5,82996;;;20,84122431
5,83046;;;17,17889142
5,83096;;;15,95811378
5,83146;;;16,87369701
5,83196;;;14,43214175
5,83246;;;9,549031223
5,83296;;;7,107475961
5,83346;;;5,581503923
5,83396;;;0,08800458433
5,83446;;;-8,152244424
5,83496;;;-13,34054935
5,83546;;;-16,39249343
5,83596;;;-22,19118718
5,83646;;;-28,60026974
5,83696;;;-30,73663059
5,83746;;;-29,51585296
5,83796;;;-28,90546415
5,83846;;;-27,98988092
5,83896;;;-23,41196481
5,83946;;;-18,22365988
5,83996;;;-17,00288225
5,84046;;;-17,61327106
5,84096;;;-15,1717158
5,84146;;;-11,50938291
5,84196;;;-10,28860528
5,84246;;;-9,678216462
5,84296;;;-5,100300347
5,84346;;;1,919171031
5,84396;;;7,107475961
5,84446;;;10,76980885
5,84496;;;16,87369701
5,84546;;;23,28277957
5,84596;;;27,55550128
5,84646;;;30,60744535
5,84696;;;35,49055588
5,84746;;;38,54249995
5,84796;;;36,71133351
5,84846;;;32,74380621
5,84896;;;30,91263976
5,84946;;;30,30225095
5,84996;;;27,25030687
5,85046;;;23,89316839
5,85096;;;24,5035572
5,85146;;;25,72433483
5,85196;;;22,67239075
5,85246;;;16,87369701
5,85296;;;13,21136412
5,85346;;;10,76980885
5,85396;;;4,6659207
5,85446;;;-2,658745085
5,85496;;;-7,541855608
5,85546;;;-10,28860528
5,85596;;;-15,47691021
5,85646;;;-22,49638159
5,85696;;;-26,15871448
5,85746;;;-25,85352007
5,85796;;;-25,24313125
5,85846;;;-24,32754803
5,85896;;;-20,97040955
5,85946;;;-17,00288225
5,85996;;;-16,39249343
5,86046;;;-17,30807665
5,86096;;;-16,39249343
5,86146;;;-13,03535495
5,86196;;;-10,89899409
5,86246;;;-10,28860528
5,86296;;;-7,541855608
5,86346;;;-2,04835627
5,86396;;;2,834754254
5,86446;;;6,802281554
5,86496;;;11,38019767
5,86546;;;16,87369701
5,86596;;;21,75680753
5,86646;;;26,33472365
5,86696;;;30,30225095
5,86746;;;31,52302858
5,86796;;;28,77627891
5,86846;;;25,11394602
5,86896;;;22,97758516
5,86946;;;21,14641872
5,86996;;;18,09447464
5,87046;;;15,95811378
5,87096;;;15,34772497
5,87146;;;14,12694734
5,87196;;;10,46461445
5,87246;;;6,191892738
5,87296;;;4,360726292
5,87346;;;1,613976623
5,87396;;;-3,879522716
5,87446;;;-10,89899409
5,87496;;;-15,78210462
5,87546;;;-20,36002073
5,87596;;;-26,46390889
5,87646;;;-32,26260263
5,87696;;;-34,39896349
5,87745;;;-34,39896349
5,87795;;;-34,09376908
5,87845;;;-33,17818586
5,87895;;;-30,12624178
5,87945;;;-26,76910329
5,87995;;;-24,63274244
5,88045;;;-23,71715922
5,88095;;;-22,49638159
5,88145;;;-20,66521514
5,88195;;;-18,52885429
5,88245;;;-14,86652139
5,88295;;;-10,89899409
5,88345;;;-7,236661201
5,88395;;;-2,963939493
5,88445;;;2,529559846
5,88495;;;7,717864777
5,88545;;;11,68539208
5,88595;;;16,5685026
5,88645;;;22,97758516
5,88695;;;26,02952924
5,88745;;;23,89316839
5,88795;;;23,58797398
5,88845;;;31,21783417
5,88895;;;37,01652792
5,88945;;;29,08147332
5,88995;;;11,38019767
5,89045;;;2,224365438
5,89095;;;5,886698331
5,89145;;;8,938642408
5,89195;;;2,834754254
5,89245;;;-3,879522716
5,89295;;;-3,879522716
5,89345;;;-3,879522716
5,89395;;;-11,50938291
5,89445;;;-20,66521514
5,89495;;;-24,02235362
5,89545;;;-25,54832566
5,89595;;;-32,87299145
5,89645;;;-42,02882368
5,89695;;;-43,85999012
5,89745;;;-40,50285164
5,89795;;;-39,58726842
5,89845;;;-41,11324046
5,89895;;;-38,9768796
5,89945;;;-32,87299145
5,89995;;;-28,29507533
5,90045;;;-27,37949211
5,90095;;;-26,46390889
5,90145;;;-24,32754803
5,90195;;;-22,80157599
5,90245;;;-20,05482632
5,90295;;;-14,56132699
5,90345;;;-7,847050016
5,90395;;;-3,2691339
5,90445;;;0,08800458433
5,90495;;;5,581503923
5,90545;;;12,6009753
5,90595;;;17,48408582
5,90645;;;21,14641872
5,90695;;;26,02952924
5,90745;;;29,69186213
5,90795;;;27,86069569
5,90845;;;22,97758516
5,90895;;;19,92564108
5,90945;;;18,70486345
5,90995;;;16,5685026
5,91045;;;14,73733615
5,91095;;;14,73733615
5,91145;;;14,73733615
5,91195;;;11,38019767
5,91245;;;7,107475961
5,91295;;;4,971115108
5,91345;;;2,834754254
5,91395;;;-2,04835627
5,91445;;;-8,457438831
5,91495;;;-12,42496613
5,91545;;;-15,78210462
5,91595;;;-22,49638159
5,91645;;;-29,21065856
5,91695;;;-31,041825
5,91745;;;-29,82104737
5,91795;;;-29,21065856
5,91845;;;-27,98988092
5,91895;;;-23,41196481
5,91945;;;-18,22365988
5,91995;;;-17,30807665
5,92045;;;-18,22365988
5,92095;;;-16,08729902
5,92145;;;-11,81457732
5,92195;;;-9,678216462
5,92245;;;-8,762633239
5,92295;;;-4,489911531
5,92345;;;1,613976623
5,92395;;;6,497087146
5,92445;;;10,46461445
5,92495;;;15,34772497
5,92545;;;21,14641872
5,92595;;;25,41914042
5,92645;;;29,69186213
5,92695;;;35,18536147
5,92745;;;37,93211114
5,92795;;;35,79575029
5,92845;;;31,52302858
5,92895;;;29,38666772
5,92945;;;28,16589009
5,92995;;;24,5035572
5,93045;;;21,45161312
5,93095;;;22,36719635
5,93145;;;23,58797398
5,93195;;;20,5360299
5,93245;;;14,73733615
5,93295;;;11,38019767
5,93344;;;8,633448
5,93394;;;3,445143069
5,93444;;;-2,658745085
5,93494;;;-6,01588357
5,93544;;;-9,067827647
5,93594;;;-15,47691021
5,93644;;;-23,1067704
5,93694;;;-25,85352007
5,93744;;;-24,63274244
5,93794;;;-23,41196481
5,93844;;;-22,19118718
5,93894;;;-18,83404869
5,93944;;;-14,56132699
5,93994;;;-13,34054935
5,94044;;;-14,25613258
5,94094;;;-13,03535495
5,94144;;;-9,98341087
5,94194;;;-8,152244424
5,94244;;;-7,541855608
5,94294;;;-3,879522716
5,94344;;;1,613976623
5,94394;;;6,802281554
5,94444;;;11,07500326
5,94494;;;16,5685026
5,94544;;;23,58797398
5,94594;;;28,4710845
5,94644;;;31,21783417
5,94694;;;33,96458384
5,94744;;;36,71133351
5,94794;;;35,79575029
5,94844;;;31,21783417
5,94894;;;26,94511246
5,94944;;;25,72433483
5,94994;;;24,80875161
5,95044;;;22,06200194
5,95094;;;19,62044668
5,95144;;;20,23083549
5,95194;;;21,45161312
5,95244;;;17,48408582
5,95294;;;8,938642408
5,95344;;;4,055531884
5,95394;;;7,412670369
5,95444;;;12,29578089
5,95494;;;6,802281554
5,95544;;;-9,678216462
5,95594;;;-27,0742977
5,95644;;;-33,78857467
5,95694;;;-31,95740822
5,95744;;;-30,43143619
5,95794;;;-31,65221382
5,95844;;;-30,43143619
5,95894;;;-24,63274244
5,95944;;;-19,74963192
5,95994;;;-19,44443751
5,96044;;;-20,05482632
5,96094;;;-16,69768784
5,96144;;;-12,11977172
5,96194;;;-10,59379969
5,96244;;;-10,28860528
5,96294;;;-6,321077977
5,96344;;;0,6983933997
5,96394;;;5,581503923
5,96444;;;8,023059185
5,96494;;;12,90616971
5,96544;;;21,14641872
5,96594;;;27,86069569
5,96644;;;30,30225095
5,96694;;;31,82822299
5,96744;;;34,26977825
5,96794;;;35,18536147
5,96844;;;32,13341739
5,96894;;;28,77627891
5,96944;;;27,25030687
5,96994;;;25,11394602
5,97044;;;21,14641872
5,97094;;;18,70486345
5,97144;;;19,31525227
5,97194;;;19,62044668
5,97244;;;15,65291938
5,97294;;;10,76980885
5,97344;;;8,328253592
5,97394;;;6,191892738
5,97444;;;0,08800458433
5,97494;;;-6,931466793
5,97544;;;-11,81457732
5,97594;;;-16,39249343
5,97644;;;-22,80157599
5,97694;;;-29,21065856
5,97744;;;-31,34701941
5,97794;;;-30,43143619
5,97844;;;-29,21065856
5,97894;;;-27,68468652
5,97944;;;-24,32754803
5,97994;;;-21,27560395
5,98044;;;-20,66521514
5,98094;;;-20,36002073
5,98144;;;-17,91846547
5,98194;;;-14,86652139
5,98244;;;-13,64574376
5,98294;;;-13,03535495
5,98344;;;-9,373022054
5,98394;;;-2,963939493
5,98444;;;2,529559846
5,98494;;;6,497087146
5,98544;;;11,38019767
5,98594;;;17,17889142
5,98644;;;22,06200194
5,98694;;;26,33472365
5,98744;;;30,30225095
5,98794;;;31,52302858
5,98844;;;28,16589009
5,98894;;;23,89316839
5,98944;;;21,75680753
5,98993;;;20,23083549
5,99043;;;17,78928023
5,99093;;;15,65291938
5,99143;;;15,65291938
5,99193;;;15,04253056
5,99243;;;11,68539208
5,99293;;;8,023059185
5,99343;;;6,191892738
5,99393;;;3,445143069
5,99443;;;-2,353550677
5,99493;;;-9,98341087
5,99543;;;-14,86652139
5,99593;;;-18,52885429
5,99643;;;-24,02235362
5,99693;;;-30,12624178
5,99743;;;-33,48338026
5,99793;;;-33,78857467
5,99843;;;-32,56779704
5,99893;;;-30,12624178
5,99943;;;-26,46390889
5,99993;;;-23,41196481
6,00043;;;-22,80157599
6,00093;;;-22,49638159
6,00143;;;-20,36002073
6,00193;;;-17,91846547
6,00243;;;-16,39249343
6,00293;;;-14,25613258
6,00343;;;-9,373022054
6,00393;;;-3,879522716
6,00443;;;0,08800458433
6,00493;;;3,445143069
6,00543;;;8,023059185
6,00593;;;13,21136412
6,00643;;;18,70486345
6,00693;;;24,19836279
6,00743;;;28,4710845
6,00793;;;28,77627891
6,00843;;;25,41914042
6,00893;;;22,67239075
6,00943;;;21,75680753
6,00993;;;19,62044668
6,01043;;;15,34772497
6,01093;;;12,29578089
6,01143;;;12,90616971
6,01193;;;12,90616971
6,01243;;;9,243836815
6,01293;;;4,971115108
6,01343;;;3,139948661
6,01393;;;0,393198992
6,01443;;;-5,710689162
6,01493;;;-12,73016054
6,01543;;;-16,69768784
6,01593;;;-20,36002073
6,01643;;;-27,68468652
6,01693;;;-35,0093523
6,01743;;;-37,14571316
6,01793;;;-35,61974112
6,01843;;;-35,31454671
6,01893;;;-34,39896349
6,01943;;;-29,21065856
6,01993;;;-23,71715922
6,02043;;;-23,71715922
6,02093;;;-25,85352007
6,02143;;;-24,02235362
6,02193;;;-18,52885429
6,02243;;;-16,69768784
6,02293;;;-17,30807665
6,02343;;;-12,73016054
6,02393;;;-3,879522716
6,02443;;;1,003587807
6,02493;;;0,6983933997
6,02543;;;5,581503923
6,02593;;;21,45161312
6,02643;;;37,62691673
6,02693;;;41,59444403
6,02743;;;33,35419502
6,02793;;;25,11394602
6,02843;;;22,67239075
6,02893;;;23,28277957
6,02943;;;22,06200194
6,02993;;;18,09447464
6,03043;;;14,73733615
6,03093;;;14,12694734
6,03143;;;15,65291938
6,03193;;;15,34772497
6,03243;;;11,68539208
6,03293;;;6,802281554
6,03343;;;3,445143069
6,03393;;;-0,5223842311
6,03443;;;-6,931466793
6,03493;;;-13,34054935
6,03543;;;-17,00288225
6,03593;;;-20,97040955
6,03643;;;-27,68468652
6,03693;;;-34,39896349
6,03743;;;-36,23012993
6,03793;;;-34,39896349
6,03843;;;-33,17818586
6,03893;;;-31,34701941
6,03943;;;-26,76910329
6,03993;;;-21,58079836
6,04043;;;-20,36002073
6,04093;;;-21,27560395
6,04143;;;-20,36002073
6,04193;;;-17,30807665
6,04243;;;-15,47691021
6,04293;;;-13,64574376
6,04343;;;-7,847050016
6,04393;;;0,08800458433
6,04443;;;5,886698331
6,04493;;;9,549031223
6,04543;;;13,82175293
6,04592;;;19,62044668
6,04642;;;25,41914042
6,04692;;;30,30225095
6,04742;;;34,26977825
6,04792;;;35,18536147
6,04842;;;32,74380621
6,04892;;;29,99705654
6,04942;;;28,4710845
6,04992;;;26,02952924
6,05042;;;22,06200194
6,05092;;;19,92564108
6,05142;;;20,84122431
6,05192;;;19,92564108
6,05242;;;15,04253056
6,05292;;;10,76980885
6,05342;;;9,549031223
6,05392;;;6,802281554
6,05442;;;-0,5223842311
6,05492;;;-8,152244424
6,05542;;;-11,81457732
6,05592;;;-15,47691021
6,05642;;;-22,80157599
6,05692;;;-29,51585296
6,05742;;;-31,041825
6,05792;;;-30,43143619
6,05842;;;-31,041825
6,05892;;;-29,51585296
6,05942;;;-22,80157599
6,05992;;;-17,30807665
6,06042;;;-17,91846547
6,06092;;;-20,05482632
6,06142;;;-17,30807665
6,06192;;;-12,73016054
6,06242;;;-11,50938291
6,06292;;;-10,28860528
6,06342;;;-3,574328308
6,06392;;;4,360726292
6,06442;;;8,328253592
6,06492;;;10,46461445
6,06542;;;15,65291938
6,06592;;;22,36719635
6,06642;;;26,02952924
6,06692;;;29,38666772
6,06742;;;35,49055588
6,06792;;;39,45808318
6,06842;;;35,79575029
6,06892;;;29,38666772
6,06942;;;26,94511246
6,06992;;;26,63991805
6,07042;;;24,19836279
6,07092;;;21,45161312
6,07142;;;21,75680753
6,07192;;;21,45161312
6,07242;;;16,5685026
6,07292;;;11,38019767
6,07342;;;10,15942004
6,07392;;;8,023059185
6,07442;;;0,08800458433
6,07492;;;-8,152244424
6,07542;;;-10,59379969
6,07592;;;-12,42496613
6,07642;;;-20,66521514
6,07692;;;-29,51585296
6,07742;;;-31,34701941
6,07792;;;-28,29507533
6,07842;;;-27,98988092
6,07892;;;-27,37949211
6,07942;;;-21,58079836
6,07992;;;-16,69768784
6,08042;;;-19,74963192
6,08092;;;-21,88599277
6,08142;;;-11,81457732
6,08192;;;2,834754254
6,08242;;;4,971115108
6,08292;;;-6,01588357
6,08342;;;-12,42496613
6,08392;;;-5,710689162
6,08442;;;3,750337477
6,08492;;;8,023059185
6,08542;;;10,46461445
6,08592;;;16,26330819
6,08642;;;23,58797398
6,08692;;;28,4710845
6,08742;;;30,91263976
6,08792;;;32,13341739
6,08842;;;30,91263976
6,08892;;;27,55550128
6,08942;;;25,41914042
6,08992;;;23,58797398
6,09042;;;20,84122431
6,09092;;;18,39966905
6,09142;;;18,39966905
6,09192;;;18,39966905
6,09242;;;15,34772497
6,09292;;;10,76980885
6,09342;;;8,023059185
6,09392;;;5,886698331
6,09442;;;1,003587807
6,09492;;;-5,405494754
6,09542;;;-10,28860528
6,09592;;;-14,86652139
6,09642;;;-21,58079836
6,09692;;;-27,98988092
6,09742;;;-29,82104737
6,09792;;;-28,60026974
6,09842;;;-27,37949211
6,09892;;;-26,15871448
6,09942;;;-22,80157599
6,09992;;;-18,83404869
6,10042;;;-17,61327106
6,10092;;;-17,91846547
6,10142;;;-16,08729902
6,10192;;;-13,34054935
6,10241;;;-11,81457732
6,10291;;;-10,28860528
6,10341;;;-6,321077977
6,10391;;;-0,5223842311
6,10441;;;4,055531884
6,10491;;;8,633448
6,10541;;;14,12694734
6,10591;;;19,62044668
6,10641;;;24,19836279
6,10691;;;28,77627891
6,10741;;;33,04900062
6,10791;;;34,26977825
6,10841;;;31,52302858
6,10891;;;27,55550128
6,10941;;;25,41914042
6,10991;;;23,28277957
6,11041;;;20,5360299
6,11091;;;19,01005786
6,11141;;;19,31525227
6,11191;;;17,78928023
6,11241;;;13,51655852
6,11291;;;9,854225631
6,11341;;;8,023059185
6,11391;;;4,360726292
6,11441;;;-2,963939493
6,11491;;;-9,678216462
6,11541;;;-13,34054935
6,11591;;;-17,61327106
6,11641;;;-25,54832566
6,11691;;;-32,56779704
6,11741;;;-34,09376908
6,11791;;;-32,26260263
6,11841;;;-31,041825
6,11891;;;-29,21065856
6,11941;;;-25,24313125
6,11991;;;-20,97040955
6,12041;;;-19,74963192
6,12091;;;-19,44443751
6,12141;;;-16,69768784
6,12191;;;-13,03535495
6,12241;;;-11,2041885
6,12291;;;-9,678216462
6,12341;;;-5,405494754
6,12391;;;0,393198992
6,12441;;;5,886698331
6,12491;;;10,15942004
6,12541;;;15,04253056
6,12591;;;19,92564108
6,12641;;;24,5035572
6,12691;;;29,38666772
6,12741;;;33,65938943
6,12791;;;33,96458384
6,12841;;;31,21783417
6,12891;;;28,4710845
6,12941;;;26,94511246
6,12991;;;23,58797398
6,13041;;;19,62044668
6,13091;;;19,01005786
6,13141;;;20,23083549
6,13191;;;18,09447464
6,13241;;;12,6009753
6,13291;;;8,938642408
6,13341;;;8,328253592
6,13391;;;5,276309515
6,13441;;;-1,132773046
6,13491;;;-7,541855608
6,13541;;;-10,89899409
6,13591;;;-16,08729902
6,13641;;;-24,02235362
6,13691;;;-29,51585296
6,13741;;;-30,12624178
6,13791;;;-29,82104737
6,13841;;;-29,82104737
6,13891;;;-26,76910329
6,13941;;;-20,66521514
6,13991;;;-17,91846547
6,14041;;;-19,74963192
6,14091;;;-20,05482632
6,14141;;;-17,00288225
6,14191;;;-14,86652139
6,14241;;;-13,64574376
6,14291;;;-9,678216462
6,14341;;;-4,184717123
6,14391;;;-1,743161862
6,14441;;;0,393198992
6,14491;;;11,68539208
6,14541;;;28,4710845
6,14591;;;35,18536147
6,14641;;;28,4710845
6,14691;;;22,06200194
6,14741;;;25,41914042
6,14791;;;30,60744535
6,14841;;;27,55550128
6,14891;;;21,45161312
6,14941;;;19,62044668
6,14991;;;19,92564108
6,15041;;;17,17889142
6,15091;;;13,51655852
6,15141;;;13,21136412
6,15191;;;12,29578089
6,15241;;;8,328253592
6,15291;;;4,055531884
6,15341;;;2,224365438
6,15391;;;-1,132773046
6,15441;;;-8,762633239
6,15491;;;-15,78210462
6,15541;;;-19,44443751
6,15591;;;-23,71715922
6,15641;;;-31,34701941
6,15691;;;-37,45090756
6,15741;;;-38,67168519
6,15791;;;-37,75610197
6,15840;;;-38,36649079
6,15890;;;-37,14571316
6,15940;;;-31,95740822
6,15990;;;-28,29507533
6,16040;;;-28,60026974
6,16090;;;-28,60026974
6,16140;;;-25,24313125
6,16190;;;-21,58079836
6,16240;;;-20,36002073
6,16290;;;-18,52885429
6,16340;;;-13,03535495
6,16390;;;-7,236661201
6,16440;;;-3,574328308
6,16490;;;0,08800458433
6,16540;;;7,412670369
6,16590;;;14,73733615
6,16640;;;19,92564108
6,16690;;;24,5035572
6,16740;;;28,77627891
6,16790;;;29,69186213
6,16840;;;26,94511246
6,16890;;;23,58797398
6,16940;;;21,45161312
6,16990;;;18,09447464
6,17040;;;13,82175293
6,17090;;;12,6009753
6,17140;;;13,82175293
6,17190;;;11,99058648
6,17240;;;6,497087146
6,17290;;;2,529559846
6,17340;;;1,308782215
6,17390;;;-1,743161862
6,17440;;;-9,373022054
6,17490;;;-15,47691021
6,17540;;;-17,91846547
6,17590;;;-22,19118718
6,17640;;;-30,73663059
6,17690;;;-37,75610197
6,17740;;;-38,67168519
6,17790;;;-37,14571316
6,17840;;;-36,84051875
6,17890;;;-35,0093523
6,17940;;;-29,21065856
6,17990;;;-23,71715922
6,18040;;;-23,41196481
6,18090;;;-24,32754803
6,18140;;;-21,88599277
6,18190;;;-17,30807665
6,18240;;;-14,56132699
6,18290;;;-12,42496613
6,18340;;;-8,152244424
6,18390;;;-2,353550677
6,18440;;;2,529559846
6,18490;;;7,717864777
6,18540;;;14,43214175
6,18590;;;21,14641872
6,18640;;;25,72433483
6,18690;;;29,99705654
6,18740;;;33,96458384
6,18790;;;34,88016706
6,18840;;;31,52302858
6,18890;;;27,86069569
6,18940;;;26,33472365
6,18990;;;24,80875161
6,19040;;;22,06200194
6,19090;;;20,84122431
6,19140;;;21,45161312
6,19190;;;20,23083549
6,19240;;;15,65291938
6,19290;;;11,68539208
6,19340;;;10,46461445
6,19390;;;7,717864777
6,19440;;;1,003587807
6,19490;;;-6,321077977
6,19540;;;-10,59379969
6,19590;;;-15,1717158
6,19640;;;-22,49638159
6,19690;;;-28,90546415
6,19740;;;-30,73663059
6,19790;;;-30,12624178
6,19840;;;-29,82104737
6,19890;;;-28,29507533
6,19940;;;-23,71715922
6,19990;;;-19,74963192
6,20040;;;-19,44443751
6,20090;;;-19,44443751
6,20140;;;-16,08729902
6,20190;;;-12,11977172
6,20240;;;-10,28860528
6,20290;;;-8,152244424
6,20340;;;-2,963939493
6,20390;;;2,224365438
6,20440;;;5,581503923
6,20490;;;10,15942004
6,20540;;;17,78928023
6,20590;;;24,80875161
6,20640;;;27,86069569
6,20690;;;31,82822299
6,20740;;;39,15288877
6,20790;;;41,59444403
6,20840;;;34,26977825
6,20890;;;26,94511246
6,20940;;;31,52302858
6,20990;;;41,59444403
6,21040;;;41,89963844
6,21090;;;30,60744535
6,21140;;;19,31525227
6,21190;;;16,26330819
6,21240;;;15,95811378
6,21290;;;12,6009753
6,21340;;;7,717864777
6,21390;;;4,055531884
6,21440;;;0,08800458433
6,21489;;;-5,710689162
6,21539;;;-11,81457732
6,21589;;;-17,91846547
6,21639;;;-24,32754803
6,21689;;;-29,51585296
6,21739;;;-31,95740822
6,21789;;;-31,34701941
6,21839;;;-29,82104737
6,21889;;;-27,37949211
6,21939;;;-23,71715922
6,21989;;;-20,97040955
6,22039;;;-20,05482632
6,22089;;;-20,05482632
6,22139;;;-17,91846547
6,22189;;;-15,1717158
6,22239;;;-12,42496613
6,22289;;;-9,067827647
6,22339;;;-4,184717123
6,22389;;;0,393198992
6,22439;;;4,971115108
6,22489;;;10,15942004
6,22539;;;16,87369701
6,22589;;;23,28277957
6,22639;;;28,16589009
6,22689;;;32,74380621
6,22739;;;36,4061391
6,22789;;;36,71133351
6,22839;;;34,26977825
6,22889;;;31,82822299
6,22939;;;30,60744535
6,22989;;;28,16589009
6,23039;;;24,80875161
6,23089;;;22,97758516
6,23139;;;22,67239075
6,23189;;;20,5360299
6,23239;;;16,5685026
6,23289;;;13,51655852
6,23339;;;11,38019767
6,23389;;;6,497087146
6,23439;;;-0,2171898234
6,23489;;;-6,01588357
6,23539;;;-10,59379969
6,23589;;;-16,69768784
6,23639;;;-24,63274244
6,23689;;;-29,82104737
6,23739;;;-30,43143619
6,23789;;;-30,12624178
6,23839;;;-29,82104737
6,23889;;;-27,0742977
6,23939;;;-22,19118718
6,23989;;;-19,44443751
6,24039;;;-19,74963192
6,24089;;;-19,1392431
6,24139;;;-16,08729902
6,24189;;;-13,64574376
6,24239;;;-11,81457732
6,24289;;;-7,847050016
6,24339;;;-1,743161862
6,24389;;;2,529559846
6,24439;;;5,276309515
6,24489;;;9,854225631
6,24539;;;16,87369701
6,24589;;;23,28277957
6,24639;;;28,16589009
6,24689;;;33,04900062
6,24739;;;37,01652792
6,24789;;;36,4061391
6,24839;;;32,13341739
6,24889;;;28,4710845
6,24939;;;26,63991805
6,24989;;;23,58797398
6,25039;;;19,62044668
6,25089;;;18,39966905
6,25139;;;19,01005786
6,25189;;;16,87369701
6,25239;;;11,38019767
6,25289;;;7,717864777
6,25339;;;6,497087146
6,25389;;;3,139948661
6,25439;;;-3,574328308
6,25489;;;-10,28860528
6,25539;;;-14,56132699
6,25589;;;-20,05482632
6,25639;;;-26,76910329
6,25689;;;-31,95740822
6,25739;;;-33,78857467
6,25789;;;-34,09376908
6,25839;;;-33,48338026
6,25889;;;-30,12624178
6,25939;;;-25,24313125
6,25989;;;-23,41196481
6,26039;;;-24,32754803
6,26089;;;-24,02235362
6,26139;;;-21,27560395
6,26189;;;-18,52885429
6,26239;;;-17,00288225
6,26289;;;-14,25613258
6,26339;;;-8,762633239
6,26389;;;-3,2691339
6,26439;;;0,393198992
6,26489;;;4,360726292
6,26539;;;9,854225631
6,26589;;;15,65291938
6,26639;;;21,14641872
6,26689;;;26,94511246
6,26739;;;31,21783417
6,26789;;;31,21783417
6,26839;;;27,86069569
6,26889;;;25,11394602
6,26939;;;23,58797398
6,26989;;;21,14641872
6,27039;;;18,39966905
6,27088;;;16,87369701
6,27138;;;17,48408582
6,27188;;;16,5685026
6,27238;;;12,90616971
6,27288;;;9,243836815
6,27338;;;6,802281554
6,27388;;;3,750337477
6,27438;;;-2,04835627
6,27488;;;-9,373022054
6,27538;;;-15,47691021
6,27588;;;-20,05482632
6,27638;;;-25,85352007
6,27688;;;-33,48338026
6,27738;;;-38,36649079
6,27788;;;-33,78857467
6,27838;;;-21,27560395
6,27888;;;-11,81457732
6,27938;;;-14,25613258
6,27988;;;-24,32754803
6,28038;;;-29,82104737
6,28088;;;-25,85352007
6,28138;;;-20,66521514
6,28188;;;-20,05482632
6,28238;;;-20,05482632
6,28288;;;-15,47691021
6,28338;;;-9,373022054
6,28388;;;-5,405494754
6,28438;;;-2,353550677
6,28488;;;3,139948661
6,28538;;;10,15942004
6,28588;;;15,65291938
6,28638;;;20,84122431
6,28688;;;27,55550128
6,28738;;;32,13341739
6,28788;;;31,21783417
6,28838;;;27,55550128
6,28888;;;25,41914042
6,28938;;;24,80875161
6,28988;;;22,67239075
6,29038;;;20,23083549
6,29088;;;19,62044668
6,29138;;;19,62044668
6,29188;;;16,5685026
6,29238;;;11,99058648
6,29288;;;10,15942004
6,29338;;;9,549031223
6,29388;;;5,581503923
6,29438;;;-1,437967454
6,29488;;;-7,847050016
6,29538;;;-12,11977172
6,29588;;;-17,91846547
6,29638;;;-25,24313125
6,29688;;;-30,43143619
6,29738;;;-32,26260263
6,29788;;;-32,87299145
6,29838;;;-31,95740822
6,29888;;;-28,29507533
6,29938;;;-22,80157599
6,29988;;;-20,36002073
6,30038;;;-20,66521514
6,30088;;;-20,05482632
6,30138;;;-16,69768784
6,30188;;;-13,95093817
6,30238;;;-12,11977172
6,30288;;;-8,762633239
6,30338;;;-3,574328308
6,30388;;;1,003587807
6,30438;;;4,971115108
6,30488;;;10,76980885
6,30538;;;17,78928023
6,30588;;;23,28277957
6,30638;;;27,86069569
6,30688;;;33,04900062
6,30738;;;37,32172232
6,30788;;;37,01652792
6,30838;;;33,35419502
6,30888;;;30,91263976
6,30938;;;29,69186213
6,30988;;;26,94511246
6,31038;;;23,58797398
6,31088;;;23,28277957
6,31138;;;23,89316839
6,31188;;;20,5360299
6,31238;;;14,73733615
6,31288;;;11,38019767
6,31338;;;10,15942004
6,31388;;;5,886698331
6,31438;;;-1,743161862
6,31488;;;-8,762633239
6,31538;;;-13,03535495
6,31588;;;-18,83404869
6,31638;;;-27,0742977
6,31688;;;-33,17818586
6,31738;;;-35,31454671
6,31788;;;-35,31454671
6,31838;;;-35,0093523
6,31888;;;-32,26260263
6,31938;;;-27,98988092
6,31988;;;-25,85352007
6,32038;;;-25,85352007
6,32088;;;-24,63274244
6,32138;;;-21,58079836
6,32188;;;-19,1392431
6,32238;;;-17,30807665
6,32288;;;-13,34054935
6,32338;;;-7,236661201
6,32388;;;-2,658745085
6,32438;;;0,6983933997
6,32488;;;5,886698331
6,32538;;;12,90616971
6,32588;;;19,31525227
6,32638;;;24,80875161
6,32688;;;29,99705654
6,32737;;;32,74380621
6,32787;;;31,52302858
6,32837;;;28,77627891
6,32887;;;26,63991805
6,32937;;;24,19836279
6,32987;;;20,23083549
6,33037;;;17,78928023
6,33087;;;18,70486345
6,33137;;;18,09447464
6,33187;;;13,21136412
6,33237;;;8,633448
6,33287;;;7,412670369
6,33337;;;4,971115108
6,33387;;;-0,8275786388
6,33437;;;-6,321077977
6,33487;;;-9,373022054
6,33537;;;-15,78210462
6,33587;;;-27,68468652
6,33637;;;-33,78857467
6,33687;;;-27,98988092
6,33737;;;-21,58079836
6,33787;;;-27,98988092
6,33837;;;-39,58726842
6,33887;;;-41,41843486
6,33937;;;-33,17818586
6,33987;;;-28,60026974
6,34037;;;-30,43143619
6,34087;;;-30,12624178
6,34137;;;-24,63274244
6,34187;;;-21,27560395
6,34237;;;-21,27560395
6,34287;;;-17,91846547
6,34337;;;-9,98341087
6,34387;;;-4,184717123
6,34437;;;-1,132773046
6,34487;;;3,750337477
6,34537;;;12,6009753
6,34587;;;19,62044668
6,34637;;;23,28277957
6,34687;;;28,16589009
6,34737;;;32,74380621
6,34787;;;32,4386118
6,34837;;;27,55550128
6,34887;;;24,5035572
6,34937;;;24,19836279
6,34987;;;22,67239075
6,35037;;;19,62044668
6,35087;;;18,39966905
6,35137;;;18,39966905
6,35187;;;15,34772497
6,35237;;;10,15942004
6,35287;;;8,023059185
6,35337;;;7,107475961
6,35387;;;2,529559846
6,35437;;;-5,100300347
6,35487;;;-10,59379969
6,35537;;;-13,95093817
6,35587;;;-20,36002073
6,35637;;;-29,51585296
6,35687;;;-35,0093523
6,35737;;;-35,61974112
6,35787;;;-35,0093523
6,35837;;;-34,39896349
6,35887;;;-31,041825
6,35937;;;-25,54832566
6,35987;;;-22,49638159
6,36037;;;-22,80157599
6,36087;;;-21,88599277
6,36137;;;-18,83404869
6,36187;;;-16,39249343
6,36237;;;-15,1717158
6,36287;;;-11,50938291
6,36337;;;-6,01588357
6,36387;;;-1,132773046
6,36437;;;2,224365438
6,36487;;;8,633448
6,36537;;;17,17889142
6,36587;;;24,19836279
6,36637;;;29,08147332
6,36687;;;33,96458384
6,36737;;;37,62691673
6,36787;;;37,62691673
6,36837;;;34,26977825
6,36887;;;31,21783417
6,36937;;;29,38666772
6,36987;;;26,94511246
6,37037;;;24,5035572
6,37087;;;23,89316839
6,37137;;;23,58797398
6,37187;;;19,92564108
6,37237;;;15,04253056
6,37287;;;13,21136412
6,37337;;;12,6009753
6,37387;;;8,938642408
6,37437;;;2,529559846
6,37487;;;-2,963939493
6,37537;;;-7,847050016
6,37587;;;-14,86652139
6,37637;;;-23,41196481
6,37687;;;-28,90546415
6,37737;;;-30,12624178
6,37787;;;-29,82104737
6,37837;;;-28,90546415
6,37887;;;-25,85352007
6,37937;;;-22,19118718
6,37987;;;-20,66521514
6,38037;;;-20,66521514
6,38087;;;-18,52885429
6,38137;;;-14,56132699
6,38187;;;-12,11977172
6,38237;;;-10,59379969
6,38287;;;-7,541855608
6,38336;;;-1,743161862
6,38386;;;3,139948661
6,38436;;;7,412670369
6,38486;;;12,29578089
6,38536;;;18,39966905
6,38586;;;25,11394602
6,38636;;;30,91263976
6,38686;;;35,79575029
6,38736;;;38,23730555
6,38786;;;37,62691673
6,38836;;;34,88016706
6,38886;;;32,13341739
6,38936;;;29,38666772
6,38986;;;26,02952924
6,39036;;;24,19836279
6,39086;;;24,19836279
6,39136;;;22,97758516
6,39186;;;19,01005786
6,39236;;;14,12694734
6,39286;;;11,07500326
6,39336;;;8,938642408
6,39386;;;4,360726292
6,39436;;;-2,04835627
6,39486;;;-8,457438831
6,39536;;;-13,64574376
6,39586;;;-19,1392431
6,39636;;;-26,15871448
6,39686;;;-32,56779704
6,39736;;;-35,31454671
6,39786;;;-33,48338026
6,39836;;;-30,43143619
6,39886;;;-29,82104737
6,39936;;;-28,29507533
6,39986;;;-20,97040955
6,40036;;;-9,678216462
6,40086;;;-4,795105939
6,40136;;;-11,81457732
6,40186;;;-21,58079836
6,40236;;;-21,27560395
6,40286;;;-12,11977172
6,40336;;;-5,405494754
6,40386;;;-4,795105939
6,40436;;;-2,04835627
6,40486;;;7,107475961
6,40536;;;16,5685026
6,40586;;;21,14641872
6,40636;;;25,41914042
6,40686;;;32,4386118
6,40736;;;37,62691673
6,40786;;;35,79575029
6,40836;;;30,91263976
6,40886;;;28,4710845
6,40936;;;27,25030687
6,40986;;;23,28277957
6,41036;;;19,01005786
6,41086;;;18,39966905
6,41136;;;18,39966905
6,41186;;;15,04253056
6,41236;;;10,46461445
6,41286;;;8,633448
6,41336;;;7,717864777
6,41386;;;2,529559846
6,41436;;;-4,795105939
6,41486;;;-10,59379969
6,41536;;;-15,1717158
6,41586;;;-22,80157599
6,41636;;;-31,041825
6,41686;;;-35,92493552
6,41736;;;-36,23012993
6,41786;;;-35,61974112
6,41836;;;-35,0093523
6,41886;;;-31,95740822
6,41936;;;-27,37949211
6,41986;;;-25,54832566
6,42036;;;-25,85352007
6,42086;;;-25,24313125
6,42136;;;-22,19118718
6,42186;;;-19,44443751
6,42236;;;-17,00288225
6,42286;;;-13,34054935
6,42336;;;-8,457438831
6,42386;;;-4,489911531
6,42436;;;0,08800458433
6,42486;;;6,191892738
6,42536;;;13,51655852
6,42586;;;19,62044668
6,42636;;;25,11394602
6,42686;;;31,21783417
6,42736;;;34,88016706
6,42786;;;33,65938943
6,42836;;;29,99705654
6,42886;;;28,16589009
6,42936;;;26,33472365
6,42986;;;23,28277957
6,43036;;;20,84122431
6,43086;;;21,45161312
6,43136;;;21,45161312
6,43186;;;17,48408582
6,43236;;;11,99058648
6,43286;;;8,938642408
6,43336;;;7,107475961
6,43386;;;2,224365438
6,43436;;;-3,574328308
6,43486;;;-8,152244424
6,43536;;;-12,73016054
6,43586;;;-20,97040955
6,43636;;;-30,43143619
6,43686;;;-35,92493552
6,43736;;;-36,84051875
6,43786;;;-35,61974112
6,43836;;;-33,48338026
6,43886;;;-29,21065856
6,43936;;;-25,54832566
6,43985;;;-24,63274244
6,44035;;;-24,32754803
6,44085;;;-21,27560395
6,44135;;;-17,00288225
6,44185;;;-14,25613258
6,44235;;;-12,42496613
6,44285;;;-8,457438831
6,44335;;;-2,963939493
6,44385;;;1,003587807
6,44435;;;5,276309515
6,44485;;;11,07500326
6,44535;;;18,09447464
6,44585;;;24,5035572
6,44635;;;30,91263976
6,44685;;;37,01652792
6,44735;;;40,3736664
6,44785;;;39,15288877
6,44835;;;35,79575029
6,44885;;;33,35419502
6,44935;;;30,91263976
6,44985;;;26,63991805
6,45035;;;22,97758516
6,45085;;;22,06200194
6,45135;;;21,45161312
6,45185;;;18,39966905
6,45235;;;13,82175293
6,45285;;;11,07500326
6,45335;;;9,243836815
6,45385;;;5,276309515
6,45435;;;-0,8275786388
6,45485;;;-7,236661201
6,45535;;;-13,64574376
6,45585;;;-20,97040955
6,45635;;;-28,29507533
6,45685;;;-32,87299145
6,45735;;;-34,39896349
6,45785;;;-34,09376908
6,45835;;;-32,26260263
6,45885;;;-28,90546415
6,45935;;;-25,24313125
6,45985;;;-22,49638159
6,46035;;;-21,88599277
6,46085;;;-21,58079836
6,46135;;;-19,44443751
6,46185;;;-14,56132699
6,46235;;;-10,89899409
6,46285;;;-9,678216462
6,46335;;;-7,236661201
6,46385;;;3,139948661
6,46435;;;18,70486345
6,46485;;;27,25030687
6,46535;;;23,89316839
6,46585;;;18,39966905
6,46635;;;22,67239075
6,46685;;;33,04900062
6,46735;;;37,93211114
6,46785;;;34,57497265
6,46835;;;30,60744535
6,46885;;;30,30225095
6,46935;;;28,4710845
6,46985;;;23,58797398
6,47035;;;19,62044668
6,47085;;;19,31525227
6,47135;;;19,62044668
6,47185;;;16,87369701
6,47235;;;13,51655852
6,47285;;;11,38019767
6,47335;;;8,328253592
6,47385;;;2,529559846
6,47435;;;-2,963939493
6,47485;;;-8,152244424
6,47535;;;-14,86652139
6,47585;;;-23,71715922
6,47635;;;-31,041825
6,47685;;;-34,09376908
6,47735;;;-35,61974112
6,47785;;;-36,53532434
6,47835;;;-34,39896349
6,47885;;;-28,90546415
6,47935;;;-24,93793685
6,47985;;;-24,63274244
6,48035;;;-24,63274244
6,48085;;;-21,88599277
6,48135;;;-19,1392431
6,48185;;;-17,91846547
6,48235;;;-15,47691021
6,48285;;;-9,373022054
6,48335;;;-3,879522716
6,48385;;;-1,437967454
6,48435;;;1,613976623
6,48485;;;8,938642408
6,48535;;;16,87369701
6,48585;;;22,06200194
6,48635;;;27,25030687
6,48685;;;34,26977825
6,48735;;;38,84769436
6,48785;;;36,71133351
6,48835;;;32,4386118
6,48885;;;31,21783417
6,48935;;;30,30225095
6,48985;;;26,63991805
6,49035;;;23,58797398
6,49085;;;24,5035572
6,49135;;;24,80875161
6,49185;;;20,23083549
6,49235;;;14,43214175
6,49285;;;12,6009753
6,49335;;;11,99058648
6,49385;;;6,497087146
6,49435;;;-0,5223842311
6,49485;;;-4,489911531
6,49535;;;-7,541855608
6,49584;;;-15,47691021
6,49634;;;-25,85352007
6,49684;;;-31,95740822
6,49734;;;-32,26260263
6,49784;;;-31,95740822
6,49834;;;-31,041825
6,49884;;;-27,98988092
6,49934;;;-24,02235362
6,49984;;;-22,80157599
6,50034;;;-23,71715922
6,50084;;;-22,49638159
6,50134;;;-18,52885429
6,50184;;;-15,78210462
6,50234;;;-13,64574376
6,50284;;;-10,28860528
6,50334;;;-6,321077977
6,50384;;;-3,2691339
6,50434;;;0,6983933997
6,50484;;;8,328253592
6,50534;;;16,5685026
6,50584;;;21,75680753
6,50634;;;26,02952924
6,50684;;;31,82822299
6,50734;;;36,10094469
6,50784;;;34,57497265
6,50834;;;29,69186213
6,50884;;;26,02952924
6,50934;;;23,89316839
6,50984;;;21,14641872
6,51034;;;19,31525227
6,51084;;;19,01005786
6,51134;;;17,48408582
6,51184;;;12,90616971
6,51234;;;8,023059185
6,51284;;;6,191892738
6,51334;;;4,6659207
6,51384;;;-0,8275786388
6,51434;;;-8,457438831
6,51484;;;-14,25613258
6,51534;;;-20,36002073
6,51584;;;-28,60026974
6,51634;;;-36,84051875
6,51684;;;-41,41843486
6,51734;;;-42,63921249
6,51784;;;-42,9444069
6,51834;;;-41,11324046
6,51884;;;-36,84051875
6,51934;;;-33,17818586
6,51984;;;-32,26260263
6,52034;;;-31,95740822
6,52084;;;-29,82104737
6,52134;;;-27,0742977
6,52184;;;-24,93793685
6,52234;;;-21,88599277
6,52284;;;-16,69768784
6,52334;;;-12,42496613
6,52384;;;-9,678216462
6,52434;;;-5,405494754
6,52484;;;1,308782215
6,52534;;;8,328253592
6,52584;;;13,82175293
6,52634;;;20,84122431
6,52684;;;27,86069569
6,52734;;;30,91263976
6,52784;;;29,08147332
6,52834;;;27,55550128
6,52884;;;26,94511246
6,52934;;;22,36719635
6,52984;;;16,87369701
6,53034;;;20,5360299
6,53084;;;30,91263976
6,53134;;;32,4386118
6,53184;;;19,31525227
6,53234;;;4,360726292
6,53284;;;1,613976623
6,53334;;;4,971115108
6,53384;;;1,613976623
6,53434;;;-7,236661201
6,53484;;;-13,03535495
6,53534;;;-16,69768784
6,53584;;;-24,02235362
6,53634;;;-33,48338026
6,53684;;;-38,36649079
6,53734;;;-38,36649079
6,53784;;;-38,06129638
6,53834;;;-37,45090756
6,53884;;;-32,26260263
6,53934;;;-26,46390889
6,53984;;;-25,24313125
6,54034;;;-26,46390889
6,54084;;;-23,1067704
6,54134;;;-17,61327106
6,54184;;;-16,39249343
6,54234;;;-17,30807665
6,54284;;;-13,95093817
6,54334;;;-6,321077977
6,54384;;;-2,04835627
6,54434;;;-1,437967454
6,54484;;;2,834754254
6,54534;;;12,6009753
6,54584;;;20,84122431
6,54634;;;25,41914042
6,54684;;;31,21783417
6,54734;;;38,84769436
6,54784;;;42,51002725
6,54834;;;38,84769436
6,54884;;;34,57497265
6,54934;;;33,35419502
6,54984;;;32,13341739
6,55034;;;28,16589009
6,55084;;;26,02952924
6,55134;;;26,94511246
6,55184;;;26,63991805
6,55233;;;21,14641872
6,55283;;;15,04253056
6,55333;;;12,29578089
6,55383;;;10,15942004
6,55433;;;3,750337477
6,55483;;;-3,879522716
6,55533;;;-10,28860528
6,55583;;;-16,69768784
6,55633;;;-26,15871448
6,55683;;;-35,61974112
6,55733;;;-41,11324046
6,55783;;;-42,9444069
6,55833;;;-44,16518453
6,55883;;;-43,24960131
6,55933;;;-38,36649079
6,55983;;;-34,09376908
6,56033;;;-33,78857467
6,56083;;;-34,70415789
6,56133;;;-33,17818586
6,56183;;;-30,73663059
6,56233;;;-29,21065856
6,56283;;;-26,46390889
6,56333;;;-21,27560395
6,56383;;;-16,39249343
6,56433;;;-13,64574376
6,56483;;;-9,373022054
6,56533;;;-1,437967454
6,56583;;;7,107475961
6,56633;;;12,6009753
6,56683;;;17,78928023
6,56733;;;24,19836279
6,56783;;;28,77627891
6,56833;;;27,25030687
6,56883;;;23,28277957
6,56933;;;20,84122431
6,56983;;;19,62044668
6,57033;;;15,95811378
6,57083;;;12,90616971
6,57133;;;12,6009753
6,57183;;;11,99058648
6,57233;;;7,412670369
6,57283;;;2,529559846
6,57333;;;1,308782215
6,57383;;;0,393198992
6,57433;;;-4,489911531
6,57483;;;-12,73016054
6,57533;;;-19,1392431
6,57583;;;-24,63274244
6,57633;;;-32,56779704
6,57683;;;-41,11324046
6,57733;;;-45,69115657
6,57783;;;-45,99635098
6,57833;;;-44,77557335
6,57883;;;-42,02882368
6,57933;;;-36,84051875
6,57983;;;-31,95740822
6,58033;;;-30,43143619
6,58083;;;-29,51585296
6,58133;;;-25,24313125
6,58183;;;-19,74963192
6,58233;;;-16,39249343
6,58283;;;-13,34054935
6,58333;;;-7,541855608
6,58383;;;-0,8275786388
6,58433;;;4,360726292
6,58483;;;10,76980885
6,58533;;;21,45161312
6,58583;;;33,65938943
6,58633;;;42,20483285
6,58683;;;47,69833219
6,58733;;;54,71780356
6,58783;;;60,2113029
6,58833;;;60,2113029
6,58883;;;56,54897001
6,58933;;;54,71780356
6,58983;;;54,10741475
6,59033;;;51,05547067
6,59083;;;47,39313778
6,59133;;;47,69833219
6,59183;;;49,22430422
6,59233;;;44,95158252
6,59283;;;37,62691673
6,59333;;;35,18536147
6,59383;;;36,71133351
6,59433;;;31,52302858
6,59483;;;19,01005786
6,59533;;;10,76980885
6,59583;;;13,51655852
6,59633;;;16,5685026
6,59683;;;6,802281554
6,59733;;;-10,59379969
6,59783;;;-21,58079836
6,59833;;;-20,66521514
6,59883;;;-13,95093817
6,59933;;;-9,067827647
6,59983;;;-6,626272385
6,60033;;;-5,100300347
6,60083;;;-2,963939493
6,60133;;;0,08800458433
6,60183;;;3,139948661
6,60233;;;7,107475961
6,60283;;;11,38019767
6,60333;;;15,34772497
6,60383;;;19,01005786
6,60433;;;22,97758516
6,60483;;;28,77627891
6,60533;;;37,62691673
6,60583;;;46,17236015
6,60633;;;52,88663712
6,60683;;;58,99052527
6,60733;;;65,09441342
6,60783;;;67,84116309
6,60832;;;65,09441342
6,60882;;;59,60091409
6,60932;;;55,93858119
6,60982;;;52,88663712
6,61032;;;47,39313778
6,61082;;;42,20483285
6,61132;;;40,06847199
6,61182;;;38,23730555
6,61232;;;31,82822299
6,61282;;;23,58797398
6,61332;;;18,70486345
6,61382;;;15,34772497
6,61432;;;8,023059185
6,61482;;;-2,963939493
6,61532;;;-13,34054935
6,61582;;;-21,58079836
6,61632;;;-31,65221382
6,61682;;;-42,9444069
6,61732;;;-50,57426709
6,61782;;;-53,32101676
6,61832;;;-53,93140558
6,61882;;;-53,62621117
6,61932;;;-50,8794615
6,61982;;;-47,21712861
6,62032;;;-46,30154539
6,62082;;;-46,60673979
6,62132;;;-44,77557335
6,62182;;;-41,41843486
6,62232;;;-39,28207401
6,62282;;;-37,14571316
6,62332;;;-32,87299145
6,62382;;;-27,68468652
6,62432;;;-23,71715922
6,62482;;;-18,52885429
6,62532;;;-9,678216462
6,62582;;;0,08800458433
6,62632;;;8,023059185
6,62682;;;15,04253056
6,62732;;;22,97758516
6,62782;;;28,16589009
6,62832;;;26,02952924
6,62882;;;20,84122431
6,62932;;;17,17889142
6,62982;;;15,04253056
6,63032;;;11,68539208
6,63082;;;9,243836815
6,63132;;;10,15942004
6,63182;;;9,854225631
6,63232;;;4,6659207
6,63282;;;-1,132773046
6,63332;;;-2,963939493
6,63382;;;-4,184717123
6,63432;;;-10,59379969
6,63482;;;-20,36002073
6,63532;;;-27,68468652
6,63582;;;-34,39896349
6,63632;;;-43,85999012
6,63682;;;-54,54179439
6,63732;;;-60,64568255
6,63782;;;-61,25607136
6,63832;;;-59,73009933
6,63882;;;-56,67815525
6,63932;;;-51,48985032
6,63982;;;-46,60673979
6,64032;;;-44,47037894
6,64082;;;-42,63921249
6,64132;;;-38,06129638
6,64182;;;-32,56779704
6,64232;;;-29,21065856
6,64282;;;-25,54832566
6,64332;;;-19,74963192
6,64382;;;-13,64574376
6,64432;;;-7,847050016
6,64482;;;0,08800458433
6,64532;;;11,07500326
6,64582;;;21,75680753
6,64632;;;30,30225095
6,64682;;;39,45808318
6,64732;;;48,308721
6,64782;;;52,2762483
6,64832;;;49,83469304
6,64882;;;46,17236015
6,64932;;;44,95158252
6,64982;;;42,51002725
6,65032;;;37,93211114
6,65082;;;34,57497265
6,65132;;;33,96458384
6,65182;;;31,82822299
6,65232;;;26,63991805
6,65282;;;22,97758516
6,65332;;;21,75680753
6,65382;;;18,09447464
6,65432;;;11,38019767
6,65482;;;4,6659207
6,65532;;;-2,658745085
6,65582;;;-15,47691021
6,65632;;;-27,68468652
6,65682;;;-28,29507533
6,65732;;;-21,88599277
6,65782;;;-24,32754803
6,65832;;;-38,36649079
6,65882;;;-47,21712861
6,65932;;;-40,80804605
6,65982;;;-30,73663059
6,66032;;;-29,51585296
6,66082;;;-31,65221382
6,66132;;;-27,68468652
6,66182;;;-20,36002073
6,66232;;;-17,30807665
6,66282;;;-16,08729902
6,66332;;;-9,98341087
6,66382;;;-2,04835627
6,66432;;;2,834754254
6,66481;;;8,023059185
6,66531;;;18,70486345
6,66581;;;31,52302858
6,66631;;;40,3736664
6,66681;;;46,47755455
6,66731;;;52,88663712
6,66781;;;56,85416442
6,66831;;;54,10741475
6,66881;;;48,308721
6,66931;;;44,3411937
6,66981;;;41,59444403
6,67031;;;36,71133351
6,67081;;;32,4386118
6,67131;;;30,60744535
6,67181;;;27,55550128
6,67231;;;20,84122431
6,67281;;;14,12694734
6,67331;;;11,99058648
6,67381;;;10,46461445
6,67431;;;3,750337477
6,67481;;;-6,626272385
6,67531;;;-16,69768784
6,67581;;;-25,85352007
6,67631;;;-35,92493552
6,67681;;;-45,38596216
6,67731;;;-50,8794615
6,67781;;;-52,71062795
6,67831;;;-52,40543354
6,67881;;;-49,65868387
6,67931;;;-44,77557335
6,67981;;;-40,50285164
6,68031;;;-38,67168519
6,68081;;;-36,23012993
6,68131;;;-32,26260263
6,68181;;;-28,60026974
6,68231;;;-26,15871448
6,68281;;;-22,80157599
6,68331;;;-17,61327106
6,68381;;;-12,42496613
6,68431;;;-7,847050016
6,68481;;;-0,5223842311
6,68531;;;9,854225631
6,68581;;;19,62044668
6,68631;;;26,94511246
6,68681;;;35,18536147
6,68731;;;44,3411937
6,68781;;;48,91910982
6,68831;;;46,17236015
6,68881;;;41,59444403
6,68931;;;39,45808318
6,68981;;;38,23730555
6,69031;;;34,88016706
6,69081;;;32,13341739
6,69131;;;31,52302858
6,69181;;;29,38666772
6,69231;;;23,58797398
6,69281;;;17,78928023
6,69331;;;15,65291938
6,69381;;;13,21136412
6,69431;;;5,886698331
6,69481;;;-3,574328308
6,69531;;;-12,42496613
6,69581;;;-21,27560395
6,69631;;;-32,56779704
6,69681;;;-42,33401809
6,69731;;;-47,21712861
6,69781;;;-49,04829506
6,69831;;;-49,96387828
6,69881;;;-48,13271183
6,69931;;;-42,33401809
6,69981;;;-37,14571316
6,70031;;;-36,23012993
6,70081;;;-36,53532434
6,70131;;;-33,78857467
6,70181;;;-30,12624178
6,70231;;;-27,98988092
6,70281;;;-25,85352007
6,70331;;;-21,27560395
6,70381;;;-16,08729902
6,70431;;;-12,42496613
6,70481;;;-6,931466793
6,70531;;;2,224365438
6,70581;;;11,68539208
6,70631;;;18,39966905
6,70681;;;25,11394602
6,70731;;;32,74380621
6,70781;;;36,10094469
6,70831;;;32,74380621
6,70881;;;27,25030687
6,70931;;;25,41914042
6,70981;;;23,89316839
6,71031;;;19,62044668
6,71081;;;15,34772497
6,71131;;;14,73733615
6,71181;;;13,82175293
6,71231;;;7,717864777
6,71281;;;0,6983933997
6,71331;;;-0,5223842311
6,71381;;;-1,132773046
6,71431;;;-8,457438831
6,71481;;;-19,44443751
6,71531;;;-27,98988092
6,71581;;;-34,70415789
6,71631;;;-45,38596216
6,71681;;;-57,59373847
6,71731;;;-63,08723781
6,71781;;;-62,17165459
6,71831;;;-61,56126577
6,71881;;;-61,25607136
6,71931;;;-56,37296084
6,71981;;;-48,74310065
6,72031;;;-47,21712861
6,72080;;;-50,26907269
6,72130;;;-47,21712861
6,72180;;;-33,78857467
6,72230;;;-20,97040955
6,72280;;;-19,74963192
6,72330;;;-25,54832566
6,72380;;;-26,76910329
6,72430;;;-19,74963192
6,72480;;;-9,678216462
6,72530;;;-0,8275786388
6,72580;;;7,107475961
6,72630;;;16,87369701
6,72680;;;27,25030687
6,72730;;;35,18536147
6,72780;;;37,62691673
6,72830;;;35,79575029
6,72880;;;32,74380621
6,72930;;;30,60744535
6,72980;;;27,55550128
6,73030;;;24,19836279
6,73080;;;22,36719635
6,73130;;;22,67239075
6,73180;;;20,84122431
6,73230;;;15,65291938
6,73280;;;10,76980885
6,73330;;;8,328253592
6,73380;;;5,581503923
6,73430;;;-0,8275786388
6,73480;;;-9,067827647
6,73530;;;-16,08729902
6,73580;;;-24,02235362
6,73630;;;-34,39896349
6,73680;;;-43,55479572
6,73730;;;-47,82751742
6,73780;;;-47,82751742
6,73830;;;-45,69115657
6,73880;;;-41,41843486
6,73930;;;-35,31454671
6,73980;;;-31,041825
6,74030;;;-29,82104737
6,74080;;;-27,37949211
6,74130;;;-22,19118718
6,74180;;;-17,91846547
6,74230;;;-15,47691021
6,74280;;;-11,50938291
6,74330;;;-3,574328308
6,74380;;;3,139948661
6,74430;;;7,412670369
6,74480;;;13,51655852
6,74530;;;23,89316839
6,74580;;;35,79575029
6,74630;;;44,64638811
6,74680;;;52,58144271
6,74730;;;60,51649731
6,74780;;;64,78921902
6,74830;;;62,95805257
6,74880;;;59,90610849
6,74930;;;59,29571968
6,74980;;;58,38013646
6,75030;;;55,32819238
6,75080;;;53,19183152
6,75130;;;53,19183152
6,75180;;;51,66585949
6,75230;;;46,17236015
6,75280;;;40,98405522
6,75330;;;39,45808318
6,75380;;;37,01652792
6,75430;;;29,69186213
6,75480;;;20,23083549
6,75530;;;12,6009753
6,75580;;;4,971115108
6,75630;;;-4,489911531
6,75680;;;-14,25613258
6,75730;;;-19,74963192
6,75780;;;-21,27560395
6,75830;;;-20,66521514
6,75880;;;-17,61327106
6,75930;;;-13,03535495
6,75980;;;-9,678216462
6,76030;;;-8,762633239
6,76080;;;-6,931466793
6,76130;;;-3,574328308
6,76180;;;0,08800458433
6,76230;;;2,529559846
6,76280;;;6,191892738
6,76330;;;11,07500326
6,76380;;;15,04253056
6,76430;;;18,39966905
6,76480;;;24,5035572
6,76530;;;33,96458384
6,76580;;;43,12041607
6,76630;;;50,13988745
6,76680;;;57,15935882
6,76730;;;63,87363579
6,76780;;;65,39960783
6,76830;;;62,04246935
6,76880;;;57,46455323
6,76930;;;54,71780356
6,76980;;;51,66585949
6,77030;;;47,39313778
6,77080;;;44,3411937
6,77130;;;42,51002725
6,77180;;;38,54249995
6,77230;;;32,13341739
6,77280;;;26,94511246
6,77330;;;24,19836279
6,77380;;;20,23083549
6,77430;;;13,51655852
6,77480;;;5,276309515
6,77530;;;-4,184717123
6,77580;;;-15,78210462
6,77630;;;-27,68468652
6,77680;;;-36,84051875
6,77729;;;-42,63921249
6,77779;;;-45,99635098
6,77829;;;-45,99635098
6,77879;;;-42,63921249
6,77929;;;-38,67168519
6,77979;;;-37,14571316
6,78029;;;-36,53532434
6,78079;;;-34,70415789
6,78129;;;-31,95740822
6,78179;;;-29,82104737
6,78229;;;-25,85352007
6,78279;;;-20,97040955
6,78329;;;-18,52885429
6,78379;;;-16,69768784
6,78429;;;-7,847050016
6,78479;;;8,938642408
6,78529;;;22,06200194
6,78579;;;21,75680753
6,78629;;;17,78928023
6,78679;;;23,58797398
6,78729;;;34,88016706
6,78779;;;38,54249995
6,78829;;;32,4386118
6,78879;;;28,16589009
6,78929;;;28,4710845
6,78979;;;26,33472365
6,79029;;;20,23083549
6,79079;;;15,95811378
6,79129;;;15,65291938
6,79179;;;12,90616971
6,79229;;;4,971115108
6,79279;;;-0,8275786388
6,79329;;;-2,353550677
6,79379;;;-4,795105939
6,79429;;;-11,81457732
6,79479;;;-20,66521514
6,79529;;;-28,60026974
6,79579;;;-37,75610197
6,79629;;;-49,04829506
6,79679;;;-58,20412729
6,79729;;;-63,08723781
6,79779;;;-65,52879307
6,79829;;;-65,83398748
6,79879;;;-61,86646018
6,79929;;;-55,45737762
6,79979;;;-51,79504472
6,80029;;;-50,8794615
6,80079;;;-48,74310065
6,80129;;;-44,47037894
6,80179;;;-41,41843486
6,80229;;;-39,28207401
6,80279;;;-35,0093523
6,80329;;;-28,60026974
6,80379;;;-24,02235362
6,80429;;;-21,88599277
6,80479;;;-16,08729902
6,80529;;;-6,01588357
6,80579;;;4,055531884
6,80629;;;12,6009753
6,80679;;;20,84122431
6,80729;;;28,77627891
6,80779;;;31,52302858
6,80829;;;28,4710845
6,80879;;;25,11394602
6,80929;;;22,97758516
6,80979;;;19,92564108
6,81029;;;15,34772497
6,81079;;;12,29578089
6,81129;;;11,99058648
6,81179;;;9,854225631
6,81229;;;5,276309515
6,81279;;;1,308782215
6,81329;;;-0,2171898234
6,81379;;;-3,574328308
6,81429;;;-10,89899409
6,81479;;;-20,05482632
6,81529;;;-29,21065856
6,81579;;;-39,89246282
6,81629;;;-50,57426709
6,81679;;;-58,50932169
6,81729;;;-62,47684899
6,81779;;;-64,30801544
6,81829;;;-64,30801544
6,81879;;;-60,95087696
6,81929;;;-55,45737762
6,81979;;;-51,79504472
6,82029;;;-50,26907269
6,82079;;;-47,82751742
6,82129;;;-42,9444069
6,82179;;;-38,06129638
6,82229;;;-33,48338026
6,82279;;;-27,68468652
6,82329;;;-21,88599277
6,82379;;;-16,69768784
6,82429;;;-11,50938291
6,82479;;;-2,658745085
6,82529;;;8,938642408
6,82579;;;19,31525227
6,82629;;;29,08147332
6,82679;;;39,15288877
6,82729;;;48,00352659
6,82779;;;50,75027626
6,82829;;;49,22430422
6,82879;;;48,308721
6,82929;;;47,69833219
6,82979;;;44,3411937
6,83029;;;39,45808318
6,83079;;;38,23730555
6,83129;;;39,76327759
6,83179;;;37,32172232
6,83229;;;31,21783417
6,83279;;;27,86069569
6,83328;;;28,16589009
6,83378;;;26,02952924
6,83428;;;19,01005786
6,83478;;;11,99058648
6,83528;;;6,191892738
6,83578;;;-2,04835627
6,83628;;;-13,95093817
6,83678;;;-23,41196481
6,83728;;;-27,0742977
6,83778;;;-27,68468652
6,83828;;;-27,0742977
6,83878;;;-22,49638159
6,83928;;;-15,47691021
6,83978;;;-10,59379969
6,84028;;;-8,762633239
6,84078;;;-6,01588357
6,84128;;;-1,437967454
6,84178;;;1,919171031
6,84228;;;5,581503923
6,84278;;;12,6009753
6,84328;;;19,62044668
6,84378;;;22,97758516
6,84428;;;25,41914042
6,84478;;;33,35419502
6,84528;;;45,56197133
6,84578;;;54,71780356
6,84628;;;62,04246935
6,84678;;;72,41907921
6,84728;;;82,18530026
6,84778;;;81,88010585
6,84828;;;75,47102329
6,84878;;;76,38660651
6,84928;;;84,62685552
6,84978;;;84,0164667
6,85028;;;69,06194072
6,85078;;;53,80222034
6,85128;;;49,83469304
6,85178;;;50,13988745
6,85228;;;44,03599929
6,85278;;;35,49055588
6,85328;;;32,13341739
6,85378;;;30,30225095
6,85428;;;22,36719635
6,85478;;;10,15942004
6,85528;;;-0,5223842311
6,85578;;;-10,59379969
6,85628;;;-22,19118718
6,85678;;;-33,17818586
6,85728;;;-39,89246282
6,85778;;;-42,9444069
6,85828;;;-44,47037894
6,85878;;;-44,16518453
6,85928;;;-41,11324046
6,85978;;;-38,36649079
6,86028;;;-38,06129638
6,86078;;;-37,14571316
6,86128;;;-34,39896349
6,86178;;;-31,65221382
6,86228;;;-30,43143619
6,86278;;;-28,29507533
6,86328;;;-24,63274244
6,86378;;;-20,97040955
6,86428;;;-17,00288225
6,86478;;;-10,59379969
6,86528;;;-1,132773046
6,86578;;;7,717864777
6,86628;;;16,26330819
6,86678;;;24,5035572
6,86728;;;30,91263976
6,86778;;;31,21783417
6,86828;;;26,63991805
6,86878;;;22,06200194
6,86928;;;19,31525227
6,86978;;;15,65291938
6,87028;;;10,76980885
6,87078;;;8,023059185
6,87128;;;7,412670369
6,87178;;;4,6659207
6,87228;;;-0,8275786388
6,87278;;;-5,100300347
6,87328;;;-6,321077977
6,87378;;;-8,762633239
6,87428;;;-15,78210462
6,87478;;;-26,15871448
6,87528;;;-37,14571316
6,87578;;;-48,43790624
6,87628;;;-58,8145161
6,87678;;;-66,44437629
6,87728;;;-70,41190359
6,87778;;;-71,93787563
6,87828;;;-69,49632037
6,87878;;;-63,08723781
6,87928;;;-55,45737762
6,87978;;;-50,57426709
6,88028;;;-47,82751742
6,88078;;;-43,85999012
6,88128;;;-37,75610197
6,88178;;;-32,26260263
6,88228;;;-26,76910329
6,88278;;;-19,44443751
6,88328;;;-11,2041885
6,88378;;;-4,795105939
6,88428;;;1,308782215
6,88478;;;11,07500326
6,88528;;;24,5035572
6,88578;;;37,93211114
6,88628;;;50,13988745
6,88678;;;62,34766376
6,88728;;;71,50349599
6,88778;;;75,16582888
6,88828;;;74,55544006
6,88878;;;74,25024566
6,88928;;;73,33466243
6,88977;;;69,67232954
6,89027;;;65,09441342
6,89077;;;63,56844139
6,89127;;;63,26324698
6,89177;;;58,99052527
6,89227;;;51,66585949
6,89277;;;47,69833219
6,89327;;;47,39313778
6,89377;;;44,64638811
6,89427;;;36,4061391
6,89477;;;25,41914042
6,89527;;;15,04253056
6,89577;;;3,445143069
6,89627;;;-8,762633239
6,89677;;;-19,1392431
6,89727;;;-24,32754803
6,89777;;;-25,85352007
6,89827;;;-24,93793685
6,89877;;;-20,97040955
6,89927;;;-15,1717158
6,89977;;;-11,50938291
6,90027;;;-9,98341087
6,90077;;;-7,236661201
6,90127;;;-2,04835627
6,90177;;;2,224365438
6,90227;;;5,886698331
6,90277;;;10,15942004
6,90327;;;15,34772497
6,90377;;;20,23083549
6,90427;;;25,72433483
6,90477;;;34,88016706
6,90527;;;47,08794337
6,90577;;;58,38013646
6,90627;;;67,53596869
6,90677;;;76,99699533
6,90727;;;84,93204993
6,90777;;;86,45802196
6,90827;;;81,26971703
6,90877;;;76,0814121
6,90927;;;73,02946802
6,90977;;;67,53596869
6,91027;;;58,99052527
6,91077;;;54,10741475
6,91127;;;53,80222034
6,91177;;;49,83469304
6,91227;;;37,93211114
6,91277;;;27,25030687
6,91327;;;27,55550128
6,91377;;;32,74380621
6,91427;;;27,55550128
6,91477;;;6,802281554
6,91527;;;-17,30807665
6,91577;;;-35,0093523
6,91627;;;-45,99635098
6,91677;;;-56,67815525
6,91727;;;-66,7495707
6,91777;;;-72,85345886
6,91827;;;-72,85345886
6,91877;;;-69,19112596
6,91927;;;-65,83398748
6,91977;;;-64,61320985
6,92027;;;-64,30801544
6,92077;;;-63,39243222
6,92127;;;-60,95087696
6,92177;;;-58,20412729
6,92227;;;-55,45737762
6,92277;;;-52,40543354
6,92327;;;-50,26907269
6,92377;;;-49,04829506
6,92427;;;-45,08076776
6,92477;;;-36,53532434
6,92527;;;-24,63274244
6,92577;;;-13,95093817
6,92627;;;-4,489911531
6,92677;;;4,055531884
6,92727;;;10,76980885
6,92777;;;11,38019767
6,92827;;;6,802281554
6,92877;;;1,613976623
6,92927;;;-2,658745085
6,92977;;;-8,152244424
6,93027;;;-14,25613258
6,93077;;;-18,52885429
6,93127;;;-21,88599277
6,93177;;;-27,68468652
6,93227;;;-35,31454671
6,93277;;;-41,72362927
6,93327;;;-45,38596216
6,93377;;;-49,65868387
6,93427;;;-57,89893288
6,93477;;;-68,58073715
6,93527;;;-80,78851346
6,93577;;;-93,60667858
6,93627;;;-105,5092605
6,93677;;;-113,7495095
6,93727;;;-118,3274256
6,93777;;;-118,9378144
6,93827;;;-115,5806759
6,93877;;;-108,5612046
6,93927;;;-100,9313444
6,93977;;;-95,43784503
6,94027;;;-90,85992891
6,94077;;;-83,84045753
6,94127;;;-75,60020853
6,94177;;;-67,97034833
6,94227;;;-60,34048814
6,94277;;;-50,57426709
6,94327;;;-41,41843486
6,94377;;;-34,39896349
6,94427;;;-24,63274244
6,94477;;;-8,457438831
6,94527;;;9,854225631
6,94576;;;25,72433483
6,94626;;;39,76327759
6,94676;;;55,63338679
6,94726;;;69,36713513
6,94776;;;74,55544006
6,94826;;;73,02946802
6,94876;;;71,50349599
6,94926;;;72,1138848
6,94976;;;70,89310717
6,95026;;;67,84116309
6,95076;;;67,23077428
6,95126;;;67,84116309
6,95176;;;64,48402461
6,95226;;;58,38013646
6,95276;;;54,71780356
6,95326;;;54,71780356
6,95376;;;51,97105389
6,95426;;;43,73080489
6,95476;;;31,82822299
6,95526;;;18,70486345
6,95576;;;4,971115108
6,95626;;;-8,457438831
6,95676;;;-19,1392431
6,95726;;;-25,85352007
6,95776;;;-28,60026974
6,95826;;;-27,0742977
6,95876;;;-21,88599277
6,95926;;;-16,39249343
6,95976;;;-13,34054935
6,96026;;;-11,50938291
6,96076;;;-7,541855608
6,96126;;;-2,353550677
6,96176;;;0,6983933997
6,96226;;;3,445143069
6,96276;;;8,023059185
6,96326;;;12,90616971
6,96376;;;16,87369701
6,96426;;;22,06200194
6,96476;;;32,13341739
6,96526;;;45,56197133
6,96576;;;58,38013646
6,96626;;;69,36713513
6,96676;;;78,82816177
6,96726;;;84,32166111
6,96776;;;84,0164667
6,96826;;;79,74374499
6,96876;;;74,25024566
6,96926;;;68,1463575
6,96976;;;60,82169172
6,97026;;;52,58144271
6,97076;;;45,86716574
6,97126;;;39,45808318
6,97176;;;32,13341739
6,97226;;;23,28277957
6,97276;;;13,82175293
6,97326;;;5,886698331
6,97376;;;-0,2171898234
6,97426;;;-9,678216462
6,97476;;;-26,46390889
6,97526;;;-47,21712861
6,97576;;;-62,17165459
6,97626;;;-67,35995952
6,97676;;;-72,24307004
6,97726;;;-86,5872072
6,97776;;;-102,4573164
6,97826;;;-106,4248437
6,97876;;;-97,57420588
6,97926;;;-89,63915128
6,97976;;;-88,41837365
6,98026;;;-87,50279043
6,98076;;;-81,70409668
6,98126;;;-75,90540293
6,98176;;;-73,15865326
6,98226;;;-69,19112596
6,98276;;;-61,25607136
6,98326;;;-54,8469888
6,98376;;;-51,48985032
6,98426;;;-44,47037894
6,98476;;;-30,43143619
6,98526;;;-14,56132699
6,98576;;;-2,353550677
6,98626;;;9,243836815
6,98676;;;22,67239075
6,98726;;;31,82822299
6,98776;;;32,4386118
6,98826;;;28,16589009
6,98876;;;24,80875161
6,98926;;;20,84122431
6,98976;;;14,43214175
6,99026;;;8,633448
6,99076;;;6,497087146
6,99126;;;3,750337477
6,99176;;;-3,2691339
6,99226;;;-10,59379969
6,99276;;;-13,64574376
6,99326;;;-15,47691021
6,99376;;;-22,19118718
6,99426;;;-33,48338026
6,99476;;;-45,08076776
6,99526;;;-57,89893288
6,99576;;;-73,15865326
6,99626;;;-87,80798483
6,99676;;;-96,96381706
6,99726;;;-101,5417332
6,99776;;;-103,678094
6,99826;;;-100,62615
6,99876;;;-92,08070654
6,99926;;;-82,92487431
6,99976;;;-77,73656938
7,00026;;;-74,07423649
7,00076;;;-67,05476511
7,00126;;;-58,20412729
7,00176;;;-51,48985032
7,00225;;;-44,47037894
7,00275;;;-34,39896349
7,00325;;;-24,32754803
7,00375;;;-17,30807665
7,00425;;;-7,847050016
7,00475;;;8,938642408
7,00525;;;29,99705654
7,00575;;;47,39313778
7,00625;;;62,04246935
7,00675;;;77,30218973
7,00725;;;89,81516045
7,00775;;;93,47749334
7,00825;;;91,34113249
7,00875;;;89,81516045
7,00925;;;88,28918841
7,00975;;;83,71127229
7,01025;;;77,91257855
7,01075;;;76,0814121
7,01125;;;75,47102329
7,01175;;;70,58791276
7,01225;;;62,04246935
7,01275;;;57,76974764
7,01325;;;56,54897001
7,01375;;;51,36066508
7,01425;;;40,3736664
7,01475;;;27,25030687
7,01525;;;14,43214175
7,01575;;;-0,5223842311
7,01625;;;-16,69768784
7,01675;;;-28,60026974
7,01725;;;-34,39896349
7,01775;;;-35,31454671
7,01825;;;-32,56779704
7,01875;;;-25,85352007
7,01925;;;-18,83404869
7,01975;;;-15,1717158
7,02025;;;-13,34054935
7,02075;;;-8,762633239
7,02125;;;-2,658745085
7,02175;;;1,919171031
7,02225;;;6,497087146
7,02275;;;12,90616971
7,02325;;;19,92564108
7,02375;;;25,11394602
7,02425;;;31,52302858
7,02475;;;43,73080489
7,02525;;;59,90610849
7,02575;;;74,55544006
7,02625;;;87,06841078
7,02675;;;98,97099268
7,02725;;;107,2112417
7,02775;;;107,5164361
7,02825;;;102,3281312
7,02875;;;96,52943742
7,02925;;;91,34113249
7,02975;;;84,93204993
7,03025;;;77,60738414
7,03075;;;72,1138848
7,03125;;;67,23077428
7,03175;;;59,29571968
7,03225;;;49,52949863
7,03275;;;41,59444403
7,03325;;;36,4061391
7,03375;;;29,99705654
7,03425;;;19,01005786
7,03475;;;3,139948661
7,03525;;;-14,56132699
7,03575;;;-32,56779704
7,03625;;;-48,74310065
7,03675;;;-61,86646018
7,03725;;;-69,80151478
7,03775;;;-71,93787563
7,03825;;;-69,49632037
7,03875;;;-66,13918189
7,03925;;;-60,95087696
7,03975;;;-50,57426709
7,04025;;;-36,53532434
7,04075;;;-28,90546415
7,04125;;;-33,48338026
7,04175;;;-39,89246282
7,04225;;;-35,61974112
7,04275;;;-22,49638159
7,04325;;;-13,34054935
7,04375;;;-10,28860528
7,04425;;;-1,743161862
7,04475;;;16,87369701
7,04525;;;37,01652792
7,04575;;;51,05547067
7,04625;;;64,1788302
7,04675;;;79,74374499
7,04725;;;90,42554926
7,04775;;;90,73074367
7,04825;;;86,45802196
7,04875;;;84,32166111
7,04925;;;81,26971703
7,04975;;;73,63985684
7,05025;;;66,00999665
7,05075;;;63,56844139
7,05125;;;61,43208053
7,05175;;;52,88663712
7,05225;;;42,20483285
7,05275;;;36,71133351
7,05325;;;34,26977825
7,05375;;;26,63991805
7,05425;;;12,90616971
7,05475;;;-1,437967454
7,05525;;;-16,39249343
7,05575;;;-33,78857467
7,05625;;;-52,40543354
7,05675;;;-66,44437629
7,05725;;;-73,15865326
7,05775;;;-74,6846253
7,05824;;;-71,32748682
7,05874;;;-63,39243222
7,05924;;;-55,15218321
7,05974;;;-48,74310065
7,06024;;;-43,24960131
7,06074;;;-35,92493552
7,06124;;;-28,29507533
7,06174;;;-21,88599277
7,06224;;;-13,95093817
7,06274;;;-4,489911531
7,06324;;;3,445143069
7,06374;;;9,549031223
7,06424;;;19,62044668
7,06474;;;37,62691673
7,06524;;;58,38013646
7,06574;;;74,86063447
7,06624;;;88,89957723
7,06674;;;103,5489088
7,06724;;;115,1462963
7,06774;;;116,9774627
7,06824;;;111,7891578
7,06874;;;106,6008529
7,06924;;;102,0229368
7,06974;;;95,30865979
7,07024;;;87,983994
7,07074;;;82,79568907
7,07124;;;77,60738414
7,07174;;;69,06194072
7,07224;;;58,99052527
7,07274;;;51,97105389
7,07324;;;47,08794337
7,07374;;;38,54249995
7,07424;;;24,5035572
7,07474;;;7,107475961
7,07524;;;-11,50938291
7,07574;;;-32,26260263
7,07624;;;-51,48985032
7,07674;;;-65,83398748
7,07724;;;-75,60020853
7,07774;;;-81,39890227
7,07824;;;-82,6196799
7,07874;;;-78,34695819
7,07924;;;-73,15865326
7,07974;;;-70,10670919
7,08024;;;-68,27554274
7,08074;;;-64,61320985
7,08124;;;-59,42490492
7,08174;;;-54,54179439
7,08224;;;-49,04829506
7,08274;;;-42,9444069
7,08324;;;-37,45090756
7,08374;;;-33,48338026
7,08424;;;-25,54832566
7,08474;;;-10,89899409
7,08524;;;5,886698331
7,08574;;;21,14641872
7,08624;;;34,57497265
7,08674;;;48,00352659
7,08724;;;57,15935882
7,08774;;;57,46455323
7,08824;;;51,66585949
7,08874;;;45,25677692
7,08924;;;40,06847199
7,08974;;;33,04900062
7,09024;;;26,02952924
7,09074;;;20,84122431
7,09124;;;15,95811378
7,09174;;;8,023059185
7,09224;;;-1,132773046
7,09274;;;-8,152244424
7,09324;;;-12,73016054
7,09374;;;-20,05482632
7,09424;;;-32,87299145
7,09474;;;-49,65868387
7,09524;;;-67,97034833
7,09574;;;-87,50279043
7,09624;;;-105,5092605
7,09674;;;-118,9378144
7,09724;;;-126,5676746
7,09774;;;-129,6196187
7,09824;;;-129,0092299
7,09874;;;-123,5157305
7,09924;;;-116,1910647
7,09974;;;-111,3079542
7,10024;;;-108,866399
7,10074;;;-104,2884828
7,10124;;;-96,04823384
7,10174;;;-88,72356806
7,10224;;;-84,14565194
7,10274;;;-78,95734701
7,10324;;;-69,49632037
7,10374;;;-60,64568255
7,10424;;;-56,37296084
7,10474;;;-51,48985032
7,10524;;;-34,70415789
7,10574;;;-5,405494754
7,10624;;;22,67239075
7,10674;;;38,23730555
7,10724;;;41,89963844
7,10774;;;42,51002725
7,10824;;;44,3411937
7,10874;;;45,25677692
7,10924;;;42,51002725
7,10974;;;37,01652792
7,11024;;;31,82822299
7,11074;;;28,77627891
7,11124;;;26,63991805
7,11174;;;22,67239075
7,11224;;;16,87369701
7,11274;;;11,38019767
7,11324;;;8,633448
7,11374;;;6,802281554
7,11424;;;2,224365438
7,11473;;;-6,626272385
7,11523;;;-18,83404869
7,11573;;;-33,78857467
7,11623;;;-49,35348946
7,11673;;;-63,39243222
7,11723;;;-72,85345886
7,11773;;;-78,04176379
7,11823;;;-78,04176379
7,11873;;;-72,24307004
7,11923;;;-62,47684899
7,11973;;;-52,40543354
7,12023;;;-44,47037894
7,12073;;;-37,14571316
7,12123;;;-28,90546415
7,12173;;;-20,36002073
7,12223;;;-12,73016054
7,12273;;;-3,574328308
7,12323;;;6,497087146
7,12373;;;14,73733615
7,12423;;;20,5360299
7,12473;;;30,30225095
7,12523;;;48,00352659
7,12573;;;68,75674632
7,12623;;;86,45802196
7,12673;;;101,7177423
7,12723;;;116,3670739
7,12773;;;126,4384894
7,12823;;;127,3540726
7,12873;;;122,1657677
7,12923;;;116,9774627
7,12973;;;112,3995466
7,13023;;;105,9904641
7,13073;;;99,27618709
7,13123;;;94,39307656
7,13173;;;89,81516045
7,13223;;;81,88010585
7,13273;;;73,02946802
7,13323;;;67,53596869
7,13373;;;63,87363579
7,13423;;;56,54897001
7,13473;;;43,73080489
7,13523;;;27,25030687
7,13573;;;8,633448
7,13623;;;-10,59379969
7,13673;;;-28,60026974
7,13723;;;-41,72362927
7,13773;;;-49,96387828
7,13823;;;-53,62621117
7,13873;;;-52,10023913
7,13923;;;-45,99635098
7,13973;;;-40,19765723
7,14023;;;-37,14571316
7,14073;;;-34,39896349
7,14123;;;-28,90546415
7,14173;;;-22,49638159
7,14223;;;-18,22365988
7,14273;;;-13,95093817
7,14323;;;-7,847050016
7,14373;;;-1,132773046
7,14423;;;2,529559846
7,14473;;;8,328253592
7,14523;;;21,14641872
7,14573;;;39,76327759
7,14623;;;56,54897001
7,14673;;;66,92557987
7,14723;;;72,41907921
7,14773;;;77,30218973
7,14823;;;80,96452263
7,14873;;;81,26971703
7,14923;;;76,99699533
7,14973;;;68,1463575
7,15023;;;58,68533086
7,15073;;;51,97105389
7,15123;;;47,08794337
7,15173;;;40,3736664
7,15223;;;29,99705654
7,15273;;;19,92564108
7,15323;;;13,82175293
7,15373;;;8,633448
7,15423;;;0,08800458433
7,15473;;;-12,42496613
7,15523;;;-28,29507533
7,15573;;;-46,30154539
7,15623;;;-66,13918189
7,15673;;;-84,45084635
7,15723;;;-98,79498351
7,15773;;;-107,6456213
7,15823;;;-111,0027598
7,15873;;;-108,866399
7,15923;;;-103,0677052
7,15973;;;-98,1845947
7,16023;;;-95,13265062
7,16073;;;-92,08070654
7,16123;;;-87,19759602
7,16173;;;-81,39890227
7,16223;;;-75,60020853
7,16273;;;-69,19112596
7,16323;;;-62,47684899
7,16373;;;-56,98334966
7,16423;;;-52,10023913
7,16473;;;-42,9444069
7,16523;;;-27,0742977
7,16573;;;-7,847050016
7,16623;;;9,243836815
7,16673;;;24,19836279
7,16723;;;37,93211114
7,16773;;;47,69833219
7,16823;;;49,83469304
7,16873;;;45,86716574
7,16923;;;40,3736664
7,16973;;;36,4061391
7,17023;;;33,04900062
7,17072;;;27,86069569
7,17122;;;21,45161312
7,17172;;;18,70486345
7,17222;;;21,75680753
7,17272;;;25,41914042
7,17322;;;21,14641872
7,17372;;;8,023059185
7,17422;;;-5,710689162
7,17472;;;-15,47691021
7,17522;;;-25,24313125
7,17572;;;-41,41843486
7,17622;;;-60,95087696
7,17672;;;-75,90540293
7,17722;;;-84,14565194
7,17772;;;-89,94434569
7,17822;;;-92,69109536
7,17872;;;-88,72356806
7,17922;;;-79,87293023
7,17972;;;-71,93787563
7,18022;;;-67,35995952
7,18072;;;-61,56126577
7,18122;;;-53,32101676
7,18172;;;-46,30154539
7,18222;;;-40,80804605
7,18272;;;-33,48338026
7,18322;;;-24,02235362
7,18372;;;-16,69768784
7,18422;;;-11,2041885
7,18472;;;-1,437967454
7,18522;;;15,65291938
7,18572;;;34,88016706
7,18622;;;51,66585949
7,18672;;;67,53596869
7,18722;;;82,49049466
7,18772;;;91,9515213
7,18822;;;92,86710453
7,18872;;;89,20477163
7,18922;;;85,23724433
7,18972;;;79,74374499
7,19022;;;72,41907921
7,19072;;;66,31519106
7,19122;;;62,65285816
7,19172;;;57,15935882
7,19222;;;47,39313778
7,19272;;;37,62691673
7,19322;;;32,4386118
7,19372;;;28,16589009
7,19422;;;19,92564108
7,19472;;;7,107475961
7,19522;;;-8,152244424
7,19572;;;-25,85352007
7,19622;;;-45,69115657
7,19672;;;-63,69762663
7,19722;;;-76,21059734
7,19772;;;-83,53526313
7,19822;;;-85,97681839
7,19872;;;-82,6196799
7,19922;;;-74,6846253
7,19972;;;-67,66515393
7,20022;;;-63,69762663
7,20072;;;-59,42490492
7,20122;;;-52,10023913
7,20172;;;-44,77557335
7,20222;;;-38,9768796
7,20272;;;-31,65221382
7,20322;;;-21,88599277
7,20372;;;-13,34054935
7,20422;;;-7,541855608
7,20472;;;1,613976623
7,20522;;;18,70486345
7,20572;;;39,45808318
7,20622;;;56,85416442
7,20672;;;72,1138848
7,20722;;;86,76321637
7,20772;;;96,52943742
7,20822;;;98,05540946
7,20872;;;93,78268775
7,20922;;;88,59438282
7,20972;;;83,10088348
7,21022;;;76,38660651
7,21072;;;70,28271836
7,21122;;;66,62038546
7,21172;;;62,04246935
7,21222;;;53,49702593
7,21272;;;44,3411937
7,21322;;;38,84769436
7,21372;;;35,18536147
7,21422;;;28,4710845
7,21472;;;16,87369701
7,21522;;;1,308782215
7,21572;;;-16,39249343
7,21622;;;-35,61974112
7,21672;;;-52,10023913
7,21722;;;-64,61320985
7,21772;;;-72,54826445
7,21822;;;-76,21059734
7,21872;;;-73,15865326
7,21922;;;-66,13918189
7,21972;;;-60,03529373
7,22022;;;-56,06776643
7,22072;;;-51,48985032
7,22122;;;-44,77557335
7,22172;;;-38,06129638
7,22222;;;-32,56779704
7,22272;;;-25,85352007
7,22322;;;-17,30807665
7,22372;;;-11,2041885
7,22422;;;-7,236661201
7,22472;;;0,393198992
7,22522;;;16,26330819
7,22572;;;35,79575029
7,22622;;;52,88663712
7,22672;;;66,92557987
7,22721;;;79,74374499
7,22771;;;88,89957723
7,22821;;;90,42554926
7,22871;;;85,84763315
7,22921;;;80,35413381
7,22971;;;76,0814121
7,23021;;;71,50349599
7,23071;;;63,87363579
7,23121;;;55,63338679
7,23171;;;51,36066508
7,23221;;;51,97105389
7,23271;;;52,2762483
7,23321;;;44,64638811
7,23371;;;29,38666772
7,23421;;;14,43214175
7,23471;;;3,445143069
7,23521;;;-8,457438831
7,23571;;;-26,76910329
7,23621;;;-47,21712861
7,23671;;;-63,08723781
7,23721;;;-73,46384767
7,23771;;;-81,70409668
7,23821;;;-85,36642957
7,23871;;;-81,09370786
7,23921;;;-72,24307004
7,23971;;;-65,83398748
7,24021;;;-62,7820434
7,24071;;;-57,28854406
7,24121;;;-49,04829506
7,24171;;;-42,33401809
7,24221;;;-37,75610197
7,24271;;;-31,34701941
7,24321;;;-22,80157599
7,24371;;;-16,39249343
7,24421;;;-11,81457732
7,24471;;;-1,132773046
7,24521;;;16,87369701
7,24571;;;37,01652792
7,24621;;;53,49702593
7,24671;;;69,06194072
7,24721;;;84,62685552
7,24771;;;94,08788216
7,24821;;;93,78268775
7,24871;;;88,89957723
7,24921;;;84,62685552
7,24971;;;80,35413381
7,25021;;;72,72427362
7,25071;;;65,39960783
7,25121;;;61,12688612
7,25171;;;56,2437756
7,25221;;;46,78274896
7,25271;;;36,71133351
7,25321;;;31,21783417
7,25371;;;27,25030687
7,25421;;;19,01005786
7,25471;;;5,886698331
7,25521;;;-9,678216462
7,25571;;;-27,37949211
7,25621;;;-46,9119342
7,25671;;;-64,91840426
7,25721;;;-77,12618056
7,25771;;;-83,84045753
7,25821;;;-86,5872072
7,25871;;;-83,84045753
7,25921;;;-76,21059734
7,25971;;;-68,88593156
7,26021;;;-64,91840426
7,26071;;;-61,25607136
7,26121;;;-54,23659999
7,26171;;;-46,9119342
7,26221;;;-41,11324046
7,26271;;;-34,39896349
7,26321;;;-25,54832566
7,26371;;;-18,22365988
7,26421;;;-13,34054935
7,26471;;;-4,489911531
7,26521;;;11,68539208
7,26571;;;30,91263976
7,26621;;;46,78274896
7,26671;;;60,2113029
7,26721;;;73,63985684
7,26771;;;83,10088348
7,26821;;;83,10088348
7,26871;;;77,30218973
7,26921;;;72,1138848
7,26971;;;67,23077428
7,27021;;;59,29571968
7,27071;;;51,05547067
7,27121;;;46,17236015
7,27171;;;41,28924962
7,27221;;;32,13341739
7,27271;;;21,45161312
7,27321;;;14,73733615
7,27371;;;11,38019767
7,27421;;;4,055531884
7,27471;;;-9,373022054
7,27521;;;-26,76910329
7,27571;;;-45,38596216
7,27621;;;-64,61320985
7,27671;;;-82,3144855
7,27721;;;-95,43784503
7,27771;;;-103,0677052
7,27821;;;-105,2040661
7,27871;;;-101,8469276
7,27921;;;-95,43784503
7,27971;;;-89,63915128
7,28021;;;-85,97681839
7,28071;;;-81,09370786
7,28121;;;-74,6846253
7,28171;;;-68,27554274
7,28221;;;-62,47684899
7,28271;;;-55,15218321
7,28320;;;-46,60673979
7,28370;;;-40,80804605
7,28420;;;-36,84051875
7,28470;;;-27,0742977
7,28520;;;-8,762633239
7,28570;;;11,38019767
7,28620;;;28,16589009
7,28670;;;42,51002725
7,28720;;;57,15935882
7,28770;;;67,84116309
7,28820;;;70,58791276
7,28870;;;66,92557987
7,28920;;;62,34766376
7,28970;;;58,99052527
7,29020;;;54,71780356
7,29070;;;49,22430422
7,29120;;;44,64638811
7,29170;;;41,28924962
7,29220;;;36,10094469
7,29270;;;29,38666772
7,29320;;;23,58797398
7,29370;;;20,5360299
7,29420;;;16,87369701
7,29470;;;5,886698331
7,29520;;;-12,42496613
7,29570;;;-30,12624178
7,29620;;;-40,19765723
7,29670;;;-46,9119342
7,29720;;;-60,34048814
7,29770;;;-79,26254142
7,29820;;;-89,63915128
7,29870;;;-83,53526313
7,29920;;;-70,717098
7,29970;;;-63,69762663
7,30020;;;-61,86646018
7,30070;;;-56,98334966
7,30120;;;-48,74310065
7,30170;;;-42,33401809
7,30220;;;-37,45090756
7,30270;;;-29,51585296
7,30320;;;-20,66521514
7,30370;;;-15,47691021
7,30420;;;-12,11977172
7,30470;;;-2,353550677
7,30520;;;15,34772497
7,30570;;;33,65938943
7,30620;;;48,91910982
7,30670;;;63,56844139
7,30720;;;77,60738414
7,30770;;;85,23724433
7,30820;;;84,32166111
7,30870;;;80,35413381
7,30920;;;77,30218973
7,30970;;;72,72427362
7,31020;;;65,70480224
7,31070;;;59,29571968
7,31120;;;55,63338679
7,31170;;;51,36066508
7,31220;;;43,73080489
7,31270;;;35,79575029
7,31320;;;31,21783417
7,31370;;;27,86069569
7,31420;;;22,06200194
7,31470;;;11,38019767
7,31520;;;-3,2691339
7,31570;;;-21,58079836
7,31620;;;-40,19765723
7,31670;;;-55,45737762
7,31720;;;-66,13918189
7,31770;;;-73,76904208
7,31820;;;-76,21059734
7,31870;;;-71,63268123
7,31920;;;-63,08723781
7,31970;;;-56,67815525
7,32020;;;-52,40543354
7,32070;;;-47,21712861
7,32120;;;-39,89246282
7,32170;;;-33,48338026
7,32220;;;-27,0742977
7,32270;;;-18,52885429
7,32320;;;-9,98341087
7,32370;;;-5,100300347
7,32420;;;-1,437967454
7,32470;;;8,938642408
7,32520;;;26,94511246
7,32570;;;44,64638811
7,32620;;;58,99052527
7,32670;;;73,94505125
7,32720;;;89,50996604
7,32770;;;98,36060386
7,32820;;;96,83463183
7,32870;;;91,34113249
7,32920;;;87,37360519
7,32970;;;82,49049466
7,33020;;;74,25024566
7,33070;;;67,23077428
7,33120;;;63,26324698
7,33170;;;58,07494205
7,33220;;;48,61391541
7,33270;;;38,54249995
7,33320;;;32,74380621
7,33370;;;28,4710845
7,33420;;;20,84122431
7,33470;;;8,938642408
7,33520;;;-6,01588357
7,33570;;;-24,02235362
7,33620;;;-42,9444069
7,33670;;;-59,73009933
7,33720;;;-71,63268123
7,33770;;;-79,56773583
7,33820;;;-82,3144855
7,33870;;;-78,04176379
7,33920;;;-70,41190359
7,33969;;;-65,22359866
7,34019;;;-62,17165459
7,34069;;;-57,28854406
7,34119;;;-49,96387828
7,34169;;;-44,77557335
7,34219;;;-39,89246282
7,34269;;;-32,26260263
7,34319;;;-23,1067704
7,34369;;;-18,52885429
7,34419;;;-15,78210462
7,34469;;;-5,100300347
7,34519;;;14,12694734
7,34569;;;32,74380621
7,34619;;;46,17236015
7,34669;;;59,90610849
7,34719;;;75,47102329
7,34769;;;85,23724433
7,34819;;;83,71127229
7,34869;;;77,91257855
7,34919;;;74,55544006
7,34969;;;70,58791276
7,35019;;;62,65285816
7,35069;;;54,71780356
7,35119;;;51,05547067
7,35169;;;46,78274896
7,35219;;;37,93211114
7,35269;;;28,77627891
7,35319;;;24,80875161
7,35369;;;22,36719635
7,35419;;;14,73733615
7,35469;;;2,224365438
7,35519;;;-12,42496613
7,35569;;;-30,43143619
7,35619;;;-50,57426709
7,35669;;;-67,35995952
7,35719;;;-77,43137497
7,35769;;;-84,45084635
7,35819;;;-88,72356806
7,35869;;;-86,2820128
7,35919;;;-77,43137497
7,35969;;;-71,93787563
7,36019;;;-71,63268123
7,36069;;;-66,44437629
7,36119;;;-50,8794615
7,36169;;;-35,31454671
7,36219;;;-32,26260263
7,36269;;;-36,23012993
7,36319;;;-35,31454671
7,36369;;;-27,37949211
7,36419;;;-19,44443751
7,36469;;;-11,50938291
7,36519;;;2,529559846
7,36569;;;22,67239075
7,36619;;;41,59444403
7,36669;;;55,93858119
7,36719;;;68,45155191
7,36769;;;77,91257855
7,36819;;;80,0489394
7,36869;;;75,47102329
7,36919;;;68,45155191
7,36969;;;62,34766376
7,37019;;;56,2437756
7,37069;;;50,13988745
7,37119;;;44,3411937
7,37169;;;38,23730555
7,37219;;;30,30225095
7,37269;;;22,06200194
7,37319;;;15,65291938
7,37369;;;11,07500326
7,37419;;;4,971115108
7,37469;;;-5,405494754
7,37519;;;-20,97040955
7,37569;;;-40,50285164
7,37619;;;-59,73009933
7,37669;;;-74,98981971
7,37719;;;-85,97681839
7,37769;;;-93,30148417
7,37819;;;-95,43784503
7,37869;;;-91,16512332
7,37919;;;-84,14565194
7,37969;;;-78,95734701
7,38019;;;-74,98981971
7,38069;;;-68,88593156
7,38119;;;-60,64568255
7,38169;;;-53,32101676
7,38219;;;-47,21712861
7,38269;;;-38,9768796
7,38319;;;-30,12624178
7,38369;;;-24,32754803
7,38419;;;-19,74963192
7,38469;;;-9,98341087
7,38519;;;6,802281554
7,38569;;;25,41914042
7,38619;;;41,59444403
7,38669;;;56,85416442
7,38719;;;70,58791276
7,38769;;;79,13335618
7,38819;;;80,0489394
7,38869;;;76,69180092
7,38919;;;72,1138848
7,38969;;;65,39960783
7,39019;;;57,76974764
7,39069;;;52,2762483
7,39119;;;48,308721
7,39169;;;41,89963844
7,39219;;;32,4386118
7,39269;;;24,5035572
7,39319;;;20,23083549
7,39369;;;15,65291938
7,39419;;;7,412670369
7,39469;;;-4,795105939
7,39519;;;-19,74963192
7,39568;;;-37,75610197
7,39618;;;-56,37296084
7,39668;;;-72,24307004
7,39718;;;-84,14565194
7,39768;;;-91,77551213
7,39818;;;-93,30148417
7,39868;;;-87,50279043
7,39918;;;-78,95734701
7,39968;;;-73,76904208
7,40018;;;-70,717098
7,40068;;;-64,91840426
7,40118;;;-56,06776643
7,40168;;;-48,74310065
7,40218;;;-41,72362927
7,40268;;;-32,56779704
7,40318;;;-23,1067704
7,40368;;;-17,61327106
7,40418;;;-13,64574376
7,40468;;;-3,2691339
7,40518;;;15,04253056
7,40568;;;34,88016706
7,40618;;;52,2762483
7,40668;;;69,06194072
7,40718;;;84,32166111
7,40768;;;92,86710453
7,40818;;;93,17229893
7,40868;;;90,12035486
7,40918;;;86,76321637
7,40968;;;82,18530026
7,41018;;;75,77621769
7,41068;;;70,28271836
7,41118;;;66,31519106
7,41168;;;60,82169172
7,41218;;;51,97105389
7,41268;;;43,12041607
7,41318;;;37,32172232
7,41368;;;32,74380621
7,41418;;;26,02952924
7,41468;;;14,73733615
7,41518;;;-1,437967454
7,41568;;;-20,66521514
7,41618;;;-39,58726842
7,41668;;;-55,45737762
7,41718;;;-67,97034833
7,41768;;;-76,51579175
7,41818;;;-78,6521526
7,41868;;;-74,37943089
7,41918;;;-67,97034833
7,41968;;;-63,08723781
7,42018;;;-59,11971051
7,42068;;;-53,62621117
7,42118;;;-47,21712861
7,42168;;;-40,19765723
7,42218;;;-32,56779704
7,42268;;;-25,85352007
7,42318;;;-21,27560395
7,42368;;;-14,56132699
7,42418;;;-0,2171898234
7,42468;;;18,39966905
7,42518;;;32,74380621
7,42568;;;40,06847199
7,42618;;;50,13988745
7,42668;;;69,06194072
7,42718;;;87,37360519
7,42768;;;94,69827097
7,42818;;;93,78268775
7,42868;;;92,56191012
7,42918;;;90,73074367
7,42968;;;84,0164667
7,43018;;;75,77621769
7,43068;;;71,80869039
7,43118;;;69,67232954
7,43168;;;63,26324698
7,43218;;;53,80222034
7,43268;;;46,78274896
7,43318;;;43,42561048
7,43368;;;38,84769436
7,43418;;;30,91263976
7,43468;;;19,92564108
7,43518;;;4,055531884
7,43568;;;-17,00288225
7,43618;;;-37,45090756
7,43668;;;-51,79504472
7,43718;;;-62,17165459
7,43768;;;-71,63268123
7,43818;;;-77,12618056
7,43868;;;-74,07423649
7,43918;;;-66,44437629
7,43968;;;-62,17165459
7,44018;;;-60,95087696
7,44068;;;-56,98334966
7,44118;;;-49,96387828
7,44168;;;-43,85999012
7,44218;;;-38,36649079
7,44268;;;-30,43143619
7,44318;;;-20,97040955
7,44368;;;-15,78210462
7,44418;;;-12,42496613
7,44468;;;-3,879522716
7,44518;;;12,29578089
7,44568;;;30,91263976
7,44618;;;47,69833219
7,44668;;;62,95805257
7,44718;;;75,47102329
7,44768;;;81,88010585
7,44818;;;81,88010585
7,44868;;;78,82816177
7,44918;;;74,55544006
7,44968;;;68,1463575
7,45018;;;60,82169172
7,45068;;;55,63338679
7,45118;;;50,75027626
7,45168;;;43,12041607
7,45217;;;32,74380621
7,45267;;;25,11394602
7,45317;;;20,5360299
7,45367;;;15,04253056
7,45417;;;6,191892738
7,45467;;;-5,405494754
7,45517;;;-20,36002073
7,45567;;;-39,58726842
7,45617;;;-59,42490492
7,45667;;;-75,29501412
7,45717;;;-86,5872072
7,45767;;;-93,91187299
7,45817;;;-96,65862266
7,45867;;;-92,99628976
7,45917;;;-85,97681839
7,45967;;;-81,39890227
7,46017;;;-78,6521526
7,46067;;;-73,15865326
7,46117;;;-65,52879307
7,46167;;;-59,42490492
7,46217;;;-53,93140558
7,46267;;;-45,08076776
7,46317;;;-35,31454671
7,46367;;;-30,12624178
7,46417;;;-26,46390889
7,46467;;;-16,39249343
7,46517;;;1,308782215
7,46567;;;20,84122431
7,46617;;;37,62691673
7,46667;;;53,19183152
7,46717;;;67,84116309
7,46767;;;76,38660651
7,46817;;;76,99699533
7,46867;;;74,25024566
7,46917;;;71,80869039
7,46967;;;68,1463575
7,47017;;;62,65285816
7,47067;;;57,76974764
7,47117;;;54,10741475
7,47167;;;48,61391541
7,47217;;;40,67886081
7,47267;;;32,74380621
7,47317;;;27,86069569
7,47367;;;23,28277957
7,47417;;;15,95811378
7,47467;;;4,6659207
7,47517;;;-10,89899409
7,47567;;;-29,82104737
7,47617;;;-49,35348946
7,47667;;;-65,83398748
7,47717;;;-77,43137497
7,47767;;;-84,45084635
7,47817;;;-85,67162398
7,47867;;;-82,00929109
7,47917;;;-76,82098616
7,47967;;;-72,85345886
7,48017;;;-69,19112596
7,48067;;;-64,00282103
7,48117;;;-58,50932169
7,48167;;;-52,71062795
7,48217;;;-45,99635098
7,48267;;;-38,36649079
7,48317;;;-32,26260263
7,48367;;;-28,60026974
7,48417;;;-23,41196481
7,48467;;;-12,42496613
7,48517;;;3,445143069
7,48567;;;21,75680753
7,48617;;;39,45808318
7,48667;;;54,10741475
7,48717;;;64,48402461
7,48767;;;73,02946802
7,48817;;;82,49049466
7,48867;;;87,06841078
7,48917;;;79,13335618
7,48967;;;62,65285816
7,49017;;;51,05547067
7,49067;;;50,13988745
7,49117;;;50,44508186
7,49167;;;43,42561048
7,49217;;;33,04900062
7,49267;;;27,25030687
7,49317;;;24,80875161
7,49367;;;19,92564108
7,49417;;;11,99058648
7,49467;;;2,224365438
7,49517;;;-11,50938291
7,49567;;;-31,34701941
7,49617;;;-50,8794615
7,49667;;;-65,22359866
7,49717;;;-75,29501412
7,49767;;;-83,23006872
7,49817;;;-85,36642957
7,49867;;;-80,48331905
7,49917;;;-73,76904208
7,49967;;;-70,717098
7,50017;;;-67,66515393
7,50067;;;-61,25607136
7,50117;;;-53,93140558
7,50167;;;-49,04829506
7,50217;;;-43,85999012
7,50267;;;-34,39896349
7,50317;;;-25,24313125
7,50367;;;-21,58079836
7,50417;;;-18,52885429
7,50467;;;-7,847050016
7,50517;;;10,15942004
7,50567;;;28,77627891
7,50617;;;44,95158252
7,50667;;;61,43208053
7,50717;;;75,77621769
7,50767;;;83,40607789
7,50816;;;83,71127229
7,50866;;;81,57491144
7,50916;;;78,21777296
7,50966;;;73,33466243
7,51016;;;67,53596869
7,51066;;;63,87363579
7,51116;;;60,2113029
7,51166;;;52,58144271
7,51216;;;42,51002725
7,51266;;;34,88016706
7,51316;;;30,60744535
7,51366;;;26,33472365
7,51416;;;18,70486345
7,51466;;;7,412670369
7,51516;;;-7,847050016
7,51566;;;-27,37949211
7,51616;;;-46,9119342
7,51666;;;-62,17165459
7,51716;;;-74,07423649
7,51766;;;-82,6196799
7,51816;;;-85,36642957
7,51866;;;-81,09370786
7,51916;;;-74,98981971
7,51966;;;-71,32748682
7,52016;;;-68,88593156
7,52066;;;-62,17165459
7,52116;;;-53,01582236
7,52166;;;-45,99635098
7,52216;;;-39,89246282
7,52266;;;-31,95740822
7,52316;;;-24,02235362
7,52366;;;-18,52885429
7,52416;;;-13,64574376
7,52466;;;-2,658745085
7,52516;;;14,73733615
7,52566;;;33,65938943
7,52616;;;51,05547067
7,52666;;;67,84116309
7,52716;;;82,18530026
7,52766;;;89,50996604
7,52816;;;90,12035486
7,52866;;;87,983994
7,52916;;;85,54243874
7,52966;;;81,57491144
7,53016;;;75,77621769
7,53066;;;70,89310717
7,53116;;;66,31519106
7,53166;;;59,29571968
7,53216;;;50,44508186
7,53266;;;42,81522166
7,53316;;;37,62691673
7,53366;;;32,74380621
7,53416;;;25,72433483
7,53466;;;14,43214175
7,53516;;;-1,437967454
7,53566;;;-21,88599277
7,53616;;;-41,41843486
7,53666;;;-56,67815525
7,53716;;;-67,97034833
7,53766;;;-75,60020853
7,53816;;;-78,34695819
7,53866;;;-74,37943089
7,53916;;;-67,97034833
7,53966;;;-63,39243222
7,54016;;;-60,34048814
7,54066;;;-55,45737762
7,54116;;;-48,43790624
7,54166;;;-41,72362927
7,54216;;;-35,31454671
7,54266;;;-27,68468652
7,54316;;;-20,36002073
7,54366;;;-15,47691021
7,54416;;;-10,89899409
7,54466;;;-0,8275786388
7,54516;;;15,65291938
7,54566;;;35,79575029
7,54616;;;53,49702593
7,54666;;;67,53596869
7,54716;;;79,13335618
7,54766;;;86,76321637
7,54816;;;87,983994
7,54866;;;83,40607789
7,54916;;;77,60738414
7,54966;;;73,33466243
7,55016;;;69,06194072
7,55066;;;61,12688612
7,55116;;;53,19183152
7,55166;;;51,05547067
7,55216;;;53,19183152
7,55266;;;48,308721
7,55316;;;32,13341739
7,55366;;;14,12694734
7,55416;;;4,6659207
7,55466;;;-1,437967454
7,55516;;;-16,39249343
7,55566;;;-39,28207401
7,55616;;;-59,42490492
7,55666;;;-71,93787563
7,55716;;;-82,3144855
7,55766;;;-91,77551213
7,55816;;;-94,2170674
7,55866;;;-88,11317924
7,55916;;;-81,39890227
7,55966;;;-78,95734701
7,56016;;;-76,21059734
7,56066;;;-68,58073715
7,56116;;;-60,64568255
7,56166;;;-56,37296084
7,56216;;;-51,48985032
7,56266;;;-42,33401809
7,56316;;;-34,09376908
7,56366;;;-31,65221382
7,56416;;;-29,21065856
7,56465;;;-18,22365988
7,56515;;;-0,8275786388
7,56565;;;15,34772497
7,56615;;;29,38666772
7,56665;;;44,64638811
7,56715;;;58,07494205
7,56765;;;63,56844139
7,56815;;;60,51649731
7,56865;;;56,2437756
7,56915;;;53,49702593
7,56965;;;49,52949863
7,57015;;;42,81522166
7,57065;;;37,01652792
7,57115;;;33,35419502
7,57165;;;29,38666772
7,57215;;;22,97758516
7,57265;;;16,26330819
7,57315;;;10,76980885
7,57365;;;6,802281554
7,57415;;;2,529559846
7,57465;;;-5,405494754
7,57515;;;-20,36002073
7,57565;;;-39,28207401
7,57615;;;-56,37296084
7,57665;;;-68,58073715
7,57715;;;-78,6521526
7,57765;;;-86,5872072
7,57815;;;-87,80798483
7,57865;;;-80,48331905
7,57915;;;-72,24307004
7,57965;;;-68,27554274
7,58015;;;-65,22359866
7,58065;;;-58,20412729
7,58115;;;-49,65868387
7,58165;;;-43,85999012
7,58215;;;-37,75610197
7,58265;;;-27,37949211
7,58315;;;-17,61327106
7,58365;;;-13,34054935
7,58415;;;-10,28860528
7,58465;;;0,08800458433
7,58515;;;17,17889142
7,58565;;;35,49055588
7,58615;;;53,19183152
7,58665;;;71,19830158
7,58715;;;85,84763315
7,58765;;;91,64632689
7,58815;;;90,42554926
7,58865;;;87,983994
7,58915;;;85,23724433
7,58965;;;79,43855059
7,59015;;;73,02946802
7,59065;;;69,36713513
7,59115;;;66,62038546
7,59165;;;60,2113029
7,59215;;;51,36066508
7,59265;;;44,64638811
7,59315;;;41,28924962
7,59365;;;37,62691673
7,59415;;;31,52302858
7,59465;;;22,06200194
7,59515;;;7,412670369
7,59565;;;-11,50938291
7,59615;;;-30,73663059
7,59665;;;-44,77557335
7,59715;;;-55,76257203
7,59765;;;-64,61320985
7,59815;;;-67,66515393
7,59865;;;-62,47684899
7,59915;;;-56,06776643
7,59965;;;-53,93140558
7,60015;;;-52,71062795
7,60065;;;-46,60673979
7,60115;;;-38,9768796
7,60165;;;-34,39896349
7,60215;;;-30,73663059
7,60265;;;-22,80157599
7,60315;;;-14,86652139
7,60365;;;-11,81457732
7,60415;;;-9,678216462
7,60465;;;0,393198992
7,60515;;;18,09447464
7,60565;;;35,18536147
7,60615;;;49,22430422
7,60665;;;64,1788302
7,60715;;;77,30218973
7,60765;;;82,49049466
7,60815;;;80,35413381
7,60865;;;77,60738414
7,60915;;;75,16582888
7,60965;;;68,75674632
7,61015;;;60,51649731
7,61065;;;56,54897001
7,61115;;;53,80222034
7,61165;;;46,17236015
7,61215;;;34,26977825
7,61265;;;27,25030687
7,61315;;;25,41914042
7,61365;;;21,14641872
7,61415;;;12,6009753
7,61465;;;3,750337477
7,61515;;;-6,01588357
7,61565;;;-25,24313125
7,61615;;;-49,65868387
7,61665;;;-64,61320985
7,61715;;;-64,30801544
7,61765;;;-60,64568255
7,61815;;;-65,22359866
7,61865;;;-73,76904208
7,61915;;;-75,29501412
7,61965;;;-68,88593156
7,62015;;;-61,56126577
7,62064;;;-56,06776643
7,62114;;;-50,8794615
7,62164;;;-44,47037894
7,62214;;;-36,23012993
7,62264;;;-27,37949211
7,62314;;;-20,36002073
7,62364;;;-16,69768784
7,62414;;;-12,73016054
7,62464;;;-2,658745085
7,62514;;;13,82175293
7,62564;;;31,52302858
7,62614;;;47,69833219
7,62664;;;62,34766376
7,62714;;;75,16582888
7,62764;;;81,57491144
7,62814;;;81,57491144
7,62864;;;78,21777296
7,62914;;;73,94505125
7,62964;;;68,1463575
7,63014;;;62,34766376
7,63064;;;58,07494205
7,63114;;;54,10741475
7,63164;;;47,69833219
7,63214;;;39,45808318
7,63264;;;33,04900062
7,63314;;;29,08147332
7,63364;;;24,80875161
7,63414;;;18,09447464
7,63464;;;8,938642408
7,63514;;;-5,405494754
7,63564;;;-24,63274244
7,63614;;;-43,85999012
7,63664;;;-57,59373847
7,63714;;;-67,05476511
7,63764;;;-74,07423649
7,63814;;;-76,21059734
7,63864;;;-71,63268123
7,63914;;;-65,22359866
7,63964;;;-61,56126577
7,64014;;;-59,11971051
7,64064;;;-53,32101676
7,64114;;;-46,60673979
7,64164;;;-41,41843486
7,64214;;;-35,31454671
7,64264;;;-26,46390889
7,64314;;;-18,83404869
7,64364;;;-15,78210462
7,64414;;;-12,11977172
7,64464;;;-0,2171898234
7,64514;;;17,17889142
7,64564;;;33,96458384
7,64614;;;49,52949863
7,64664;;;66,92557987
7,64714;;;81,88010585
7,64764;;;87,67879959
7,64814;;;85,54243874
7,64864;;;81,88010585
7,64914;;;79,13335618
7,64964;;;73,94505125
7,65014;;;67,84116309
7,65064;;;63,26324698
7,65114;;;59,29571968
7,65164;;;51,36066508
7,65214;;;41,59444403
7,65264;;;34,26977825
7,65314;;;29,69186213
7,65364;;;23,89316839
7,65414;;;15,34772497
7,65464;;;4,971115108
7,65514;;;-9,067827647
7,65564;;;-28,60026974
7,65614;;;-49,96387828
7,65664;;;-66,7495707
7,65714;;;-78,34695819
7,65764;;;-86,5872072
7,65814;;;-89,33395687
7,65864;;;-86,2820128
7,65914;;;-81,09370786
7,65964;;;-78,6521526
7,66014;;;-77,12618056
7,66064;;;-72,54826445
7,66114;;;-66,13918189
7,66164;;;-61,86646018
7,66214;;;-57,28854406
7,66264;;;-50,26907269
7,66314;;;-43,55479572
7,66364;;;-41,41843486
7,66414;;;-39,58726842
7,66464;;;-29,82104737
7,66514;;;-12,73016054
7,66564;;;3,445143069
7,66614;;;17,48408582
7,66664;;;31,82822299
7,66714;;;45,86716574
7,66764;;;52,88663712
7,66814;;;51,36066508
7,66864;;;46,47755455
7,66914;;;42,51002725
7,66964;;;37,93211114
7,67014;;;31,52302858
7,67064;;;26,63991805
7,67114;;;23,28277957
7,67164;;;17,78928023
7,67214;;;9,243836815
7,67264;;;2,224365438
7,67314;;;0,08800458433
7,67364;;;-0,8275786388
7,67414;;;-5,405494754
7,67464;;;-12,11977172
7,67514;;;-19,74963192
7,67564;;;-32,26260263
7,67614;;;-50,57426709
7,67664;;;-68,58073715
7,67713;;;-80,17812464
7,67763;;;-88,11317924
7,67813;;;-95,13265062
7,67863;;;-96,35342825
7,67913;;;-88,41837365
7,67963;;;-77,73656938
7,68013;;;-74,6846253
7,68063;;;-74,98981971
7,68113;;;-66,13918189
7,68163;;;-47,52232302
7,68213;;;-32,26260263
7,68263;;;-29,51585296
7,68313;;;-32,56779704
7,68363;;;-31,34701941
7,68413;;;-24,93793685
7,68463;;;-17,30807665
7,68513;;;-7,236661201
7,68563;;;8,023059185
7,68613;;;26,94511246
7,68663;;;44,64638811
7,68713;;;59,90610849
7,68763;;;72,1138848
7,68813;;;79,13335618
7,68863;;;79,74374499
7,68913;;;76,38660651
7,68963;;;72,72427362
7,69013;;;69,36713513
7,69063;;;65,39960783
7,69113;;;60,51649731
7,69163;;;55,93858119
7,69213;;;50,13988745
7,69263;;;43,73080489
7,69313;;;37,32172232
7,69363;;;32,74380621
7,69413;;;29,38666772
7,69463;;;25,11394602
7,69513;;;16,26330819
7,69563;;;1,003587807
7,69613;;;-17,30807665
7,69663;;;-34,39896349
7,69713;;;-47,82751742
7,69763;;;-58,8145161
7,69813;;;-66,13918189
7,69863;;;-66,44437629
7,69913;;;-60,64568255
7,69963;;;-55,15218321
7,70013;;;-52,71062795
7,70063;;;-49,04829506
7,70113;;;-42,33401809
7,70163;;;-35,92493552
7,70213;;;-31,65221382
7,70263;;;-25,54832566
7,70313;;;-15,47691021
7,70363;;;-7,541855608
7,70413;;;-5,405494754
7,70463;;;-2,353550677
7,70513;;;8,633448
7,70563;;;25,72433483
7,70613;;;42,20483285
7,70663;;;57,15935882
7,70713;;;73,02946802
7,70763;;;86,45802196
7,70813;;;91,64632689
7,70863;;;89,50996604
7,70913;;;86,15282756
7,70963;;;82,49049466
7,71013;;;76,99699533
7,71063;;;69,97752395
7,71113;;;64,78921902
7,71163;;;59,90610849
7,71213;;;52,58144271
7,71263;;;43,42561048
7,71313;;;35,79575029
7,71363;;;30,91263976
7,71413;;;26,33472365
7,71463;;;20,84122431
7,71513;;;11,68539208
7,71563;;;-3,2691339
7,71613;;;-23,41196481
7,71663;;;-42,02882368
7,71713;;;-55,45737762
7,71763;;;-65,52879307
7,71813;;;-73,15865326
7,71863;;;-74,98981971
7,71913;;;-70,10670919
7,71963;;;-64,91840426
7,72013;;;-63,08723781
7,72063;;;-60,95087696
7,72113;;;-54,54179439
7,72163;;;-47,21712861
7,72213;;;-42,02882368
7,72263;;;-37,14571316
7,72313;;;-29,51585296
7,72363;;;-21,88599277
7,72413;;;-18,52885429
7,72463;;;-14,56132699
7,72513;;;-4,184717123
7,72563;;;11,99058648
7,72613;;;29,08147332
7,72663;;;45,56197133
7,72713;;;61,73727494
7,72763;;;74,55544006
7,72813;;;80,65932822
7,72863;;;80,96452263
7,72913;;;78,82816177
7,72963;;;75,16582888
7,73013;;;69,36713513
7,73063;;;64,48402461
7,73113;;;61,12688612
7,73163;;;57,15935882
7,73213;;;50,44508186
7,73263;;;42,51002725
7,73312;;;36,71133351
7,73362;;;31,82822299
7,73412;;;26,94511246
7,73462;;;21,14641872
7,73512;;;11,68539208
7,73562;;;-4,489911531
7,73612;;;-25,24313125
7,73662;;;-43,24960131
7,73712;;;-56,06776643
7,73762;;;-67,35995952
7,73812;;;-76,21059734
7,73862;;;-78,04176379
7,73912;;;-73,15865326
7,73962;;;-67,97034833
7,74012;;;-65,22359866
7,74062;;;-60,64568255
7,74112;;;-53,93140558
7,74162;;;-49,04829506
7,74212;;;-44,47037894
7,74262;;;-35,31454671
7,74312;;;-25,24313125
7,74362;;;-21,27560395
7,74412;;;-19,1392431
7,74462;;;-5,710689162
7,74512;;;17,48408582
7,74562;;;34,57497265
7,74612;;;38,84769436
7,74662;;;44,3411937
7,74712;;;60,82169172
7,74762;;;78,52296736
7,74812;;;84,32166111
7,74862;;;80,96452263
7,74912;;;78,82816177
7,74962;;;76,99699533
7,75012;;;71,19830158
7,75062;;;64,1788302
7,75112;;;60,51649731
7,75162;;;56,54897001
7,75212;;;47,69833219
7,75262;;;37,62691673
7,75312;;;30,60744535
7,75362;;;25,41914042
7,75412;;;18,39966905
7,75462;;;10,46461445
7,75512;;;1,613976623
7,75562;;;-13,03535495
7,75612;;;-34,70415789
7,75662;;;-55,76257203
7,75712;;;-69,49632037
7,75762;;;-79,26254142
7,75812;;;-87,80798483
7,75862;;;-90,5547345
7,75912;;;-85,06123516
7,75962;;;-78,04176379
7,76012;;;-75,29501412
7,76062;;;-73,15865326
7,76112;;;-66,44437629
7,76162;;;-57,89893288
7,76212;;;-52,40543354
7,76262;;;-47,21712861
7,76312;;;-38,67168519
7,76362;;;-30,12624178
7,76412;;;-25,54832566
7,76462;;;-20,66521514
7,76512;;;-8,762633239
7,76562;;;8,023059185
7,76612;;;25,11394602
7,76662;;;41,28924962
7,76712;;;57,15935882
7,76762;;;69,67232954
7,76812;;;74,86063447
7,76862;;;75,16582888
7,76912;;;73,63985684
7,76962;;;70,58791276
7,77012;;;65,39960783
7,77062;;;60,51649731
7,77112;;;56,85416442
7,77162;;;51,66585949
7,77212;;;42,81522166
7,77262;;;33,65938943
7,77312;;;27,55550128
7,77362;;;22,97758516
7,77412;;;17,78928023
7,77462;;;11,07500326
7,77512;;;1,308782215
7,77562;;;-13,95093817
7,77612;;;-33,48338026
7,77662;;;-51,18465591
7,77712;;;-64,00282103
7,77762;;;-74,6846253
7,77812;;;-83,23006872
7,77862;;;-85,36642957
7,77912;;;-80,48331905
7,77962;;;-75,60020853
7,78012;;;-73,76904208
7,78062;;;-70,717098
7,78112;;;-64,00282103
7,78162;;;-57,28854406
7,78212;;;-52,71062795
7,78262;;;-46,30154539
7,78312;;;-36,53532434
7,78362;;;-28,90546415
7,78412;;;-27,0742977
7,78462;;;-24,02235362
7,78512;;;-12,11977172
7,78562;;;5,581503923
7,78612;;;23,28277957
7,78662;;;39,76327759
7,78712;;;55,63338679
7,78762;;;68,45155191
7,78812;;;74,55544006
7,78862;;;74,55544006
7,78912;;;72,1138848
7,78961;;;68,75674632
7,79011;;;64,1788302
7,79061;;;59,90610849
7,79111;;;55,93858119
7,79161;;;51,05547067
7,79211;;;43,42561048
7,79261;;;35,79575029
7,79311;;;29,69186213
7,79361;;;26,02952924
7,79411;;;22,67239075
7,79461;;;17,78928023
7,79511;;;8,328253592
7,79561;;;-7,847050016
7,79611;;;-27,37949211
7,79661;;;-44,47037894
7,79711;;;-56,98334966
7,79761;;;-67,97034833
7,79811;;;-75,90540293
7,79861;;;-77,73656938
7,79911;;;-73,46384767
7,79961;;;-68,58073715
7,80011;;;-65,52879307
7,80061;;;-62,47684899
7,80111;;;-57,59373847
7,80161;;;-52,10023913
7,80211;;;-46,9119342
7,80261;;;-40,19765723
7,80311;;;-32,56779704
7,80361;;;-26,76910329
7,80411;;;-23,71715922
7,80461;;;-19,44443751
7,80511;;;-9,373022054
7,80561;;;6,191892738
7,80611;;;24,80875161
7,80661;;;40,98405522
7,80711;;;52,2762483
7,80761;;;62,04246935
7,80811;;;73,94505125
7,80861;;;84,32166111
7,80911;;;83,71127229
7,80961;;;69,67232954
7,81011;;;54,41260916
7,81061;;;48,91910982
7,81111;;;49,52949863
7,81161;;;45,56197133
7,81211;;;36,4061391
7,81261;;;28,4710845
7,81311;;;24,80875161
7,81361;;;21,45161312
7,81411;;;16,26330819
7,81461;;;10,15942004
7,81511;;;1,308782215
7,81561;;;-14,25613258
7,81611;;;-34,09376908
7,81661;;;-50,8794615
7,81711;;;-62,17165459
7,81761;;;-72,24307004
7,81811;;;-79,56773583
7,81861;;;-79,56773583
7,81911;;;-73,15865326
7,81961;;;-67,35995952
7,82011;;;-64,30801544
7,82061;;;-59,73009933
7,82111;;;-52,10023913
7,82161;;;-45,08076776
7,82211;;;-39,58726842
7,82261;;;-32,56779704
7,82311;;;-22,80157599
7,82361;;;-15,47691021
7,82411;;;-12,11977172
7,82461;;;-6,931466793
7,82511;;;4,055531884
7,82561;;;19,62044668
7,82611;;;36,4061391
7,82661;;;53,49702593
7,82711;;;69,67232954
7,82761;;;80,96452263
7,82811;;;85,84763315
7,82861;;;86,15282756
7,82911;;;84,62685552
7,82961;;;79,74374499
7,83011;;;73,02946802
7,83061;;;67,53596869
7,83111;;;64,78921902
7,83161;;;60,51649731
7,83211;;;52,2762483
7,83261;;;43,42561048
7,83311;;;37,62691673
7,83361;;;33,65938943
7,83411;;;29,08147332
7,83461;;;23,28277957
7,83511;;;13,82175293
7,83561;;;-1,132773046
7,83611;;;-20,36002073
7,83661;;;-37,45090756
7,83711;;;-49,96387828
7,83761;;;-60,34048814
7,83811;;;-68,27554274
7,83861;;;-69,49632037
7,83911;;;-63,69762663
7,83961;;;-57,89893288
7,84011;;;-55,45737762
7,84061;;;-52,40543354
7,84111;;;-46,30154539
7,84161;;;-39,89246282
7,84211;;;-35,92493552
7,84261;;;-30,43143619
7,84311;;;-22,19118718
7,84361;;;-15,47691021
7,84411;;;-13,64574376
7,84461;;;-10,89899409
7,84511;;;-0,8275786388
7,84560;;;15,04253056
7,84610;;;31,52302858
7,84660;;;46,78274896
7,84710;;;61,12688612
7,84760;;;72,72427362
7,84810;;;77,91257855
7,84860;;;77,91257855
7,84910;;;75,77621769
7,84960;;;71,19830158
7,85010;;;65,39960783
7,85060;;;60,2113029
7,85110;;;56,2437756
7,85160;;;50,75027626
7,85210;;;42,51002725
7,85260;;;33,96458384
7,85310;;;27,86069569
7,85360;;;23,28277957
7,85410;;;18,39966905
7,85460;;;12,90616971
7,85510;;;4,360726292
7,85560;;;-11,2041885
7,85610;;;-32,26260263
7,85660;;;-50,8794615
7,85710;;;-64,00282103
7,85760;;;-73,76904208
7,85810;;;-81,09370786
7,85860;;;-82,3144855
7,85910;;;-76,51579175
7,85960;;;-70,41190359
7,86010;;;-68,27554274
7,86060;;;-65,83398748
7,86110;;;-58,8145161
7,86160;;;-50,8794615
7,86210;;;-45,69115657
7,86260;;;-40,19765723
7,86310;;;-31,34701941
7,86360;;;-23,71715922
7,86410;;;-21,27560395
7,86460;;;-19,1392431
7,86510;;;-9,067827647
7,86560;;;8,938642408
7,86610;;;26,94511246
7,86660;;;40,98405522
7,86710;;;54,71780356
7,86760;;;67,23077428
7,86810;;;73,02946802
7,86860;;;70,89310717
7,86910;;;66,62038546
7,86960;;;63,56844139
7,87010;;;59,60091409
7,87060;;;52,2762483
7,87110;;;45,86716574
7,87160;;;42,81522166
7,87210;;;38,54249995
7,87260;;;28,16589009
7,87310;;;18,09447464
7,87360;;;17,48408582
7,87410;;;24,19836279
7,87460;;;23,28277957
7,87510;;;5,886698331
7,87560;;;-20,66521514
7,87610;;;-42,33401809
7,87660;;;-56,06776643
7,87710;;;-67,66515393
7,87760;;;-80,17812464
7,87810;;;-87,80798483
7,87860;;;-86,5872072
7,87910;;;-80,78851346
7,87960;;;-77,12618056
7,88010;;;-74,6846253
7,88060;;;-69,49632037
7,88110;;;-62,17165459
7,88160;;;-56,06776643
7,88210;;;-50,57426709
7,88260;;;-42,63921249
7,88310;;;-33,78857467
7,88360;;;-27,98988092
7,88410;;;-25,24313125
7,88460;;;-20,05482632
7,88510;;;-8,457438831
7,88560;;;6,802281554
7,88610;;;23,58797398
7,88660;;;40,67886081
7,88710;;;56,85416442
7,88760;;;68,45155191
7,88810;;;73,33466243
7,88860;;;73,94505125
7,88910;;;72,72427362
7,88960;;;69,67232954
7,89010;;;64,48402461
7,89060;;;59,90610849
7,89110;;;56,2437756
7,89160;;;51,97105389
7,89210;;;44,64638811
7,89260;;;37,01652792
7,89310;;;30,91263976
7,89360;;;26,33472365
7,89410;;;21,14641872
7,89460;;;15,04253056
7,89510;;;5,276309515
7,89560;;;-10,28860528
7,89610;;;-29,82104737
7,89660;;;-47,82751742
7,89710;;;-61,56126577
7,89760;;;-71,93787563
7,89810;;;-78,6521526
7,89860;;;-78,6521526
7,89910;;;-74,07423649
7,89960;;;-69,19112596
7,90010;;;-66,7495707
7,90060;;;-62,7820434
7,90110;;;-56,06776643
7,90160;;;-49,65868387
7,90209;;;-44,16518453
7,90259;;;-36,84051875
7,90309;;;-27,37949211
7,90359;;;-20,66521514
7,90409;;;-18,83404869
7,90459;;;-15,1717158
7,90509;;;-3,879522716
7,90559;;;12,6009753
7,90609;;;29,99705654
7,90659;;;45,86716574
7,90709;;;61,12688612
7,90759;;;73,33466243
7,90809;;;79,13335618
7,90859;;;79,74374499
7,90909;;;77,60738414
7,90959;;;73,33466243
7,91009;;;68,45155191
7,91059;;;64,48402461
7,91109;;;60,51649731
7,91159;;;54,71780356
7,91209;;;46,78274896
7,91259;;;39,45808318
7,91309;;;34,26977825
7,91359;;;30,30225095
7,91409;;;25,72433483
7,91459;;;19,62044668
7,91509;;;8,938642408
7,91559;;;-6,931466793
7,91609;;;-25,54832566
7,91659;;;-42,33401809
7,91709;;;-55,15218321
7,91759;;;-65,52879307
7,91809;;;-71,93787563
7,91859;;;-71,32748682
7,91909;;;-66,44437629
7,91959;;;-62,7820434
7,92009;;;-60,64568255
7,92059;;;-56,06776643
7,92109;;;-48,74310065
7,92159;;;-42,02882368
7,92209;;;-37,14571316
7,92259;;;-31,041825
7,92309;;;-22,80157599
7,92359;;;-16,08729902
7,92409;;;-12,73016054
7,92459;;;-8,457438831
7,92509;;;1,308782215
7,92559;;;17,48408582
7,92609;;;35,79575029
7,92659;;;52,88663712
7,92709;;;66,92557987
7,92759;;;76,69180092
7,92809;;;82,18530026
7,92859;;;83,40607789
7,92909;;;80,65932822
7,92959;;;75,47102329
7,93009;;;69,97752395
7,93059;;;66,00999665
7,93109;;;62,04246935
7,93159;;;55,63338679
7,93209;;;47,08794337
7,93259;;;37,93211114
7,93309;;;31,21783417
7,93359;;;26,63991805
7,93409;;;22,06200194
7,93459;;;14,73733615
7,93509;;;3,139948661
7,93559;;;-11,50938291
7,93609;;;-29,21065856
7,93659;;;-48,74310065
7,93709;;;-65,22359866
7,93759;;;-71,63268123
7,93809;;;-67,66515393
7,93859;;;-62,47684899
7,93909;;;-65,52879307
7,93959;;;-73,15865326
7,94009;;;-74,07423649
7,94059;;;-65,83398748
7,94109;;;-56,98334966
7,94159;;;-53,32101676
7,94209;;;-49,04829506
7,94259;;;-39,89246282
7,94309;;;-30,12624178
7,94359;;;-25,24313125
7,94409;;;-23,1067704
7,94459;;;-16,39249343
7,94509;;;-4,184717123
7,94559;;;10,46461445
7,94609;;;27,25030687
7,94659;;;45,56197133
7,94709;;;62,34766376
7,94759;;;72,72427362
7,94809;;;76,69180092
7,94859;;;76,69180092
7,94909;;;73,63985684
7,94959;;;68,45155191
7,95009;;;63,56844139
7,95059;;;60,2113029
7,95109;;;55,63338679
7,95159;;;48,308721
7,95209;;;40,98405522
7,95259;;;35,49055588
7,95309;;;30,30225095
7,95359;;;23,28277957
7,95409;;;16,87369701
7,95459;;;12,6009753
7,95509;;;4,360726292
7,95559;;;-11,81457732
7,95609;;;-31,34701941
7,95659;;;-47,21712861
7,95709;;;-58,8145161
7,95759;;;-69,80151478
7,95808;;;-77,43137497
7,95858;;;-76,82098616
7,95908;;;-70,717098
7,95958;;;-66,44437629
7,96008;;;-64,91840426
7,96058;;;-60,34048814
7,96108;;;-52,40543354
7,96158;;;-46,9119342
7,96208;;;-43,24960131
7,96258;;;-36,23012993
7,96308;;;-26,15871448
7,96358;;;-20,66521514
7,96408;;;-20,36002073
7,96458;;;-17,30807665
7,96508;;;-5,710689162
7,96558;;;9,549031223
7,96608;;;24,5035572
7,96658;;;39,76327759
7,96708;;;55,63338679
7,96758;;;67,23077428
7,96808;;;71,19830158
7,96858;;;70,28271836
7,96908;;;68,1463575
7,96958;;;64,1788302
7,97008;;;58,99052527
7,97058;;;54,41260916
7,97108;;;51,05547067
7,97158;;;45,56197133
7,97208;;;37,62691673
7,97258;;;29,38666772
7,97308;;;23,58797398
7,97358;;;19,31525227
7,97408;;;15,65291938
7,97458;;;11,07500326
7,97508;;;1,613976623
7,97558;;;-14,56132699
7,97608;;;-34,09376908
7,97658;;;-49,35348946
7,97708;;;-60,95087696
7,97758;;;-71,32748682
7,97808;;;-78,6521526
7,97858;;;-78,34695819
7,97908;;;-72,24307004
7,97958;;;-67,35995952
7,98008;;;-65,52879307
7,98058;;;-61,56126577
7,98108;;;-54,23659999
7,98158;;;-48,13271183
7,98208;;;-44,16518453
7,98258;;;-38,06129638
7,98308;;;-29,51585296
7,98358;;;-24,32754803
7,98408;;;-24,02235362
7,98458;;;-21,58079836
7,98508;;;-11,2041885
7,98558;;;4,6659207
7,98608;;;20,84122431
7,98658;;;35,49055588
7,98708;;;49,22430422
7,98758;;;60,2113029
7,98808;;;65,70480224
7,98858;;;66,62038546
7,98908;;;64,1788302
7,98958;;;60,2113029
7,99008;;;55,32819238
7,99058;;;51,05547067
7,99108;;;47,08794337
7,99158;;;42,20483285
7,99208;;;36,10094469
7,99258;;;29,38666772
7,99308;;;24,19836279
7,99358;;;20,84122431
7,99408;;;17,78928023
7,99458;;;11,99058648
7,99508;;;1,919171031
7,99558;;;-12,73016054
7,99608;;;-30,12624178
7,99658;;;-47,52232302
7,99708;;;-60,95087696
7,99758;;;-68,88593156
7,99808;;;-72,24307004
7,99858;;;-73,76904208
7,99908;;;-73,15865326
7,99958;;;-65,22359866
8,00008;;;-50,57426709
8,00058;;;-39,89246282
8,00108;;;-41,11324046
8,00158;;;-48,13271183
8,00208;;;-47,82751742
8,00258;;;-37,14571316
8,00308;;;-27,0742977
8,00358;;;-24,02235362
8,00408;;;-23,71715922
8,00458;;;-17,61327106
8,00508;;;-5,405494754
8,00558;;;9,243836815
8,00608;;;25,72433483
8,00658;;;43,42561048
8,00708;;;58,38013646
8,00758;;;67,23077428
8,00808;;;71,50349599
8,00858;;;74,25024566
8,00908;;;73,33466243
8,00958;;;68,1463575
8,01008;;;62,34766376
8,01058;;;58,68533086
8,01108;;;55,32819238
8,01158;;;49,52949863
8,01208;;;42,20483285
8,01258;;;36,10094469
8,01308;;;30,30225095
8,01358;;;24,80875161
8,01408;;;21,45161312
8,01457;;;18,09447464
8,01507;;;8,023059185
8,01557;;;-9,373022054
8,01607;;;-28,60026974
8,01657;;;-43,55479572
8,01707;;;-55,76257203
8,01757;;;-67,97034833
8,01807;;;-76,51579175
8,01857;;;-75,90540293
8,01907;;;-70,41190359
8,01957;;;-66,7495707
8,02007;;;-65,52879307
8,02057;;;-61,86646018
8,02107;;;-55,45737762
8,02157;;;-49,65868387
8,02207;;;-44,77557335
8,02257;;;-37,75610197
8,02307;;;-29,82104737
8,02357;;;-25,24313125
8,02407;;;-24,32754803
8,02457;;;-20,05482632
8,02507;;;-8,762633239
8,02557;;;7,107475961
8,02607;;;24,19836279
8,02657;;;40,06847199
8,02707;;;53,49702593
8,02757;;;62,95805257
8,02807;;;67,84116309
8,02857;;;69,06194072
8,02907;;;67,23077428
8,02957;;;62,65285816
8,03007;;;58,99052527
8,03057;;;56,85416442
8,03107;;;53,80222034
8,03157;;;47,39313778
8,03207;;;40,98405522
8,03257;;;36,71133351
8,03307;;;33,04900062
8,03357;;;27,55550128
8,03407;;;22,06200194
8,03457;;;18,09447464
8,03507;;;10,15942004
8,03557;;;-5,100300347
8,03607;;;-23,41196481
8,03657;;;-38,06129638
8,03707;;;-48,43790624
8,03757;;;-58,20412729
8,03807;;;-65,22359866
8,03857;;;-64,30801544
8,03907;;;-58,50932169
8,03957;;;-54,54179439
8,04007;;;-52,71062795
8,04057;;;-48,43790624
8,04107;;;-40,80804605
8,04157;;;-34,70415789
8,04207;;;-29,82104737
8,04257;;;-22,19118718
8,04307;;;-12,42496613
8,04357;;;-6,931466793
8,04407;;;-6,626272385
8,04457;;;-4,184717123
8,04507;;;6,802281554
8,04557;;;23,89316839
8,04607;;;41,28924962
8,04657;;;56,85416442
8,04707;;;69,97752395
8,04757;;;79,13335618
8,04807;;;83,10088348
8,04857;;;82,79568907
8,04907;;;80,0489394
8,04957;;;75,16582888
8,05007;;;69,97752395
8,05057;;;66,00999665
8,05107;;;61,12688612
8,05157;;;54,41260916
8,05207;;;46,47755455
8,05257;;;39,45808318
8,05307;;;33,65938943
8,05357;;;28,4710845
8,05407;;;24,19836279
8,05457;;;19,62044668
8,05507;;;9,854225631
8,05557;;;-6,321077977
8,05607;;;-25,24313125
8,05657;;;-40,50285164
8,05707;;;-52,40543354
8,05757;;;-62,7820434
8,05807;;;-69,49632037
8,05857;;;-69,19112596
8,05907;;;-64,30801544
8,05957;;;-60,95087696
8,06007;;;-59,42490492
8,06057;;;-55,45737762
8,06107;;;-47,52232302
8,06157;;;-40,80804605
8,06207;;;-37,14571316
8,06257;;;-31,95740822
8,06307;;;-23,1067704
8,06357;;;-16,39249343
8,06407;;;-15,78210462
8,06457;;;-15,1717158
8,06507;;;-2,963939493
8,06557;;;20,84122431
8,06607;;;44,95158252
8,06657;;;57,46455323
8,06707;;;60,82169172
8,06757;;;63,87363579
8,06807;;;70,58791276
8,06857;;;74,86063447
8,06907;;;71,80869039
8,06957;;;64,78921902
8,07007;;;59,90610849
8,07056;;;57,46455323
8,07106;;;53,19183152
8,07156;;;45,86716574
8,07206;;;38,54249995
8,07256;;;32,4386118
8,07306;;;26,94511246
8,07356;;;21,45161312
8,07406;;;18,09447464
8,07456;;;14,73733615
8,07506;;;4,971115108
8,07556;;;-12,42496613
8,07606;;;-31,65221382
8,07656;;;-46,30154539
8,07706;;;-58,20412729
8,07756;;;-69,19112596
8,07806;;;-75,90540293
8,07856;;;-75,29501412
8,07906;;;-70,41190359
8,07956;;;-67,66515393
8,08006;;;-66,13918189
8,08056;;;-61,86646018
8,08106;;;-55,76257203
8,08156;;;-50,8794615
8,08206;;;-45,99635098
8,08256;;;-38,06129638
8,08306;;;-29,51585296
8,08356;;;-25,85352007
8,08406;;;-25,54832566
8,08456;;;-21,27560395
8,08506;;;-10,28860528
8,08556;;;4,360726292
8,08606;;;20,23083549
8,08656;;;36,4061391
8,08706;;;51,05547067
8,08756;;;59,90610849
8,08806;;;62,65285816
8,08856;;;62,04246935
8,08906;;;59,60091409
8,08956;;;55,32819238
8,09006;;;49,83469304
8,09056;;;45,25677692
8,09106;;;40,98405522
8,09156;;;34,26977825
8,09206;;;26,63991805
8,09256;;;20,23083549
8,09306;;;15,04253056
8,09356;;;9,854225631
8,09406;;;5,276309515
8,09456;;;1,308782215
8,09506;;;-6,931466793
8,09556;;;-23,1067704
8,09606;;;-42,63921249
8,09656;;;-57,89893288
8,09706;;;-68,88593156
8,09756;;;-78,95734701
8,09806;;;-85,97681839
8,09856;;;-85,97681839
8,09906;;;-81,09370786
8,09956;;;-77,12618056
8,10006;;;-75,29501412
8,10056;;;-70,717098
8,10106;;;-63,08723781
8,10156;;;-56,37296084
8,10206;;;-51,48985032
8,10256;;;-44,77557335
8,10306;;;-36,23012993
8,10356;;;-31,041825
8,10406;;;-29,21065856
8,10456;;;-24,93793685
8,10506;;;-13,64574376
8,10556;;;2,834754254
8,10606;;;20,5360299
8,10656;;;36,71133351
8,10706;;;50,44508186
8,10756;;;61,12688612
8,10806;;;67,53596869
8,10856;;;69,36713513
8,10906;;;66,92557987
8,10956;;;62,34766376
8,11006;;;58,99052527
8,11056;;;56,85416442
8,11106;;;54,10741475
8,11156;;;48,61391541
8,11206;;;42,51002725
8,11256;;;37,62691673
8,11306;;;33,35419502
8,11356;;;28,77627891
8,11406;;;26,02952924
8,11456;;;22,67239075
8,11506;;;13,51655852
8,11556;;;-3,2691339
8,11606;;;-21,27560395
8,11656;;;-35,0093523
8,11706;;;-45,69115657
8,11756;;;-55,45737762
8,11806;;;-61,56126577
8,11856;;;-61,25607136
8,11906;;;-57,28854406
8,11956;;;-54,23659999
8,12006;;;-50,57426709
8,12056;;;-45,38596216
8,12106;;;-39,89246282
8,12156;;;-35,92493552
8,12206;;;-30,12624178
8,12256;;;-22,19118718
8,12306;;;-15,47691021
8,12356;;;-12,73016054
8,12406;;;-10,59379969
8,12456;;;-5,405494754
8,12506;;;4,360726292
8,12556;;;18,70486345
8,12606;;;36,71133351
8,12656;;;52,58144271
8,12705;;;62,65285816
8,12755;;;71,19830158
8,12805;;;84,32166111
8,12855;;;96,22424301
8,12905;;;93,17229893
8,12955;;;75,77621769
8,13005;;;61,43208053
8,13055;;;59,60091409
8,13105;;;60,51649731
8,13155;;;53,19183152
8,13205;;;42,20483285
8,13255;;;36,4061391
8,13305;;;34,26977825
8,13355;;;30,30225095
8,13405;;;25,41914042
8,13455;;;21,45161312
8,13505;;;11,99058648
8,13555;;;-6,626272385
8,13605;;;-27,0742977
8,13655;;;-41,41843486
8,13705;;;-51,48985032
8,13755;;;-62,47684899
8,13805;;;-69,80151478
8,13855;;;-67,66515393
8,13905;;;-61,25607136
8,13955;;;-58,8145161
8,14005;;;-58,8145161
8,14055;;;-54,8469888
8,14105;;;-46,9119342
8,14155;;;-41,41843486
8,14205;;;-37,45090756
8,14255;;;-30,43143619
8,14305;;;-22,19118718
8,14355;;;-18,22365988
8,14405;;;-18,52885429
8,14455;;;-14,56132699
8,14505;;;-2,963939493
8,14555;;;11,99058648
8,14605;;;27,55550128
8,14655;;;43,12041607
8,14705;;;57,15935882
8,14755;;;66,62038546
8,14805;;;70,89310717
8,14855;;;70,58791276
8,14905;;;67,23077428
8,14955;;;61,73727494
8,15005;;;56,2437756
8,15055;;;52,58144271
8,15105;;;48,00352659
8,15155;;;41,28924962
8,15205;;;33,65938943
8,15255;;;27,25030687
8,15305;;;21,75680753
8,15355;;;16,5685026
8,15405;;;13,21136412
8,15455;;;9,243836815
8,15505;;;-0,8275786388
8,15555;;;-18,52885429
8,15605;;;-36,84051875
8,15655;;;-50,57426709
8,15705;;;-61,56126577
8,15755;;;-71,63268123
8,15805;;;-76,82098616
8,15855;;;-74,37943089
8,15905;;;-69,19112596
8,15955;;;-66,44437629
8,16005;;;-64,61320985
8,16055;;;-59,11971051
8,16105;;;-51,79504472
8,16155;;;-47,21712861
8,16205;;;-42,33401809
8,16255;;;-34,39896349
8,16305;;;-25,85352007
8,16355;;;-22,80157599
8,16405;;;-22,19118718
8,16455;;;-17,00288225
8,16505;;;-4,795105939
8,16555;;;9,854225631
8,16605;;;25,11394602
8,16655;;;40,98405522
8,16705;;;54,41260916
8,16755;;;62,04246935
8,16805;;;64,78921902
8,16855;;;65,39960783
8,16905;;;63,56844139
8,16955;;;58,07494205
8,17005;;;51,66585949
8,17055;;;47,69833219
8,17105;;;44,03599929
8,17155;;;37,93211114
8,17205;;;29,99705654
8,17255;;;23,58797398
8,17305;;;19,31525227
8,17355;;;14,73733615
8,17405;;;9,854225631
8,17455;;;4,971115108
8,17505;;;-3,2691339
8,17555;;;-18,83404869
8,17605;;;-37,14571316
8,17655;;;-52,71062795
8,17705;;;-64,61320985
8,17755;;;-74,37943089
8,17805;;;-79,56773583
8,17855;;;-78,95734701
8,17905;;;-74,98981971
8,17955;;;-72,24307004
8,18005;;;-69,19112596
8,18055;;;-63,39243222
8,18105;;;-56,06776643
8,18155;;;-50,8794615
8,18205;;;-46,30154539
8,18255;;;-38,36649079
8,18304;;;-28,90546415
8,18354;;;-23,71715922
8,18404;;;-22,49638159
8,18454;;;-18,52885429
8,18504;;;-6,626272385
8,18554;;;9,854225631
8,18604;;;27,25030687
8,18654;;;42,81522166
8,18704;;;56,2437756
8,18754;;;66,00999665
8,18804;;;70,58791276
8,18854;;;70,28271836
8,18904;;;67,84116309
8,18954;;;64,48402461
8,19004;;;60,51649731
8,19054;;;55,32819238
8,19104;;;50,44508186
8,19154;;;45,56197133
8,19204;;;38,84769436
8,19254;;;29,38666772
8,19304;;;21,45161312
8,19354;;;22,67239075
8,19404;;;29,69186213
8,19454;;;26,94511246
8,19504;;;5,581503923
8,19554;;;-23,1067704
8,19604;;;-42,63921249
8,19654;;;-51,79504472
8,19704;;;-61,86646018
8,19754;;;-75,60020853
8,19804;;;-82,3144855
8,19854;;;-77,73656938
8,19904;;;-70,717098
8,19954;;;-69,19112596
8,20004;;;-67,05476511
8,20054;;;-59,42490492
8,20104;;;-50,8794615
8,20154;;;-46,9119342
8,20204;;;-42,9444069
8,20254;;;-33,48338026
8,20304;;;-24,02235362
8,20354;;;-20,66521514
8,20404;;;-20,36002073
8,20454;;;-13,95093817
8,20504;;;-0,2171898234
8,20554;;;14,73733615
8,20604;;;30,30225095
8,20654;;;47,39313778
8,20704;;;62,65285816
8,20754;;;71,50349599
8,20804;;;75,16582888
8,20854;;;76,69180092
8,20904;;;75,77621769
8,20954;;;71,19830158
8,21004;;;66,31519106
8,21054;;;63,56844139
8,21104;;;61,12688612
8,21154;;;54,41260916
8,21204;;;46,17236015
8,21254;;;40,06847199
8,21304;;;36,10094469
8,21354;;;31,21783417
8,21404;;;26,63991805
8,21454;;;22,36719635
8,21504;;;13,51655852
8,21554;;;-3,2691339
8,21604;;;-22,80157599
8,21654;;;-37,75610197
8,21704;;;-48,43790624
8,21754;;;-57,89893288
8,21804;;;-63,69762663
8,21854;;;-61,86646018
8,21904;;;-56,67815525
8,21954;;;-53,93140558
8,22004;;;-52,71062795
8,22054;;;-47,21712861
8,22104;;;-39,58726842
8,22154;;;-34,09376908
8,22204;;;-28,90546415
8,22254;;;-19,74963192
8,22304;;;-9,98341087
8,22354;;;-6,01588357
8,22404;;;-6,321077977
8,22454;;;-1,132773046
8,22504;;;11,99058648
8,22554;;;27,86069569
8,22604;;;43,42561048
8,22654;;;59,29571968
8,22704;;;74,25024566
8,22754;;;83,71127229
8,22804;;;86,76321637
8,22854;;;86,76321637
8,22904;;;84,93204993
8,22954;;;80,96452263
8,23004;;;75,47102329
8,23054;;;71,50349599
8,23104;;;67,53596869
8,23154;;;60,51649731
8,23204;;;51,66585949
8,23254;;;44,3411937
8,23304;;;38,54249995
8,23354;;;33,35419502
8,23404;;;29,08147332
8,23454;;;24,80875161
8,23504;;;14,43214175
8,23554;;;-3,2691339
8,23604;;;-22,80157599
8,23654;;;-37,45090756
8,23704;;;-49,35348946
8,23754;;;-61,25607136
8,23804;;;-68,58073715
8,23854;;;-66,7495707
8,23904;;;-61,56126577
8,23953;;;-59,73009933
8,24003;;;-59,11971051
8,24053;;;-53,93140558
8,24103;;;-46,9119342
8,24153;;;-43,24960131
8,24203;;;-39,58726842
8,24253;;;-29,51585296
8,24303;;;-19,44443751
8,24353;;;-17,91846547
8,24403;;;-20,66521514
8,24453;;;-14,86652139
8,24503;;;-0,5223842311
8,24553;;;10,15942004
8,24603;;;15,04253056
8,24653;;;23,89316839
8,24703;;;40,98405522
8,24753;;;56,54897001
8,24803;;;63,26324698
8,24853;;;64,78921902
8,24903;;;65,39960783
8,24953;;;63,26324698
8,25003;;;56,85416442
8,25053;;;50,75027626
8,25103;;;48,308721
8,25153;;;44,3411937
8,25203;;;36,10094469
8,25253;;;27,55550128
8,25303;;;22,06200194
8,25353;;;17,17889142
8,25403;;;11,38019767
8,25453;;;5,886698331
8,25503;;;1,003587807
8,25553;;;-7,541855608
8,25603;;;-23,71715922
8,25653;;;-42,9444069
8,25703;;;-58,8145161
8,25753;;;-70,10670919
8,25803;;;-77,43137497
8,25853;;;-81,70409668
8,25903;;;-82,92487431
8,25953;;;-79,26254142
8,26003;;;-68,27554274
8,26053;;;-54,54179439
8,26103;;;-47,82751742
8,26153;;;-51,79504472
8,26203;;;-57,28854406
8,26253;;;-53,01582236
8,26303;;;-40,80804605
8,26353;;;-32,26260263
8,26403;;;-31,95740822
8,26453;;;-31,34701941
8,26503;;;-23,71715922
8,26553;;;-11,50938291
8,26603;;;1,613976623
8,26653;;;16,87369701
8,26703;;;33,65938943
8,26753;;;47,08794337
8,26803;;;54,71780356
8,26853;;;58,38013646
8,26903;;;59,90610849
8,26953;;;57,76974764
8,27003;;;52,2762483
8,27053;;;47,69833219
8,27103;;;44,64638811
8,27153;;;39,45808318
8,27203;;;31,82822299
8,27253;;;24,19836279
8,27303;;;18,70486345
8,27353;;;13,51655852
8,27403;;;8,328253592
8,27453;;;5,886698331
8,27503;;;2,529559846
8,27553;;;-7,847050016
8,27603;;;-26,46390889
8,27653;;;-44,47037894
8,27703;;;-57,59373847
8,27753;;;-68,58073715
8,27803;;;-79,87293023
8,27853;;;-85,67162398
8,27903;;;-82,92487431
8,27953;;;-77,43137497
8,28003;;;-75,29501412
8,28053;;;-73,76904208
8,28103;;;-67,97034833
8,28153;;;-60,34048814
8,28203;;;-54,8469888
8,28253;;;-49,35348946
8,28303;;;-39,89246282
8,28353;;;-30,12624178
8,28403;;;-26,15871448
8,28453;;;-25,24313125
8,28503;;;-19,1392431
8,28553;;;-4,795105939
8,28603;;;12,29578089
8,28653;;;29,99705654
8,28703;;;47,39313778
8,28753;;;62,04246935
8,28803;;;71,19830158
8,28853;;;75,16582888
8,28903;;;77,60738414
8,28953;;;77,30218973
8,29003;;;73,63985684
8,29053;;;69,06194072
8,29103;;;66,31519106
8,29153;;;63,26324698
8,29203;;;57,15935882
8,29253;;;49,22430422
8,29303;;;43,42561048
8,29353;;;39,15288877
8,29403;;;34,57497265
8,29453;;;30,60744535
8,29503;;;26,33472365
8,29552;;;16,87369701
8,29602;;;0,08800458433
8,29652;;;-19,74963192
8,29702;;;-35,31454671
8,29752;;;-46,60673979
8,29802;;;-56,67815525
8,29852;;;-62,7820434
8,29902;;;-61,25607136
8,29952;;;-56,67815525
8,30002;;;-54,8469888
8,30052;;;-54,23659999
8,30102;;;-49,96387828
8,30152;;;-43,24960131
8,30202;;;-38,36649079
8,30252;;;-34,39896349
8,30302;;;-26,76910329
8,30352;;;-18,83404869
8,30402;;;-16,39249343
8,30452;;;-17,00288225
8,30502;;;-12,11977172
8,30552;;;0,08800458433
8,30602;;;14,43214175
8,30652;;;28,77627891
8,30702;;;44,3411937
8,30752;;;58,99052527
8,30802;;;67,84116309
8,30852;;;71,19830158
8,30902;;;71,80869039
8,30952;;;69,67232954
8,31002;;;63,87363579
8,31052;;;58,38013646
8,31102;;;56,2437756
8,31152;;;53,19183152
8,31202;;;45,56197133
8,31252;;;35,79575029
8,31302;;;29,08147332
8,31352;;;25,11394602
8,31402;;;20,5360299
8,31452;;;16,5685026
8,31502;;;13,21136412
8,31552;;;3,445143069
8,31602;;;-14,86652139
8,31652;;;-34,39896349
8,31702;;;-47,21712861
8,31752;;;-57,89893288
8,31802;;;-70,717098
8,31852;;;-77,73656938
8,31902;;;-72,54826445
8,31952;;;-65,52879307
8,32002;;;-67,05476511
8,32052;;;-68,88593156
8,32102;;;-56,98334966
8,32152;;;-38,06129638
8,32202;;;-31,95740822
8,32252;;;-39,89246282
8,32302;;;-43,85999012
8,32352;;;-35,0093523
8,32402;;;-25,85352007
8,32452;;;-24,63274244
8,32502;;;-23,1067704
8,32552;;;-11,2041885
8,32602;;;6,802281554
8,32652;;;23,89316839
8,32702;;;37,62691673
8,32752;;;50,75027626
8,32802;;;60,51649731
8,32852;;;64,78921902
8,32902;;;64,48402461
8,32952;;;61,43208053
8,33002;;;57,15935882
8,33052;;;52,2762483
8,33102;;;48,308721
8,33152;;;44,64638811
8,33202;;;38,54249995
8,33252;;;30,91263976
8,33302;;;24,5035572
8,33352;;;19,62044668
8,33402;;;16,26330819
8,33452;;;13,51655852
8,33502;;;9,243836815
8,33552;;;-1,132773046
8,33602;;;-18,22365988
8,33652;;;-35,92493552
8,33702;;;-49,04829506
8,33752;;;-59,11971051
8,33802;;;-68,27554274
8,33852;;;-72,54826445
8,33902;;;-70,10670919
8,33952;;;-65,22359866
8,34002;;;-62,7820434
8,34052;;;-60,03529373
8,34102;;;-53,62621117
8,34152;;;-46,60673979
8,34202;;;-42,02882368
8,34252;;;-36,53532434
8,34302;;;-27,0742977
8,34352;;;-18,52885429
8,34402;;;-15,78210462
8,34452;;;-14,86652139
8,34502;;;-8,152244424
8,34552;;;4,6659207
8,34602;;;19,62044668
8,34652;;;35,18536147
8,34702;;;51,66585949
8,34752;;;65,70480224
8,34802;;;73,63985684
8,34852;;;76,69180092
8,34902;;;78,52296736
8,34952;;;76,99699533
8,35002;;;71,50349599
8,35052;;;66,31519106
8,35102;;;64,78921902
8,35152;;;62,04246935
8,35201;;;54,10741475
8,35251;;;44,3411937
8,35301;;;38,54249995
8,35351;;;35,49055588
8,35401;;;31,52302858
8,35451;;;27,55550128
8,35501;;;24,19836279
8,35551;;;15,65291938
8,35601;;;-1,132773046
8,35651;;;-21,27560395
8,35701;;;-36,53532434
8,35751;;;-47,21712861
8,35801;;;-56,67815525
8,35851;;;-62,47684899
8,35901;;;-60,64568255
8,35951;;;-55,45737762
8,36001;;;-53,32101676
8,36051;;;-53,01582236
8,36101;;;-48,13271183
8,36151;;;-40,19765723
8,36201;;;-34,70415789
8,36251;;;-30,43143619
8,36301;;;-23,1067704
8,36351;;;-14,56132699
8,36401;;;-11,2041885
8,36451;;;-12,11977172
8,36501;;;-8,457438831
8,36551;;;2,834754254
8,36601;;;19,01005786
8,36651;;;35,18536147
8,36701;;;50,13988745
8,36751;;;62,65285816
8,36801;;;70,58791276
8,36851;;;73,02946802
8,36901;;;71,80869039
8,36951;;;68,45155191
8,37001;;;63,56844139
8,37051;;;58,68533086
8,37101;;;54,71780356
8,37151;;;49,52949863
8,37201;;;42,51002725
8,37251;;;34,88016706
8,37301;;;28,16589009
8,37351;;;22,36719635
8,37401;;;17,78928023
8,37451;;;14,73733615
8,37501;;;10,76980885
8,37551;;;0,393198992
8,37601;;;-16,39249343
8,37651;;;-34,70415789
8,37701;;;-49,65868387
8,37751;;;-61,25607136
8,37801;;;-70,717098
8,37851;;;-75,90540293
8,37901;;;-74,98981971
8,37951;;;-71,32748682
8,38001;;;-68,58073715
8,38051;;;-67,05476511
8,38101;;;-63,39243222
8,38151;;;-56,98334966
8,38201;;;-50,26907269
8,38251;;;-45,69115657
8,38301;;;-41,41843486
8,38351;;;-33,78857467
8,38401;;;-21,58079836
8,38451;;;-10,28860528
8,38501;;;-5,710689162
8,38551;;;-6,01588357
8,38601;;;-0,8275786388
8,38651;;;15,65291938
8,38701;;;35,79575029
8,38751;;;48,91910982
8,38801;;;55,02299797
8,38851;;;59,60091409
8,38901;;;62,65285816
8,38951;;;60,2113029
8,39001;;;54,41260916
8,39051;;;50,44508186
8,39101;;;48,61391541
8,39151;;;44,64638811
8,39201;;;37,32172232
8,39251;;;31,21783417
8,39301;;;26,94511246
8,39351;;;22,06200194
8,39401;;;17,48408582
8,39451;;;15,65291938
8,39501;;;12,90616971
8,39551;;;2,224365438
8,39601;;;-16,08729902
8,39651;;;-34,09376908
8,39701;;;-46,9119342
8,39751;;;-58,20412729
8,39801;;;-68,58073715
8,39851;;;-73,76904208
8,39901;;;-71,32748682
8,39951;;;-66,44437629
8,40001;;;-63,39243222
8,40051;;;-60,64568255
8,40101;;;-55,76257203
8,40151;;;-49,96387828
8,40201;;;-44,77557335
8,40251;;;-38,36649079
8,40301;;;-30,43143619
8,40351;;;-24,02235362
8,40401;;;-21,88599277
8,40451;;;-20,05482632
8,40501;;;-13,34054935
8,40551;;;-0,8275786388
8,40601;;;14,73733615
8,40651;;;31,82822299
8,40701;;;47,08794337
8,40751;;;58,68533086
8,40800;;;66,92557987
8,40850;;;72,1138848
8,40900;;;73,02946802
8,40950;;;69,06194072
8,41000;;;63,26324698
8,41050;;;59,60091409
8,41100;;;57,15935882
8,41150;;;51,97105389
8,41200;;;44,03599929
8,41250;;;37,32172232
8,41300;;;32,13341739
8,41350;;;26,33472365
8,41400;;;20,5360299
8,41450;;;17,48408582
8,41500;;;13,51655852
8,41550;;;2,529559846
8,41600;;;-15,78210462
8,41650;;;-33,78857467
8,41700;;;-47,21712861
8,41750;;;-58,8145161
8,41800;;;-69,49632037
8,41850;;;-73,76904208
8,41900;;;-71,02229241
8,41950;;;-66,7495707
8,42000;;;-65,22359866
8,42050;;;-62,7820434
8,42100;;;-56,98334966
8,42150;;;-50,57426709
8,42200;;;-45,99635098
8,42250;;;-39,89246282
8,42300;;;-30,43143619
8,42350;;;-22,49638159
8,42400;;;-20,66521514
8,42450;;;-20,36002073
8,42500;;;-15,1717158
8,42550;;;-2,353550677
8,42600;;;13,82175293
8,42650;;;30,91263976
8,42700;;;46,78274896
8,42750;;;59,90610849
8,42800;;;68,45155191
8,42850;;;73,02946802
8,42900;;;74,25024566
8,42950;;;71,80869039
8,43000;;;68,1463575
8,43050;;;64,78921902
8,43100;;;61,43208053
8,43150;;;55,63338679
8,43200;;;47,69833219
8,43250;;;41,28924962
8,43300;;;36,10094469
8,43350;;;30,60744535
8,43400;;;25,41914042
8,43450;;;22,06200194
8,43500;;;17,78928023
8,43550;;;5,886698331
8,43600;;;-12,73016054
8,43650;;;-31,041825
8,43700;;;-44,47037894
8,43750;;;-56,37296084
8,43800;;;-67,66515393
8,43850;;;-72,85345886
8,43900;;;-70,10670919
8,43950;;;-64,61320985
8,44000;;;-63,08723781
8,44050;;;-61,56126577
8,44100;;;-55,45737762
8,44150;;;-47,82751742
8,44200;;;-43,24960131
8,44250;;;-38,36649079
8,44300;;;-29,21065856
8,44350;;;-19,44443751
8,44400;;;-16,69768784
8,44450;;;-17,91846547
8,44500;;;-12,42496613
8,44550;;;2,224365438
8,44600;;;19,62044668
8,44650;;;35,18536147
8,44700;;;50,75027626
8,44750;;;66,00999665
8,44800;;;74,55544006
8,44850;;;73,63985684
8,44900;;;72,41907921
8,44950;;;78,21777296
8,45000;;;85,23724433
8,45050;;;82,18530026
8,45100;;;67,53596869
8,45150;;;51,97105389
8,45200;;;44,03599929
8,45250;;;40,67886081
8,45300;;;34,57497265
8,45350;;;26,02952924
8,45400;;;20,5360299
8,45450;;;19,31525227
8,45500;;;15,34772497
8,45550;;;1,919171031
8,45600;;;-17,00288225
8,45650;;;-34,70415789
8,45700;;;-48,13271183
8,45750;;;-60,64568255
8,45800;;;-71,32748682
8,45850;;;-75,60020853
8,45900;;;-73,15865326
8,45950;;;-69,19112596
8,46000;;;-67,97034833
8,46050;;;-66,44437629
8,46100;;;-61,56126577
8,46150;;;-55,45737762
8,46200;;;-50,57426709
8,46250;;;-44,77557335
8,46300;;;-35,92493552
8,46350;;;-27,98988092
8,46400;;;-25,54832566
8,46449;;;-24,93793685
8,46499;;;-19,1392431
8,46549;;;-6,626272385
8,46599;;;9,854225631
8,46649;;;27,25030687
8,46699;;;43,73080489
8,46749;;;57,15935882
8,46799;;;65,70480224
8,46849;;;69,97752395
8,46899;;;70,28271836
8,46949;;;67,23077428
8,46999;;;62,95805257
8,47049;;;59,90610849
8,47099;;;57,15935882
8,47149;;;52,2762483
8,47199;;;45,56197133
8,47249;;;39,76327759
8,47299;;;34,88016706
8,47349;;;29,69186213
8,47399;;;24,80875161
8,47449;;;22,36719635
8,47499;;;18,09447464
8,47549;;;6,191892738
8,47599;;;-12,73016054
8,47649;;;-30,73663059
8,47699;;;-43,24960131
8,47749;;;-54,54179439
8,47799;;;-65,22359866
8,47849;;;-70,10670919
8,47899;;;-67,66515393
8,47949;;;-63,39243222
8,47999;;;-61,86646018
8,48049;;;-58,8145161
8,48099;;;-51,48985032
8,48149;;;-43,55479572
8,48199;;;-38,36649079
8,48249;;;-32,87299145
8,48299;;;-24,02235362
8,48349;;;-16,08729902
8,48399;;;-13,03535495
8,48449;;;-11,2041885
8,48499;;;-4,795105939
8,48549;;;6,497087146
8,48599;;;20,5360299
8,48649;;;37,32172232
8,48699;;;54,41260916
8,48749;;;67,84116309
8,48799;;;74,86063447
8,48849;;;77,60738414
8,48899;;;77,91257855
8,48949;;;74,86063447
8,48999;;;69,06194072
8,49049;;;64,48402461
8,49099;;;62,34766376
8,49149;;;57,76974764
8,49199;;;48,61391541
8,49249;;;39,15288877
8,49299;;;32,74380621
8,49349;;;28,16589009
8,49399;;;23,89316839
8,49449;;;20,23083549
8,49499;;;15,04253056
8,49549;;;3,445143069
8,49599;;;-15,1717158
8,49649;;;-33,78857467
8,49699;;;-47,21712861
8,49749;;;-58,50932169
8,49799;;;-68,58073715
8,49849;;;-73,76904208
8,49899;;;-71,93787563
8,49949;;;-67,97034833
8,49999;;;-66,7495707
8,50049;;;-64,30801544
8,50099;;;-58,50932169
8,50149;;;-51,48985032
8,50199;;;-46,60673979
8,50249;;;-40,19765723
8,50299;;;-31,65221382
8,50349;;;-25,24313125
8,50399;;;-24,63274244
8,50449;;;-23,41196481
8,50499;;;-15,78210462
8,50549;;;-2,04835627
8,50599;;;12,29578089
8,50649;;;27,86069569
8,50699;;;45,25677692
8,50749;;;59,29571968
8,50799;;;66,31519106
8,50849;;;68,75674632
8,50899;;;70,28271836
8,50949;;;68,75674632
8,50999;;;62,95805257
8,51049;;;58,38013646
8,51099;;;57,46455323
8,51149;;;54,10741475
8,51199;;;43,42561048
8,51249;;;33,65938943
8,51299;;;33,96458384
8,51349;;;39,76327759
8,51399;;;37,62691673
8,51449;;;24,5035572
8,51499;;;8,938642408
8,51549;;;-3,879522716
8,51599;;;-17,61327106
8,51649;;;-35,0093523
8,51699;;;-51,79504472
8,51749;;;-64,00282103
8,51799;;;-71,02229241
8,51849;;;-74,37943089
8,51899;;;-74,98981971
8,51949;;;-74,07423649
8,51999;;;-71,93787563
8,52048;;;-67,97034833
8,52098;;;-62,47684899
8,52148;;;-56,67815525
8,52198;;;-51,18465591
8,52248;;;-44,47037894
8,52298;;;-35,92493552
8,52348;;;-29,82104737
8,52398;;;-28,29507533
8,52448;;;-27,37949211
8,52498;;;-21,88599277
8,52548;;;-10,28860528
8,52598;;;4,360726292
8,52648;;;20,5360299
8,52698;;;35,79575029
8,52748;;;47,69833219
8,52798;;;54,41260916
8,52848;;;57,15935882
8,52898;;;57,46455323
8,52948;;;54,71780356
8,52998;;;50,44508186
8,53048;;;47,08794337
8,53098;;;43,73080489
8,53148;;;38,23730555
8,53198;;;29,99705654
8,53248;;;22,36719635
8,53298;;;17,17889142
8,53348;;;12,6009753
8,53398;;;8,023059185
8,53448;;;4,055531884
8,53498;;;-1,437967454
8,53548;;;-13,34054935
8,53598;;;-31,041825
8,53648;;;-48,13271183
8,53698;;;-62,17165459
8,53748;;;-74,37943089
8,53798;;;-83,84045753
8,53848;;;-87,19759602
8,53898;;;-84,45084635
8,53948;;;-81,09370786
8,53998;;;-79,26254142
8,54048;;;-75,29501412
8,54098;;;-68,58073715
8,54148;;;-62,17165459
8,54198;;;-56,98334966
8,54248;;;-49,35348946
8,54298;;;-39,28207401
8,54348;;;-32,26260263
8,54398;;;-30,73663059
8,54448;;;-29,21065856
8,54498;;;-21,88599277
8,54548;;;-8,762633239
8,54598;;;7,412670369
8,54648;;;24,80875161
8,54698;;;41,59444403
8,54748;;;54,71780356
8,54798;;;62,95805257
8,54848;;;67,53596869
8,54898;;;69,36713513
8,54948;;;67,84116309
8,54998;;;64,48402461
8,55048;;;62,34766376
8,55098;;;60,51649731
8,55148;;;55,93858119
8,55198;;;49,52949863
8,55248;;;44,03599929
8,55298;;;39,45808318
8,55348;;;33,96458384
8,55398;;;29,69186213
8,55448;;;28,4710845
8,55498;;;25,41914042
8,55548;;;12,90616971
8,55598;;;-6,01588357
8,55648;;;-23,41196481
8,55698;;;-35,61974112
8,55748;;;-46,9119342
8,55798;;;-57,28854406
8,55848;;;-60,64568255
8,55898;;;-57,28854406
8,55948;;;-54,23659999
8,55998;;;-54,54179439
8,56048;;;-53,32101676
8,56098;;;-47,82751742
8,56148;;;-41,41843486
8,56198;;;-36,53532434
8,56248;;;-30,43143619
8,56298;;;-21,88599277
8,56348;;;-15,1717158
8,56398;;;-13,64574376
8,56448;;;-12,42496613
8,56498;;;-6,931466793
8,56548;;;4,360726292
8,56598;;;19,92564108
8,56648;;;37,93211114
8,56698;;;54,10741475
8,56748;;;65,39960783
8,56798;;;71,80869039
8,56848;;;75,77621769
8,56898;;;76,0814121
8,56948;;;72,1138848
8,56998;;;66,92557987
8,57048;;;63,56844139
8,57098;;;60,2113029
8,57148;;;53,19183152
8,57198;;;45,25677692
8,57248;;;39,45808318
8,57298;;;34,26977825
8,57348;;;27,25030687
8,57398;;;22,67239075
8,57448;;;22,06200194
8,57498;;;16,26330819
8,57548;;;-0,8275786388
8,57598;;;-19,74963192
8,57648;;;-27,98988092
8,57697;;;-31,95740822
8,57747;;;-46,60673979
8,57797;;;-69,19112596
8,57847;;;-81,39890227
8,57897;;;-77,43137497
8,57947;;;-70,41190359
8,57997;;;-69,49632037
8,58047;;;-68,27554274
8,58097;;;-60,64568255
8,58147;;;-51,79504472
8,58197;;;-46,9119342
8,58247;;;-41,11324046
8,58297;;;-31,34701941
8,58347;;;-23,1067704
8,58397;;;-20,66521514
8,58447;;;-18,83404869
8,58497;;;-10,28860528
8,58547;;;3,445143069
8,58597;;;19,62044668
8,58647;;;36,71133351
8,58697;;;53,49702593
8,58747;;;66,92557987
8,58797;;;75,16582888
8,58847;;;79,43855059
8,58897;;;81,57491144
8,58947;;;80,0489394
8,58997;;;76,69180092
8,59047;;;73,94505125
8,59097;;;71,19830158
8,59147;;;66,00999665
8,59197;;;58,68533086
8,59247;;;52,58144271
8,59297;;;48,00352659
8,59347;;;43,42561048
8,59397;;;39,45808318
8,59447;;;36,71133351
8,59497;;;31,82822299
8,59547;;;19,62044668
8,59597;;;1,613976623
8,59647;;;-15,1717158
8,59697;;;-28,29507533
8,59747;;;-40,19765723
8,59797;;;-49,96387828
8,59847;;;-53,62621117
8,59897;;;-51,18465591
8,59947;;;-48,13271183
8,59997;;;-46,30154539
8,60047;;;-43,55479572
8,60097;;;-38,36649079
8,60147;;;-32,26260263
8,60197;;;-26,76910329
8,60247;;;-20,05482632
8,60297;;;-12,73016054
8,60347;;;-7,847050016
8,60397;;;-6,01588357
8,60447;;;-4,184717123
8,60497;;;1,003587807
8,60547;;;11,68539208
8,60597;;;26,94511246
8,60647;;;44,3411937
8,60697;;;58,99052527
8,60747;;;68,75674632
8,60797;;;74,86063447
8,60847;;;78,82816177
8,60897;;;79,43855059
8,60947;;;75,47102329
8,60997;;;70,28271836
8,61047;;;66,62038546
8,61097;;;62,34766376
8,61147;;;54,71780356
8,61197;;;45,86716574
8,61247;;;39,45808318
8,61297;;;34,26977825
8,61347;;;27,86069569
8,61397;;;22,67239075
8,61447;;;20,23083549
8,61497;;;15,04253056
8,61547;;;1,003587807
8,61597;;;-18,22365988
8,61647;;;-36,23012993
8,61697;;;-50,26907269
8,61747;;;-63,08723781
8,61797;;;-73,15865326
8,61847;;;-76,82098616
8,61897;;;-74,6846253
8,61947;;;-73,46384767
8,61997;;;-73,15865326
8,62047;;;-70,41190359
8,62097;;;-64,00282103
8,62147;;;-58,20412729
8,62197;;;-53,32101676
8,62247;;;-47,21712861
8,62297;;;-40,19765723
8,62347;;;-35,61974112
8,62397;;;-34,70415789
8,62447;;;-32,56779704
8,62497;;;-24,63274244
8,62547;;;-12,11977172
8,62597;;;2,224365438
8,62647;;;18,09447464
8,62697;;;33,35419502
8,62747;;;45,25677692
8,62797;;;52,88663712
8,62847;;;57,15935882
8,62897;;;58,38013646
8,62947;;;55,32819238
8,62997;;;51,05547067
8,63047;;;48,91910982
8,63097;;;47,39313778
8,63147;;;41,89963844
8,63197;;;34,26977825
8,63247;;;28,16589009
8,63296;;;24,19836279
8,63346;;;19,62044668
8,63396;;;14,73733615
8,63446;;;12,29578089
8,63496;;;8,633448
8,63546;;;-2,963939493
8,63596;;;-22,19118718
8,63646;;;-39,89246282
8,63696;;;-51,79504472
8,63746;;;-62,47684899
8,63796;;;-73,15865326
8,63846;;;-76,82098616
8,63896;;;-72,24307004
8,63946;;;-67,97034833
8,63996;;;-69,80151478
8,64046;;;-70,10670919
8,64096;;;-58,8145161
8,64146;;;-42,02882368
8,64196;;;-33,17818586
8,64246;;;-35,31454671
8,64296;;;-38,06129638
8,64346;;;-35,0093523
8,64396;;;-29,82104737
8,64446;;;-26,15871448
8,64496;;;-21,27560395
8,64546;;;-10,59379969
8,64596;;;5,276309515
8,64646;;;22,36719635
8,64696;;;36,71133351
8,64746;;;47,08794337
8,64796;;;54,41260916
8,64846;;;58,68533086
8,64896;;;58,99052527
8,64946;;;55,63338679
8,64996;;;51,36066508
8,65046;;;48,00352659
8,65096;;;44,3411937
8,65146;;;38,23730555
8,65196;;;30,91263976
8,65246;;;24,5035572
8,65296;;;19,62044668
8,65346;;;14,43214175
8,65396;;;10,76980885
8,65446;;;8,328253592
8,65496;;;3,750337477
8,65546;;;-8,457438831
8,65596;;;-26,46390889
8,65646;;;-43,55479572
8,65696;;;-56,67815525
8,65746;;;-67,66515393
8,65796;;;-75,90540293
8,65846;;;-78,6521526
8,65896;;;-76,21059734
8,65946;;;-73,76904208
8,65996;;;-72,24307004
8,66046;;;-68,58073715
8,66096;;;-61,86646018
8,66146;;;-56,06776643
8,66196;;;-51,48985032
8,66246;;;-44,77557335
8,66296;;;-36,23012993
8,66346;;;-31,041825
8,66396;;;-30,12624178
8,66446;;;-28,29507533
8,66496;;;-21,58079836
8,66546;;;-9,373022054
8,66596;;;5,581503923
8,66646;;;22,36719635
8,66696;;;37,01652792
8,66746;;;47,39313778
8,66796;;;53,49702593
8,66846;;;56,85416442
8,66896;;;57,76974764
8,66946;;;54,71780356
8,66996;;;50,75027626
8,67046;;;47,69833219
8,67096;;;43,42561048
8,67146;;;35,79575029
8,67196;;;27,86069569
8,67246;;;22,67239075
8,67296;;;18,70486345
8,67346;;;13,51655852
8,67396;;;9,243836815
8,67446;;;7,107475961
8,67496;;;1,919171031
8,67546;;;-10,89899409
8,67596;;;-28,29507533
8,67646;;;-43,24960131
8,67696;;;-55,15218321
8,67746;;;-67,05476511
8,67796;;;-76,21059734
8,67846;;;-78,34695819
8,67896;;;-74,98981971
8,67946;;;-72,54826445
8,67996;;;-71,32748682
8,68046;;;-67,35995952
8,68096;;;-60,34048814
8,68146;;;-53,93140558
8,68196;;;-48,43790624
8,68246;;;-40,50285164
8,68296;;;-31,95740822
8,68346;;;-27,0742977
8,68396;;;-25,24313125
8,68446;;;-22,19118718
8,68496;;;-14,56132699
8,68546;;;-2,658745085
8,68596;;;12,29578089
8,68646;;;29,99705654
8,68696;;;45,86716574
8,68746;;;55,93858119
8,68796;;;62,34766376
8,68846;;;67,84116309
8,68896;;;70,28271836
8,68945;;;66,92557987
8,68995;;;62,04246935
8,69045;;;60,51649731
8,69095;;;59,29571968
8,69145;;;54,10741475
8,69195;;;46,78274896
8,69245;;;42,51002725
8,69295;;;39,76327759
8,69345;;;35,49055588
8,69395;;;31,82822299
8,69445;;;31,21783417
8,69495;;;28,16589009
8,69545;;;15,95811378
8,69595;;;-1,132773046
8,69645;;;-15,1717158
8,69695;;;-25,54832566
8,69745;;;-37,45090756
8,69795;;;-47,21712861
8,69845;;;-48,13271183
8,69895;;;-42,9444069
8,69945;;;-40,80804605
8,69995;;;-40,19765723
8,70045;;;-34,70415789
8,70095;;;-25,85352007
8,70145;;;-21,27560395
8,70195;;;-19,1392431
8,70245;;;-10,89899409
8,70295;;;0,6983933997
8,70345;;;4,360726292
8,70395;;;1,308782215
8,70445;;;6,497087146
8,70495;;;24,5035572
8,70545;;;42,20483285
8,70595;;;49,52949863
8,70645;;;53,49702593
8,70695;;;63,26324698
8,70745;;;76,38660651
8,70795;;;83,71127229
8,70845;;;84,62685552
8,70895;;;83,71127229
8,70945;;;82,18530026
8,70995;;;78,21777296
8,71045;;;72,72427362
8,71095;;;67,53596869
8,71145;;;62,34766376
8,71195;;;55,93858119
8,71245;;;49,52949863
8,71295;;;43,42561048
8,71345;;;37,62691673
8,71395;;;33,04900062
8,71445;;;29,69186213
8,71495;;;23,58797398
8,71545;;;9,854225631
8,71595;;;-7,847050016
8,71645;;;-24,32754803
8,71695;;;-36,53532434
8,71745;;;-47,52232302
8,71795;;;-56,37296084
8,71845;;;-60,34048814
8,71895;;;-59,11971051
8,71945;;;-57,28854406
8,71995;;;-56,06776643
8,72045;;;-53,62621117
8,72095;;;-49,35348946
8,72145;;;-45,69115657
8,72195;;;-41,41843486
8,72245;;;-34,70415789
8,72295;;;-27,98988092
8,72345;;;-24,93793685
8,72395;;;-24,63274244
8,72445;;;-21,58079836
8,72495;;;-13,95093817
8,72545;;;-3,2691339
8,72595;;;10,15942004
8,72645;;;26,33472365
8,72695;;;40,3736664
8,72745;;;49,22430422
8,72795;;;55,32819238
8,72845;;;60,2113029
8,72895;;;61,73727494
8,72945;;;58,38013646
8,72995;;;54,10741475
8,73045;;;53,19183152
8,73095;;;51,66585949
8,73145;;;45,56197133
8,73195;;;37,32172232
8,73245;;;32,4386118
8,73295;;;29,08147332
8,73345;;;24,19836279
8,73395;;;20,23083549
8,73445;;;19,62044668
8,73495;;;15,65291938
8,73545;;;2,224365438
8,73595;;;-15,1717158
8,73645;;;-28,90546415
8,73695;;;-38,9768796
8,73745;;;-49,96387828
8,73795;;;-59,11971051
8,73845;;;-60,03529373
8,73895;;;-55,45737762
8,73945;;;-53,93140558
8,73995;;;-55,45737762
8,74045;;;-53,32101676
8,74095;;;-47,21712861
8,74145;;;-42,33401809
8,74195;;;-39,58726842
8,74245;;;-33,48338026
8,74295;;;-24,32754803
8,74345;;;-19,44443751
8,74395;;;-20,05482632
8,74445;;;-19,44443751
8,74495;;;-13,34054935
8,74544;;;-2,353550677
8,74594;;;11,07500326
8,74644;;;26,02952924
8,74694;;;40,06847199
8,74744;;;48,61391541
8,74794;;;53,49702593
8,74844;;;56,85416442
8,74894;;;57,76974764
8,74944;;;54,71780356
8,74994;;;49,83469304
8,75044;;;47,39313778
8,75094;;;45,56197133
8,75144;;;40,3736664
8,75194;;;33,04900062
8,75244;;;28,4710845
8,75294;;;25,41914042
8,75344;;;21,14641872
8,75394;;;16,5685026
8,75444;;;14,73733615
8,75494;;;10,76980885
8,75544;;;-0,5223842311
8,75594;;;-17,91846547
8,75644;;;-31,95740822
8,75694;;;-41,41843486
8,75744;;;-50,57426709
8,75794;;;-59,42490492
8,75844;;;-62,47684899
8,75894;;;-59,11971051
8,75944;;;-55,45737762
8,75994;;;-54,8469888
8,76044;;;-53,32101676
8,76094;;;-47,52232302
8,76144;;;-41,72362927
8,76194;;;-37,45090756
8,76244;;;-32,56779704
8,76294;;;-25,54832566
8,76344;;;-20,36002073
8,76394;;;-20,05482632
8,76444;;;-20,36002073
8,76494;;;-14,56132699
8,76544;;;-3,574328308
8,76594;;;8,328253592
8,76644;;;20,84122431
8,76694;;;33,96458384
8,76744;;;45,56197133
8,76794;;;49,83469304
8,76844;;;48,308721
8,76894;;;48,308721
8,76944;;;54,41260916
8,76994;;;58,99052527
8,77044;;;52,58144271
8,77094;;;36,10094469
8,77144;;;21,14641872
8,77194;;;15,34772497
8,77244;;;13,82175293
8,77294;;;8,328253592
8,77344;;;0,393198992
8,77394;;;-2,658745085
8,77444;;;-2,353550677
8,77494;;;-6,321077977
8,77544;;;-19,44443751
8,77594;;;-35,61974112
8,77644;;;-49,04829506
8,77694;;;-59,73009933
8,77744;;;-69,19112596
8,77794;;;-75,60020853
8,77844;;;-76,51579175
8,77894;;;-74,37943089
8,77944;;;-73,15865326
8,77994;;;-71,63268123
8,78044;;;-67,35995952
8,78094;;;-61,86646018
8,78144;;;-56,67815525
8,78194;;;-51,48985032
8,78244;;;-44,47037894
8,78294;;;-37,75610197
8,78344;;;-34,39896349
8,78394;;;-32,87299145
8,78444;;;-29,21065856
8,78494;;;-21,88599277
8,78544;;;-11,50938291
8,78594;;;2,224365438
8,78644;;;18,39966905
8,78694;;;31,82822299
8,78744;;;40,98405522
8,78794;;;47,08794337
8,78844;;;51,66585949
8,78894;;;52,58144271
8,78944;;;49,83469304
8,78994;;;48,00352659
8,79044;;;48,61391541
8,79094;;;47,39313778
8,79144;;;41,59444403
8,79194;;;35,18536147
8,79244;;;32,4386118
8,79294;;;29,99705654
8,79344;;;25,11394602
8,79394;;;21,75680753
8,79444;;;21,75680753
8,79494;;;19,01005786
8,79544;;;8,023059185
8,79594;;;-7,236661201
8,79644;;;-19,1392431
8,79694;;;-27,68468652
8,79744;;;-36,53532434
8,79794;;;-43,85999012
8,79844;;;-45,38596216
8,79894;;;-42,63921249
8,79944;;;-41,11324046
8,79994;;;-40,50285164
8,80044;;;-36,84051875
8,80094;;;-30,73663059
8,80144;;;-26,76910329
8,80193;;;-23,41196481
8,80243;;;-17,00288225
8,80293;;;-9,678216462
8,80343;;;-6,626272385
8,80393;;;-7,236661201
8,80443;;;-5,405494754
8,80493;;;0,6983933997
8,80543;;;9,549031223
8,80593;;;20,5360299
8,80643;;;34,57497265
8,80693;;;48,61391541
8,80743;;;56,2437756
8,80793;;;59,29571968
8,80843;;;62,04246935
8,80893;;;63,87363579
8,80943;;;60,82169172
8,80993;;;55,63338679
8,81043;;;53,49702593
8,81093;;;52,88663712
8,81143;;;47,08794337
8,81193;;;38,23730555
8,81243;;;33,35419502
8,81293;;;33,04900062
8,81343;;;30,30225095
8,81393;;;23,58797398
8,81443;;;20,23083549
8,81493;;;21,14641872
8,81543;;;17,78928023
8,81593;;;4,971115108
8,81643;;;-9,373022054
8,81693;;;-20,05482632
8,81743;;;-28,90546415
8,81793;;;-39,28207401
8,81843;;;-47,21712861
8,81893;;;-48,43790624
8,81943;;;-46,30154539
8,81993;;;-45,38596216
8,82043;;;-44,47037894
8,82093;;;-40,80804605
8,82143;;;-35,92493552
8,82193;;;-31,34701941
8,82243;;;-25,54832566
8,82293;;;-17,61327106
8,82343;;;-11,2041885
8,82393;;;-8,762633239
8,82443;;;-7,236661201
8,82493;;;-3,879522716
8,82543;;;1,613976623
8,82593;;;10,46461445
8,82643;;;23,28277957
8,82693;;;37,93211114
8,82743;;;49,22430422
8,82793;;;56,54897001
8,82843;;;62,95805257
8,82893;;;66,92557987
8,82943;;;65,39960783
8,82993;;;62,04246935
8,83043;;;61,73727494
8,83093;;;62,04246935
8,83143;;;55,93858119
8,83193;;;48,00352659
8,83243;;;49,52949863
8,83293;;;57,46455323
8,83343;;;54,71780356
8,83393;;;37,62691673
8,83443;;;22,67239075
8,83493;;;21,14641872
8,83543;;;21,45161312
8,83593;;;10,15942004
8,83643;;;-7,541855608
8,83693;;;-20,66521514
8,83743;;;-30,12624178
8,83793;;;-40,80804605
8,83843;;;-49,96387828
8,83893;;;-51,79504472
8,83943;;;-50,26907269
8,83993;;;-51,48985032
8,84043;;;-53,01582236
8,84093;;;-49,65868387
8,84143;;;-43,85999012
8,84193;;;-40,80804605
8,84243;;;-38,06129638
8,84293;;;-31,65221382
8,84343;;;-24,63274244
8,84393;;;-22,80157599
8,84443;;;-23,71715922
8,84493;;;-21,27560395
8,84543;;;-14,56132699
8,84593;;;-5,405494754
8,84643;;;6,191892738
8,84693;;;20,23083549
8,84743;;;33,04900062
8,84793;;;40,98405522
8,84843;;;46,17236015
8,84893;;;50,75027626
8,84943;;;52,58144271
8,84993;;;50,44508186
8,85043;;;48,00352659
8,85093;;;47,39313778
8,85143;;;45,56197133
8,85193;;;40,3736664
8,85243;;;34,88016706
8,85293;;;31,21783417
8,85343;;;27,55550128
8,85393;;;23,28277957
8,85443;;;21,75680753
8,85493;;;22,06200194
8,85543;;;17,78928023
8,85593;;;5,886698331
8,85643;;;-7,847050016
8,85693;;;-18,83404869
8,85743;;;-28,60026974
8,85792;;;-38,67168519
8,85842;;;-45,69115657
8,85892;;;-46,9119342
8,85942;;;-45,69115657
8,85992;;;-45,99635098
8,86042;;;-45,69115657
8,86092;;;-42,02882368
8,86142;;;-38,36649079
8,86192;;;-36,23012993
8,86242;;;-32,87299145
8,86292;;;-25,85352007
8,86342;;;-19,74963192
8,86392;;;-17,91846547
8,86442;;;-17,61327106
8,86492;;;-15,1717158
8,86542;;;-10,59379969
8,86592;;;-2,963939493
8,86642;;;8,633448
8,86692;;;23,89316839
8,86742;;;36,10094469
8,86792;;;42,51002725
8,86842;;;47,08794337
8,86892;;;50,75027626
8,86942;;;50,75027626
8,86992;;;46,78274896
8,87042;;;43,42561048
8,87092;;;42,51002725
8,87142;;;39,45808318
8,87192;;;31,82822299
8,87242;;;24,5035572
8,87292;;;20,23083549
8,87342;;;15,65291938
8,87392;;;8,633448
8,87442;;;4,360726292
8,87492;;;4,055531884
8,87542;;;0,08800458433
8,87592;;;-13,34054935
8,87642;;;-30,12624178
8,87692;;;-42,9444069
8,87742;;;-53,01582236
8,87792;;;-63,69762663
8,87842;;;-72,24307004
8,87892;;;-74,07423649
8,87942;;;-72,85345886
8,87992;;;-74,07423649
8,88042;;;-75,60020853
8,88092;;;-73,76904208
8,88142;;;-70,41190359
8,88192;;;-69,19112596
8,88242;;;-67,97034833
8,88292;;;-62,7820434
8,88342;;;-57,28854406
8,88392;;;-56,06776643
8,88442;;;-57,59373847
8,88492;;;-56,37296084
8,88542;;;-50,8794615
8,88592;;;-42,02882368
8,88642;;;-30,12624178
8,88692;;;-16,39249343
8,88742;;;-4,795105939
8,88792;;;2,224365438
8,88842;;;7,412670369
8,88892;;;11,68539208
8,88942;;;11,99058648
8,88992;;;9,243836815
8,89042;;;7,107475961
8,89092;;;7,412670369
8,89142;;;5,276309515
8,89192;;;-0,5223842311
8,89242;;;-5,710689162
8,89292;;;-7,541855608
8,89342;;;-9,678216462
8,89392;;;-13,34054935
8,89442;;;-14,56132699
8,89492;;;-13,03535495
8,89542;;;-15,78210462
8,89592;;;-25,54832566
8,89642;;;-37,45090756
8,89692;;;-47,21712861
8,89742;;;-56,67815525
8,89792;;;-65,83398748
8,89842;;;-70,41190359
8,89892;;;-69,80151478
8,89942;;;-67,97034833
8,89992;;;-66,7495707
8,90042;;;-62,7820434
8,90092;;;-56,98334966
8,90142;;;-54,23659999
8,90192;;;-50,8794615
8,90242;;;-38,06129638
8,90292;;;-20,05482632
8,90342;;;-12,73016054
8,90392;;;-20,36002073
8,90442;;;-28,29507533
8,90492;;;-24,63274244
8,90542;;;-14,25613258
8,90592;;;-4,795105939
8,90642;;;6,191892738
8,90692;;;22,06200194
8,90742;;;36,10094469
8,90792;;;43,42561048
8,90842;;;48,00352659
8,90892;;;55,02299797
8,90942;;;59,29571968
8,90992;;;57,15935882
8,91042;;;53,80222034
8,91092;;;54,71780356
8,91142;;;55,32819238
8,91192;;;50,75027626
8,91242;;;44,95158252
8,91292;;;42,81522166
8,91342;;;42,20483285
8,91392;;;38,23730555
8,91441;;;34,57497265
8,91491;;;34,26977825
8,91541;;;31,82822299
8,91591;;;21,45161312
8,91641;;;7,107475961
8,91691;;;-3,879522716
8,91741;;;-12,73016054
8,91791;;;-21,88599277
8,91841;;;-28,60026974
8,91891;;;-29,51585296
8,91941;;;-27,68468652
8,91991;;;-27,0742977
8,92041;;;-26,76910329
8,92091;;;-22,80157599
8,92141;;;-16,69768784
8,92191;;;-12,42496613
8,92241;;;-7,847050016
8,92291;;;-0,8275786388
8,92341;;;6,497087146
8,92391;;;10,46461445
8,92441;;;11,07500326
8,92491;;;12,90616971
8,92541;;;19,01005786
8,92591;;;29,08147332
8,92641;;;42,51002725
8,92691;;;57,15935882
8,92741;;;69,36713513
8,92791;;;77,91257855
8,92841;;;84,93204993
8,92891;;;90,42554926
8,92941;;;91,34113249
8,92991;;;87,67879959
8,93041;;;84,62685552
8,93091;;;84,0164667
8,93141;;;81,88010585
8,93191;;;75,77621769
8,93241;;;69,06194072
8,93291;;;65,09441342
8,93341;;;61,73727494
8,93391;;;57,46455323
8,93441;;;54,71780356
8,93491;;;53,49702593
8,93541;;;48,91910982
8,93591;;;37,93211114
8,93641;;;23,58797398
8,93691;;;10,76980885
8,93741;;;-0,5223842311
8,93791;;;-11,81457732
8,93841;;;-19,44443751
8,93891;;;-21,27560395
8,93941;;;-20,66521514
8,93991;;;-20,66521514
8,94041;;;-20,36002073
8,94091;;;-17,61327106
8,94141;;;-13,95093817
8,94191;;;-11,2041885
8,94241;;;-7,236661201
8,94291;;;-0,5223842311
8,94341;;;5,276309515
8,94391;;;7,107475961
8,94441;;;6,191892738
8,94491;;;7,717864777
8,94541;;;13,51655852
8,94591;;;22,67239075
8,94641;;;34,88016706
8,94691;;;48,91910982
8,94741;;;61,43208053
8,94791;;;70,28271836
8,94841;;;75,77621769
8,94891;;;79,43855059
8,94941;;;79,13335618
8,94991;;;75,77621769
8,95041;;;73,02946802
8,95091;;;72,41907921
8,95141;;;69,36713513
8,95191;;;61,43208053
8,95241;;;53,19183152
8,95291;;;49,22430422
8,95341;;;46,78274896
8,95391;;;42,20483285
8,95441;;;38,23730555
8,95491;;;36,10094469
8,95541;;;31,21783417
8,95591;;;18,09447464
8,95641;;;0,6983933997
8,95691;;;-12,42496613
8,95741;;;-22,49638159
8,95791;;;-33,48338026
8,95841;;;-44,16518453
8,95891;;;-47,52232302
8,95941;;;-45,08076776
8,95991;;;-46,30154539
8,96041;;;-51,79504472
8,96091;;;-51,18465591
8,96141;;;-39,28207401
8,96191;;;-25,54832566
8,96241;;;-23,1067704
8,96291;;;-30,43143619
8,96341;;;-35,61974112
8,96391;;;-33,78857467
8,96441;;;-30,43143619
8,96491;;;-29,51585296
8,96541;;;-27,37949211
8,96591;;;-18,22365988
8,96641;;;-3,574328308
8,96691;;;8,938642408
8,96741;;;17,17889142
8,96791;;;22,97758516
8,96841;;;28,77627891
8,96891;;;31,82822299
8,96941;;;29,69186213
8,96991;;;24,80875161
8,97040;;;21,45161312
8,97090;;;18,70486345
8,97140;;;12,6009753
8,97190;;;3,445143069
8,97240;;;-4,184717123
8,97290;;;-9,98341087
8,97340;;;-16,39249343
8,97390;;;-24,02235362
8,97440;;;-28,90546415
8,97490;;;-31,95740822
8,97540;;;-39,28207401
8,97590;;;-54,23659999
8,97640;;;-71,63268123
8,97690;;;-85,97681839
8,97740;;;-97,87940029
8,97790;;;-109,4767878
8,97840;;;-118,3274256
8,97890;;;-121,6845641
8,97940;;;-122,2949529
8,97990;;;-122,9053417
8,98040;;;-122,6001473
8,98090;;;-119,5482032
8,98140;;;-116,1910647
8,98190;;;-113,7495095
8,98240;;;-109,4767878
8,98290;;;-102,7625108
8,98340;;;-96,65862266
8,98390;;;-94,5222618
8,98440;;;-94,2170674
8,98490;;;-91,16512332
8,98540;;;-84,75604076
8,98590;;;-74,6846253
8,98640;;;-60,34048814
8,98690;;;-42,9444069
8,98740;;;-28,29507533
8,98790;;;-19,1392431
8,98840;;;-13,34054935
8,98890;;;-8,152244424
8,98940;;;-5,100300347
8,98990;;;-5,405494754
8,99040;;;-6,626272385
8,99090;;;-7,236661201
8,99140;;;-9,98341087
8,99190;;;-15,1717158
8,99240;;;-19,1392431
8,99290;;;-20,36002073
8,99340;;;-21,88599277
8,99390;;;-24,63274244
8,99440;;;-25,24313125
8,99490;;;-24,02235362
8,99540;;;-27,0742977
8,99590;;;-37,45090756
8,99640;;;-50,8794615
8,99690;;;-61,86646018
8,99740;;;-70,41190359
8,99790;;;-78,6521526
8,99840;;;-82,92487431
8,99890;;;-81,70409668
8,99940;;;-78,04176379
8,99990;;;-75,29501412
9,00040;;;-72,24307004
9,00090;;;-65,83398748
9,00140;;;-58,20412729
9,00190;;;-50,8794615
9,00240;;;-42,33401809
9,00290;;;-31,95740822
9,00340;;;-23,41196481
9,00390;;;-18,83404869
9,00440;;;-16,08729902
9,00490;;;-10,28860528
9,00540;;;-0,2171898234
9,00590;;;13,21136412
9,00640;;;29,99705654
9,00690;;;48,00352659
9,00740;;;62,65285816
9,00790;;;73,33466243
9,00840;;;82,18530026
9,00890;;;89,81516045
9,00940;;;92,25671571
9,00990;;;90,73074367
9,01040;;;90,42554926
9,01090;;;91,9515213
9,01140;;;91,34113249
9,01190;;;85,84763315
9,01240;;;80,96452263
9,01290;;;79,74374499
9,01340;;;78,82816177
9,01390;;;75,47102329
9,01440;;;73,63985684
9,01490;;;75,16582888
9,01540;;;72,41907921
9,01590;;;60,82169172
9,01640;;;45,25677692
9,01690;;;33,04900062
9,01740;;;23,58797398
9,01790;;;13,51655852
9,01840;;;6,191892738
9,01890;;;6,191892738
9,01940;;;10,46461445
9,01990;;;12,29578089
9,02040;;;13,21136412
9,02090;;;18,70486345
9,02140;;;27,55550128
9,02190;;;33,65938943
9,02240;;;38,23730555
9,02290;;;47,08794337
9,02340;;;57,76974764
9,02390;;;62,65285816
9,02440;;;60,51649731
9,02490;;;63,87363579
9,02540;;;80,35413381
9,02590;;;102,3281312
9,02640;;;116,6722683
9,02689;;;121,5553788
9,02739;;;126,7436838
9,02789;;;137,7306825
9,02839;;;149,6332644
9,02889;;;154,5163749
9,02939;;;152,380014
9,02989;;;149,6332644
9,03039;;;149,32807
9,03089;;;148,1072923
9,03139;;;142,3085986
9,03189;;;134,373544
9,03239;;;129,185239
9,03289;;;125,8281006
9,03339;;;120,3346012
9,03389;;;114,5359075
9,03439;;;111,7891578
9,03489;;;110,5683802
9,03539;;;103,2437144
9,03589;;;87,06841078
9,03639;;;68,45155191
9,03689;;;53,19183152
9,03739;;;40,06847199
9,03789;;;26,63991805
9,03839;;;16,26330819
9,03889;;;11,68539208
9,03939;;;9,854225631
9,03989;;;7,717864777
9,04039;;;5,886698331
9,04089;;;6,802281554
9,04139;;;9,243836815
9,04189;;;11,07500326
9,04239;;;13,51655852
9,04289;;;17,78928023
9,04339;;;21,14641872
9,04389;;;20,84122431
9,04439;;;18,70486345
9,04489;;;17,78928023
9,04539;;;20,84122431
9,04589;;;29,08147332
9,04639;;;41,59444403
9,04689;;;55,63338679
9,04739;;;65,39960783
9,04789;;;70,28271836
9,04839;;;73,94505125
9,04889;;;75,16582888
9,04939;;;71,50349599
9,04989;;;63,87363579
9,05039;;;58,07494205
9,05089;;;54,41260916
9,05139;;;47,08794337
9,05189;;;35,49055588
9,05239;;;25,11394602
9,05289;;;18,39966905
9,05339;;;11,07500326
9,05389;;;1,308782215
9,05439;;;-4,795105939
9,05489;;;-8,457438831
9,05539;;;-17,61327106
9,05589;;;-36,53532434
9,05639;;;-57,59373847
9,05689;;;-74,07423649
9,05739;;;-88,41837365
9,05789;;;-104,2884828
9,05839;;;-116,4962592
9,05889;;;-120,7689809
9,05939;;;-121,9897585
9,05989;;;-125,346897
9,06039;;;-129,0092299
9,06089;;;-127,7884522
9,06139;;;-124,4313138
9,06189;;;-122,6001473
9,06239;;;-119,8533976
9,06289;;;-113,4443151
9,06339;;;-107,3404269
9,06389;;;-107,0352325
9,06439;;;-110,0871766
9,06489;;;-109,4767878
9,06539;;;-103,0677052
9,06589;;;-93,30148417
9,06639;;;-81,70409668
9,06689;;;-67,97034833
9,06739;;;-55,45737762
9,06789;;;-46,30154539
9,06839;;;-40,80804605
9,06889;;;-38,06129638
9,06939;;;-38,36649079
9,06989;;;-40,80804605
9,07039;;;-43,24960131
9,07089;;;-45,69115657
9,07139;;;-51,18465591
9,07189;;;-59,11971051
9,07239;;;-65,52879307
9,07289;;;-68,88593156
9,07339;;;-72,54826445
9,07389;;;-77,73656938
9,07439;;;-80,78851346
9,07489;;;-82,00929109
9,07539;;;-87,50279043
9,07589;;;-101,2365388
9,07639;;;-117,7170368
9,07689;;;-131,1455907
9,07739;;;-141,827395
9,07789;;;-151,593616
9,07839;;;-158,9182818
9,07889;;;-160,4442539
9,07939;;;-158,0026986
9,07989;;;-155,5611433
9,08039;;;-152,8143937
9,08089;;;-147,3208943
9,08139;;;-139,6910341
9,08189;;;-132,6715628
9,08239;;;-125,346897
9,08288;;;-115,8858703
9,08338;;;-106,7300381
9,08388;;;-100,62615
9,08438;;;-96,65862266
9,08488;;;-90,5547345
9,08538;;;-79,56773583
9,08588;;;-64,91840426
9,08638;;;-46,9119342
9,08688;;;-26,76910329
9,08738;;;-8,762633239
9,08788;;;2,834754254
9,08838;;;9,243836815
9,08888;;;16,87369701
9,08938;;;28,4710845
9,08988;;;37,62691673
9,09038;;;36,4061391
9,09088;;;25,72433483
9,09138;;;15,34772497
9,09188;;;12,29578089
9,09238;;;12,90616971
9,09288;;;10,76980885
9,09338;;;5,581503923
9,09388;;;3,445143069
9,09438;;;6,497087146
9,09488;;;8,023059185
9,09538;;;2,529559846
9,09588;;;-9,678216462
9,09638;;;-23,1067704
9,09688;;;-35,61974112
9,09738;;;-47,52232302
9,09788;;;-56,98334966
9,09838;;;-60,95087696
9,09888;;;-60,03529373
9,09938;;;-58,20412729
9,09988;;;-55,76257203
9,10038;;;-50,8794615
9,10088;;;-42,9444069
9,10138;;;-35,0093523
9,10188;;;-27,98988092
9,10238;;;-19,74963192
9,10288;;;-9,98341087
9,10338;;;-1,743161862
9,10388;;;3,750337477
9,10438;;;8,633448
9,10488;;;14,43214175
9,10538;;;23,89316839
9,10588;;;38,54249995
9,10638;;;57,76974764
9,10688;;;76,99699533
9,10738;;;91,34113249
9,10788;;;102,0229368
9,10838;;;111,7891578
9,10888;;;118,8086292
9,10938;;;120,3346012
9,10988;;;118,8086292
9,11038;;;117,5878515
9,11088;;;116,6722683
9,11138;;;111,7891578
9,11188;;;104,464492
9,11238;;;99,5813815
9,11288;;;96,83463183
9,11338;;;91,9515213
9,11388;;;86,15282756
9,11438;;;83,71127229
9,11488;;;83,10088348
9,11538;;;76,69180092
9,11588;;;61,73727494
9,11638;;;45,25677692
9,11688;;;31,21783417
9,11738;;;18,39966905
9,11788;;;6,191892738
9,11838;;;-1,743161862
9,11888;;;-4,489911531
9,11938;;;-5,405494754
9,11988;;;-6,01588357
9,12038;;;-4,489911531
9,12088;;;0,08800458433
9,12138;;;5,276309515
9,12188;;;9,549031223
9,12238;;;15,04253056
9,12288;;;22,67239075
9,12338;;;28,16589009
9,12388;;;29,69186213
9,12438;;;30,30225095
9,12488;;;33,04900062
9,12538;;;40,3736664
9,12588;;;52,58144271
9,12638;;;68,45155191
9,12688;;;84,32166111
9,12738;;;96,22424301
9,12788;;;104,7696864
9,12838;;;111,4839634
9,12888;;;115,1462963
9,12938;;;113,6203242
9,12988;;;109,3476025
9,13038;;;106,2956585
9,13088;;;102,93852
9,13138;;;95,61385419
9,13188;;;85,84763315
9,13238;;;78,21777296
9,13288;;;71,80869039
9,13338;;;64,1788302
9,13388;;;56,2437756
9,13438;;;52,2762483
9,13488;;;48,91910982
9,13538;;;39,15288877
9,13588;;;21,45161312
9,13638;;;2,529559846
9,13688;;;-13,34054935
9,13738;;;-28,60026974
9,13788;;;-43,24960131
9,13838;;;-52,40543354
9,13888;;;-54,8469888
9,13937;;;-55,76257203
9,13987;;;-58,20412729
9,14037;;;-58,20412729
9,14087;;;-54,54179439
9,14137;;;-49,96387828
9,14187;;;-47,21712861
9,14237;;;-43,24960131
9,14287;;;-37,14571316
9,14337;;;-31,95740822
9,14387;;;-30,12624178
9,14437;;;-29,21065856
9,14487;;;-26,15871448
9,14537;;;-20,05482632
9,14587;;;-9,067827647
9,14637;;;7,107475961
9,14687;;;24,80875161
9,14737;;;36,71133351
9,14787;;;42,81522166
9,14837;;;49,22430422
9,14887;;;55,93858119
9,14937;;;57,46455323
9,14987;;;51,97105389
9,15037;;;47,08794337
9,15087;;;46,78274896
9,15137;;;43,12041607
9,15187;;;32,4386118
9,15237;;;22,67239075
9,15287;;;22,97758516
9,15337;;;27,86069569
9,15387;;;25,11394602
9,15437;;;12,90616971
9,15487;;;0,08800458433
9,15537;;;-10,89899409
9,15587;;;-22,80157599
9,15637;;;-38,36649079
9,15687;;;-55,15218321
9,15737;;;-69,49632037
9,15787;;;-79,87293023
9,15837;;;-85,97681839
9,15887;;;-88,41837365
9,15937;;;-89,02876246
9,15987;;;-89,33395687
9,16037;;;-87,80798483
9,16087;;;-83,84045753
9,16137;;;-78,04176379
9,16187;;;-71,93787563
9,16237;;;-65,22359866
9,16287;;;-57,89893288
9,16337;;;-52,40543354
9,16387;;;-49,35348946
9,16437;;;-46,9119342
9,16487;;;-42,63921249
9,16537;;;-35,0093523
9,16587;;;-22,19118718
9,16637;;;-3,879522716
9,16687;;;14,73733615
9,16737;;;29,38666772
9,16787;;;38,84769436
9,16837;;;46,17236015
9,16887;;;51,66585949
9,16937;;;52,2762483
9,16987;;;49,83469304
9,17037;;;47,39313778
9,17087;;;45,86716574
9,17137;;;41,89963844
9,17187;;;35,49055588
9,17237;;;29,38666772
9,17287;;;25,11394602
9,17337;;;20,5360299
9,17387;;;16,5685026
9,17437;;;15,34772497
9,17487;;;14,12694734
9,17537;;;6,497087146
9,17587;;;-8,152244424
9,17637;;;-24,63274244
9,17687;;;-38,36649079
9,17737;;;-50,26907269
9,17787;;;-61,86646018
9,17837;;;-69,80151478
9,17887;;;-72,24307004
9,17937;;;-71,63268123
9,17987;;;-70,10670919
9,18037;;;-66,7495707
9,18087;;;-61,56126577
9,18137;;;-56,06776643
9,18187;;;-49,96387828
9,18237;;;-42,33401809
9,18287;;;-34,39896349
9,18337;;;-27,98988092
9,18387;;;-24,63274244
9,18437;;;-21,58079836
9,18487;;;-17,00288225
9,18537;;;-8,762633239
9,18587;;;4,6659207
9,18637;;;22,97758516
9,18687;;;40,67886081
9,18737;;;54,10741475
9,18787;;;64,48402461
9,18837;;;73,94505125
9,18887;;;79,74374499
9,18937;;;79,13335618
9,18987;;;76,0814121
9,19037;;;75,16582888
9,19087;;;73,94505125
9,19137;;;67,84116309
9,19187;;;59,60091409
9,19237;;;54,41260916
9,19287;;;51,36066508
9,19337;;;45,86716574
9,19387;;;40,06847199
9,19437;;;37,93211114
9,19487;;;37,01652792
9,19536;;;28,77627891
9,19586;;;11,99058648
9,19636;;;-4,795105939
9,19686;;;-18,83404869
9,19736;;;-31,95740822
9,19786;;;-44,16518453
9,19836;;;-51,48985032
9,19886;;;-53,32101676
9,19936;;;-53,62621117
9,19986;;;-54,23659999
9,20036;;;-52,10023913
9,20086;;;-46,30154539
9,20136;;;-41,11324046
9,20186;;;-36,84051875
9,20236;;;-30,43143619
9,20286;;;-21,88599277
9,20336;;;-16,08729902
9,20386;;;-14,25613258
9,20436;;;-11,50938291
9,20486;;;-4,795105939
9,20536;;;4,055531884
9,20586;;;15,34772497
9,20636;;;30,91263976
9,20686;;;48,308721
9,20736;;;62,04246935
9,20786;;;70,28271836
9,20836;;;77,30218973
9,20886;;;83,10088348
9,20936;;;83,40607789
9,20986;;;78,82816177
9,21036;;;74,86063447
9,21086;;;73,02946802
9,21136;;;68,45155191
9,21186;;;59,90610849
9,21236;;;52,58144271
9,21286;;;48,61391541
9,21336;;;43,12041607
9,21386;;;35,79575029
9,21436;;;31,82822299
9,21486;;;30,91263976
9,21536;;;23,28277957
9,21586;;;5,581503923
9,21636;;;-12,73016054
9,21686;;;-25,54832566
9,21736;;;-36,84051875
9,21786;;;-51,48985032
9,21836;;;-61,86646018
9,21886;;;-57,89893288
9,21936;;;-46,60673979
9,21986;;;-43,24960131
9,22036;;;-51,18465591
9,22086;;;-59,11971051
9,22136;;;-57,28854406
9,22186;;;-48,74310065
9,22236;;;-41,41843486
9,22286;;;-36,53532434
9,22336;;;-32,26260263
9,22386;;;-27,98988092
9,22436;;;-25,24313125
9,22486;;;-22,49638159
9,22536;;;-15,78210462
9,22586;;;-2,658745085
9,22636;;;14,12694734
9,22686;;;29,99705654
9,22736;;;41,89963844
9,22786;;;50,75027626
9,22836;;;58,07494205
9,22886;;;62,65285816
9,22936;;;63,26324698
9,22986;;;61,43208053
9,23036;;;59,60091409
9,23086;;;56,85416442
9,23136;;;50,75027626
9,23186;;;43,12041607
9,23236;;;37,62691673
9,23286;;;33,04900062
9,23336;;;27,25030687
9,23386;;;22,06200194
9,23436;;;19,92564108
9,23486;;;17,78928023
9,23536;;;8,328253592
9,23586;;;-7,847050016
9,23636;;;-25,24313125
9,23686;;;-39,58726842
9,23736;;;-52,40543354
9,23786;;;-64,00282103
9,23836;;;-71,63268123
9,23886;;;-74,37943089
9,23936;;;-75,29501412
9,23986;;;-75,29501412
9,24036;;;-72,85345886
9,24086;;;-67,97034833
9,24136;;;-63,39243222
9,24186;;;-58,8145161
9,24236;;;-52,10023913
9,24286;;;-44,47037894
9,24336;;;-39,58726842
9,24386;;;-38,36649079
9,24436;;;-37,45090756
9,24486;;;-34,09376908
9,24536;;;-27,0742977
9,24586;;;-14,56132699
9,24636;;;2,224365438
9,24686;;;18,09447464
9,24736;;;29,08147332
9,24786;;;37,01652792
9,24836;;;45,25677692
9,24886;;;50,44508186
9,24936;;;49,83469304
9,24986;;;46,47755455
9,25036;;;44,95158252
9,25086;;;42,81522166
9,25136;;;36,71133351
9,25185;;;28,77627891
9,25235;;;23,58797398
9,25285;;;20,23083549
9,25335;;;14,73733615
9,25385;;;9,243836815
9,25435;;;7,412670369
9,25485;;;5,276309515
9,25535;;;-4,184717123
9,25585;;;-20,05482632
9,25635;;;-35,61974112
9,25685;;;-48,43790624
9,25735;;;-60,64568255
9,25785;;;-72,24307004
9,25835;;;-78,95734701
9,25885;;;-80,78851346
9,25935;;;-81,09370786
9,25985;;;-81,39890227
9,26035;;;-79,26254142
9,26085;;;-74,37943089
9,26135;;;-69,49632037
9,26185;;;-64,30801544
9,26235;;;-57,28854406
9,26285;;;-48,74310065
9,26335;;;-42,63921249
9,26385;;;-40,50285164
9,26435;;;-38,9768796
9,26485;;;-35,0093523
9,26535;;;-26,15871448
9,26585;;;-12,73016054
9,26635;;;4,055531884
9,26685;;;21,14641872
9,26735;;;34,57497265
9,26785;;;44,95158252
9,26835;;;53,19183152
9,26885;;;58,68533086
9,26935;;;60,51649731
9,26985;;;59,90610849
9,27035;;;58,68533086
9,27085;;;57,15935882
9,27135;;;53,19183152
9,27185;;;47,39313778
9,27235;;;41,28924962
9,27285;;;36,4061391
9,27335;;;32,4386118
9,27385;;;29,08147332
9,27435;;;26,63991805
9,27485;;;23,28277957
9,27535;;;15,34772497
9,27585;;;1,613976623
9,27635;;;-14,56132699
9,27685;;;-29,51585296
9,27735;;;-40,19765723
9,27785;;;-49,04829506
9,27835;;;-58,20412729
9,27885;;;-63,08723781
9,27935;;;-57,59373847
9,27985;;;-45,08076776
9,28035;;;-38,36649079
9,28085;;;-43,24960131
9,28135;;;-49,96387828
9,28185;;;-45,69115657
9,28235;;;-33,48338026
9,28285;;;-24,93793685
9,28335;;;-23,1067704
9,28385;;;-20,66521514
9,28435;;;-14,56132699
9,28485;;;-8,457438831
9,28535;;;-1,743161862
9,28585;;;10,15942004
9,28635;;;28,4710845
9,28685;;;45,25677692
9,28735;;;56,54897001
9,28785;;;66,00999665
9,28835;;;74,86063447
9,28885;;;79,43855059
9,28935;;;77,60738414
9,28985;;;75,77621769
9,29035;;;76,38660651
9,29085;;;74,55544006
9,29135;;;66,92557987
9,29185;;;59,29571968
9,29235;;;56,2437756
9,29285;;;53,80222034
9,29335;;;47,69833219
9,29385;;;41,89963844
9,29435;;;40,98405522
9,29485;;;39,76327759
9,29535;;;30,91263976
9,29585;;;15,95811378
9,29635;;;0,6983933997
9,29685;;;-12,73016054
9,29735;;;-26,46390889
9,29785;;;-37,45090756
9,29835;;;-42,63921249
9,29885;;;-44,16518453
9,29935;;;-46,30154539
9,29985;;;-46,9119342
9,30035;;;-43,55479572
9,30085;;;-39,28207401
9,30135;;;-36,84051875
9,30185;;;-33,48338026
9,30235;;;-25,24313125
9,30285;;;-16,39249343
9,30335;;;-12,73016054
9,30385;;;-13,03535495
9,30435;;;-11,50938291
9,30485;;;-6,626272385
9,30535;;;0,08800458433
9,30585;;;11,07500326
9,30635;;;27,86069569
9,30685;;;44,03599929
9,30735;;;53,80222034
9,30784;;;58,99052527
9,30834;;;64,1788302
9,30884;;;68,45155191
9,30934;;;68,1463575
9,30984;;;65,39960783
9,31034;;;63,56844139
9,31084;;;61,43208053
9,31134;;;54,71780356
9,31184;;;46,78274896
9,31234;;;41,28924962
9,31284;;;37,62691673
9,31334;;;31,21783417
9,31384;;;25,41914042
9,31434;;;23,58797398
9,31484;;;21,75680753
9,31534;;;13,21136412
9,31584;;;-2,04835627
9,31634;;;-17,30807665
9,31684;;;-30,43143619
9,31734;;;-42,9444069
9,31784;;;-54,23659999
9,31834;;;-60,64568255
9,31884;;;-62,7820434
9,31934;;;-64,00282103
9,31984;;;-64,91840426
9,32034;;;-63,08723781
9,32084;;;-58,50932169
9,32134;;;-53,32101676
9,32184;;;-47,82751742
9,32234;;;-41,41843486
9,32284;;;-36,23012993
9,32334;;;-32,87299145
9,32384;;;-31,34701941
9,32434;;;-29,21065856
9,32484;;;-26,15871448
9,32534;;;-20,36002073
9,32584;;;-8,457438831
9,32634;;;7,412670369
9,32684;;;21,45161312
9,32734;;;30,30225095
9,32784;;;37,62691673
9,32834;;;45,25677692
9,32884;;;49,52949863
9,32934;;;48,00352659
9,32984;;;44,95158252
9,33034;;;44,64638811
9,33084;;;43,73080489
9,33134;;;37,01652792
9,33184;;;28,16589009
9,33234;;;22,97758516
9,33284;;;20,23083549
9,33334;;;15,04253056
9,33384;;;9,243836815
9,33434;;;6,802281554
9,33484;;;5,276309515
9,33534;;;-2,658745085
9,33584;;;-17,91846547
9,33634;;;-33,48338026
9,33684;;;-45,08076776
9,33734;;;-55,45737762
9,33784;;;-66,44437629
9,33834;;;-73,46384767
9,33884;;;-74,6846253
9,33934;;;-74,6846253
9,33984;;;-75,90540293
9,34034;;;-75,60020853
9,34084;;;-70,717098
9,34134;;;-65,22359866
9,34184;;;-61,86646018
9,34234;;;-56,98334966
9,34284;;;-47,21712861
9,34334;;;-39,89246282
9,34384;;;-41,41843486
9,34434;;;-45,38596216
9,34484;;;-37,75610197
9,34534;;;-17,00288225
9,34584;;;2,224365438
9,34634;;;8,328253592
9,34684;;;6,191892738
9,34734;;;7,717864777
9,34784;;;18,09447464
9,34834;;;30,91263976
9,34884;;;38,23730555
9,34934;;;39,45808318
9,34984;;;38,84769436
9,35034;;;39,76327759
9,35084;;;40,67886081
9,35134;;;38,23730555
9,35184;;;32,4386118
9,35234;;;26,63991805
9,35284;;;23,58797398
9,35334;;;20,23083549
9,35384;;;15,34772497
9,35434;;;11,99058648
9,35484;;;12,29578089
9,35534;;;10,46461445
9,35584;;;1,919171031
9,35634;;;-11,50938291
9,35684;;;-24,63274244
9,35734;;;-36,23012993
9,35784;;;-47,52232302
9,35834;;;-56,67815525
9,35884;;;-60,34048814
9,35934;;;-60,64568255
9,35984;;;-60,64568255
9,36034;;;-60,34048814
9,36084;;;-56,98334966
9,36134;;;-51,48985032
9,36184;;;-46,30154539
9,36234;;;-41,11324046
9,36284;;;-33,48338026
9,36334;;;-25,54832566
9,36384;;;-20,97040955
9,36433;;;-19,1392431
9,36483;;;-16,69768784
9,36533;;;-12,11977172
9,36583;;;-4,795105939
9,36633;;;7,412670369
9,36683;;;23,89316839
9,36733;;;38,23730555
9,36783;;;47,69833219
9,36833;;;55,02299797
9,36883;;;63,56844139
9,36933;;;69,06194072
9,36983;;;68,75674632
9,37033;;;66,62038546
9,37083;;;66,92557987
9,37133;;;66,31519106
9,37183;;;61,12688612
9,37233;;;54,71780356
9,37283;;;51,66585949
9,37333;;;48,91910982
9,37383;;;44,03599929
9,37433;;;40,3736664
9,37483;;;40,67886081
9,37533;;;39,45808318
9,37583;;;30,30225095
9,37633;;;16,26330819
9,37683;;;4,055531884
9,37733;;;-6,626272385
9,37783;;;-18,83404869
9,37833;;;-29,82104737
9,37883;;;-34,39896349
9,37933;;;-35,0093523
9,37983;;;-36,23012993
9,38033;;;-37,45090756
9,38083;;;-34,70415789
9,38133;;;-28,90546415
9,38183;;;-24,63274244
9,38233;;;-20,97040955
9,38283;;;-15,47691021
9,38333;;;-9,373022054
9,38383;;;-5,710689162
9,38433;;;-3,879522716
9,38483;;;-0,8275786388
9,38533;;;2,834754254
9,38583;;;8,328253592
9,38633;;;18,09447464
9,38683;;;33,04900062
9,38733;;;47,08794337
9,38783;;;55,93858119
9,38833;;;61,73727494
9,38883;;;67,53596869
9,38933;;;70,58791276
9,38983;;;69,67232954
9,39033;;;67,53596869
9,39083;;;66,92557987
9,39133;;;64,48402461
9,39183;;;57,15935882
9,39233;;;48,91910982
9,39283;;;44,03599929
9,39333;;;39,76327759
9,39383;;;33,35419502
9,39433;;;28,4710845
9,39483;;;26,94511246
9,39533;;;24,19836279
9,39583;;;15,04253056
9,39633;;;1,613976623
9,39683;;;-11,50938291
9,39733;;;-24,63274244
9,39783;;;-37,14571316
9,39833;;;-46,60673979
9,39883;;;-51,18465591
9,39933;;;-53,93140558
9,39983;;;-56,67815525
9,40033;;;-56,98334966
9,40083;;;-54,23659999
9,40133;;;-52,10023913
9,40183;;;-50,57426709
9,40233;;;-46,30154539
9,40283;;;-38,36649079
9,40333;;;-33,17818586
9,40383;;;-31,95740822
9,40433;;;-30,43143619
9,40483;;;-27,68468652
9,40533;;;-25,54832566
9,40583;;;-21,88599277
9,40633;;;-10,28860528
9,40683;;;5,581503923
9,40733;;;15,95811378
9,40783;;;22,06200194
9,40833;;;33,96458384
9,40883;;;50,44508186
9,40933;;;55,02299797
9,40983;;;42,51002725
9,41033;;;29,38666772
9,41083;;;29,69186213
9,41133;;;33,35419502
9,41183;;;27,86069569
9,41233;;;17,78928023
9,41283;;;14,43214175
9,41333;;;14,73733615
9,41383;;;10,15942004
9,41433;;;4,055531884
9,41483;;;4,055531884
9,41533;;;5,581503923
9,41583;;;-1,437967454
9,41633;;;-15,78210462
9,41683;;;-27,98988092
9,41733;;;-36,53532434
9,41783;;;-45,99635098
9,41833;;;-55,45737762
9,41883;;;-59,73009933
9,41933;;;-59,11971051
9,41983;;;-59,42490492
9,42032;;;-60,34048814
9,42082;;;-57,89893288
9,42132;;;-53,01582236
9,42182;;;-49,35348946
9,42232;;;-45,38596216
9,42282;;;-38,36649079
9,42332;;;-30,43143619
9,42382;;;-27,0742977
9,42432;;;-27,0742977
9,42482;;;-26,15871448
9,42532;;;-21,88599277
9,42582;;;-15,1717158
9,42632;;;-5,100300347
9,42682;;;8,328253592
9,42732;;;21,14641872
9,42782;;;29,99705654
9,42832;;;36,4061391
9,42882;;;42,51002725
9,42932;;;45,86716574
9,42982;;;44,64638811
9,43032;;;42,81522166
9,43082;;;43,12041607
9,43132;;;41,89963844
9,43182;;;36,4061391
9,43232;;;29,99705654
9,43282;;;26,63991805
9,43332;;;24,19836279
9,43382;;;20,23083549
9,43432;;;17,17889142
9,43482;;;16,87369701
9,43532;;;15,65291938
9,43582;;;8,023059185
9,43632;;;-2,353550677
9,43682;;;-12,73016054
9,43732;;;-22,49638159
9,43782;;;-33,17818586
9,43832;;;-41,41843486
9,43882;;;-44,77557335
9,43932;;;-45,99635098
9,43982;;;-48,13271183
9,44032;;;-48,74310065
9,44082;;;-45,38596216
9,44132;;;-41,11324046
9,44182;;;-38,9768796
9,44232;;;-36,23012993
9,44282;;;-28,90546415
9,44332;;;-21,27560395
9,44382;;;-18,83404869
9,44432;;;-20,05482632
9,44482;;;-18,83404869
9,44532;;;-14,25613258
9,44582;;;-7,541855608
9,44632;;;1,308782215
9,44682;;;13,82175293
9,44732;;;26,33472365
9,44782;;;35,18536147
9,44832;;;41,28924962
9,44882;;;46,78274896
9,44932;;;50,13988745
9,44982;;;49,83469304
9,45032;;;48,91910982
9,45082;;;49,22430422
9,45132;;;47,69833219
9,45182;;;41,89963844
9,45232;;;36,10094469
9,45282;;;33,04900062
9,45332;;;30,60744535
9,45382;;;26,33472365
9,45432;;;22,67239075
9,45482;;;22,36719635
9,45532;;;20,5360299
9,45582;;;12,6009753
9,45632;;;0,393198992
9,45682;;;-11,2041885
9,45732;;;-21,27560395
9,45782;;;-30,73663059
9,45832;;;-38,06129638
9,45882;;;-42,02882368
9,45932;;;-42,9444069
9,45982;;;-43,85999012
9,46032;;;-43,85999012
9,46082;;;-41,72362927
9,46132;;;-38,67168519
9,46182;;;-35,31454671
9,46232;;;-31,34701941
9,46282;;;-25,54832566
9,46332;;;-19,1392431
9,46382;;;-15,47691021
9,46432;;;-14,56132699
9,46482;;;-14,25613258
9,46532;;;-11,81457732
9,46582;;;-5,405494754
9,46632;;;4,6659207
9,46682;;;16,87369701
9,46732;;;28,4710845
9,46782;;;37,93211114
9,46832;;;44,64638811
9,46882;;;48,61391541
9,46932;;;51,05547067
9,46982;;;53,19183152
9,47032;;;54,10741475
9,47082;;;51,66585949
9,47132;;;48,00352659
9,47182;;;48,61391541
9,47232;;;53,19183152
9,47282;;;51,05547067
9,47332;;;37,01652792
9,47382;;;21,75680753
9,47432;;;18,39966905
9,47482;;;22,67239075
9,47532;;;21,45161312
9,47582;;;10,46461445
9,47632;;;-1,437967454
9,47681;;;-9,98341087
9,47731;;;-19,44443751
9,47781;;;-31,041825
9,47831;;;-38,9768796
9,47881;;;-40,50285164
9,47931;;;-41,11324046
9,47981;;;-44,47037894
9,48031;;;-45,69115657
9,48081;;;-42,33401809
9,48131;;;-38,06129638
9,48181;;;-35,92493552
9,48231;;;-32,26260263
9,48281;;;-25,24313125
9,48331;;;-19,74963192
9,48381;;;-18,52885429
9,48431;;;-18,83404869
9,48481;;;-17,00288225
9,48531;;;-13,34054935
9,48581;;;-8,152244424
9,48631;;;1,308782215
9,48681;;;15,04253056
9,48731;;;26,94511246
9,48781;;;34,26977825
9,48831;;;39,45808318
9,48881;;;44,95158252
9,48931;;;47,08794337
9,48981;;;44,95158252
9,49031;;;42,81522166
9,49081;;;43,42561048
9,49131;;;42,81522166
9,49181;;;37,62691673
9,49231;;;31,52302858
9,49281;;;28,77627891
9,49331;;;26,63991805
9,49381;;;22,67239075
9,49431;;;19,62044668
9,49481;;;19,62044668
9,49531;;;17,78928023
9,49581;;;9,854225631
9,49631;;;-2,04835627
9,49681;;;-12,42496613
9,49731;;;-21,27560395
9,49781;;;-30,43143619
9,49831;;;-38,06129638
9,49881;;;-41,11324046
9,49931;;;-41,41843486
9,49981;;;-42,33401809
9,50031;;;-43,55479572
9,50081;;;-42,02882368
9,50131;;;-38,06129638
9,50181;;;-34,09376908
9,50231;;;-29,51585296
9,50281;;;-24,32754803
9,50331;;;-20,36002073
9,50381;;;-18,52885429
9,50431;;;-17,30807665
9,50481;;;-15,1717158
9,50531;;;-11,81457732
9,50581;;;-6,321077977
9,50631;;;2,834754254
9,50681;;;15,65291938
9,50731;;;26,33472365
9,50781;;;33,35419502
9,50831;;;39,45808318
9,50881;;;45,86716574
9,50931;;;48,61391541
9,50981;;;46,47755455
9,51031;;;43,73080489
9,51081;;;43,12041607
9,51131;;;41,59444403
9,51181;;;37,32172232
9,51231;;;32,13341739
9,51281;;;28,77627891
9,51331;;;24,80875161
9,51381;;;20,5360299
9,51431;;;18,39966905
9,51481;;;18,39966905
9,51531;;;15,04253056
9,51581;;;6,191892738
9,51631;;;-4,184717123
9,51681;;;-13,64574376
9,51731;;;-23,41196481
9,51781;;;-33,17818586
9,51831;;;-39,89246282
9,51881;;;-43,24960131
9,51931;;;-45,69115657
9,51981;;;-48,43790624
9,52031;;;-48,74310065
9,52081;;;-45,08076776
9,52131;;;-42,02882368
9,52181;;;-40,19765723
9,52231;;;-36,23012993
9,52281;;;-29,51585296
9,52331;;;-24,63274244
9,52381;;;-23,71715922
9,52431;;;-23,41196481
9,52481;;;-21,58079836
9,52531;;;-18,22365988
9,52581;;;-13,03535495
9,52631;;;-3,2691339
9,52681;;;8,938642408
9,52731;;;18,70486345
9,52781;;;25,41914042
9,52831;;;32,13341739
9,52881;;;38,23730555
9,52931;;;39,76327759
9,52981;;;38,23730555
9,53031;;;39,15288877
9,53081;;;40,3736664
9,53131;;;36,71133351
9,53181;;;30,30225095
9,53231;;;27,25030687
9,53280;;;26,33472365
9,53330;;;21,75680753
9,53380;;;15,65291938
9,53430;;;15,95811378
9,53480;;;18,70486345
9,53530;;;13,21136412
9,53580;;;1,613976623
9,53630;;;-2,353550677
9,53680;;;-0,5223842311
9,53730;;;-7,847050016
9,53780;;;-28,60026974
9,53830;;;-45,99635098
9,53880;;;-48,13271183
9,53930;;;-44,16518453
9,53980;;;-46,30154539
9,54030;;;-50,8794615
9,54080;;;-48,43790624
9,54130;;;-42,63921249
9,54180;;;-39,58726842
9,54230;;;-37,75610197
9,54280;;;-31,95740822
9,54330;;;-24,93793685
9,54380;;;-22,80157599
9,54430;;;-23,41196481
9,54480;;;-21,88599277
9,54530;;;-18,22365988
9,54580;;;-13,34054935
9,54630;;;-4,489911531
9,54680;;;8,328253592
9,54730;;;19,31525227
9,54780;;;25,11394602
9,54830;;;29,38666772
9,54880;;;35,49055588
9,54930;;;40,06847199
9,54980;;;40,06847199
9,55030;;;38,84769436
9,55080;;;40,06847199
9,55130;;;39,76327759
9,55180;;;34,88016706
9,55230;;;29,08147332
9,55280;;;26,02952924
9,55330;;;23,89316839
9,55380;;;20,5360299
9,55430;;;18,39966905
9,55480;;;18,39966905
9,55530;;;16,26330819
9,55580;;;8,023059185
9,55630;;;-2,353550677
9,55680;;;-12,11977172
9,55730;;;-21,27560395
9,55780;;;-30,73663059
9,55830;;;-36,84051875
9,55880;;;-38,06129638
9,55930;;;-38,9768796
9,55980;;;-42,02882368
9,56030;;;-44,16518453
9,56080;;;-42,02882368
9,56130;;;-37,75610197
9,56180;;;-34,70415789
9,56230;;;-31,65221382
9,56280;;;-27,0742977
9,56330;;;-22,80157599
9,56380;;;-20,66521514
9,56430;;;-19,74963192
9,56480;;;-18,52885429
9,56530;;;-16,39249343
9,56580;;;-12,11977172
9,56630;;;-2,658745085
9,56680;;;8,938642408
9,56730;;;18,39966905
9,56780;;;23,89316839
9,56830;;;29,38666772
9,56880;;;35,49055588
9,56930;;;38,54249995
9,56980;;;37,62691673
9,57030;;;36,71133351
9,57080;;;37,62691673
9,57130;;;36,10094469
9,57180;;;31,21783417
9,57230;;;27,25030687
9,57280;;;26,33472365
9,57330;;;24,19836279
9,57380;;;19,62044668
9,57430;;;16,5685026
9,57480;;;16,5685026
9,57530;;;14,43214175
9,57580;;;6,497087146
9,57630;;;-3,574328308
9,57680;;;-12,42496613
9,57730;;;-20,66521514
9,57780;;;-29,51585296
9,57830;;;-35,61974112
9,57880;;;-37,75610197
9,57930;;;-39,28207401
9,57980;;;-41,72362927
9,58030;;;-42,33401809
9,58080;;;-39,58726842
9,58130;;;-36,53532434
9,58180;;;-34,70415789
9,58230;;;-30,73663059
9,58280;;;-24,32754803
9,58330;;;-19,44443751
9,58380;;;-19,1392431
9,58430;;;-19,44443751
9,58480;;;-17,00288225
9,58530;;;-13,03535495
9,58580;;;-8,152244424
9,58630;;;0,08800458433
9,58680;;;12,6009753
9,58730;;;23,58797398
9,58780;;;29,69186213
9,58830;;;33,65938943
9,58880;;;38,23730555
9,58929;;;40,98405522
9,58979;;;40,3736664
9,59029;;;39,45808318
9,59079;;;40,06847199
9,59129;;;38,54249995
9,59179;;;32,4386118
9,59229;;;26,63991805
9,59279;;;23,58797398
9,59329;;;21,14641872
9,59379;;;16,87369701
9,59429;;;14,12694734
9,59479;;;15,04253056
9,59529;;;13,82175293
9,59579;;;5,581503923
9,59629;;;-6,626272385
9,59679;;;-16,08729902
9,59729;;;-22,80157599
9,59779;;;-31,34701941
9,59829;;;-38,9768796
9,59879;;;-41,72362927
9,59929;;;-40,80804605
9,59979;;;-42,33401809
9,60029;;;-44,77557335
9,60079;;;-42,33401809
9,60129;;;-36,23012993
9,60179;;;-32,87299145
9,60229;;;-33,17818586
9,60279;;;-28,29507533
9,60329;;;-14,86652139
9,60379;;;-2,658745085
9,60429;;;-2,353550677
9,60479;;;-11,50938291
9,60529;;;-17,30807665
9,60579;;;-11,81457732
9,60629;;;1,308782215
9,60679;;;13,51655852
9,60729;;;21,45161312
9,60779;;;27,86069569
9,60829;;;34,88016706
9,60879;;;40,67886081
9,60929;;;42,51002725
9,60979;;;41,59444403
9,61029;;;41,59444403
9,61079;;;42,51002725
9,61129;;;40,98405522
9,61179;;;36,4061391
9,61229;;;31,82822299
9,61279;;;29,08147332
9,61329;;;26,33472365
9,61379;;;22,67239075
9,61429;;;20,84122431
9,61479;;;20,5360299
9,61529;;;17,78928023
9,61579;;;9,549031223
9,61629;;;-1,132773046
9,61679;;;-11,2041885
9,61729;;;-19,74963192
9,61779;;;-27,98988092
9,61829;;;-34,09376908
9,61879;;;-37,14571316
9,61929;;;-38,9768796
9,61979;;;-41,11324046
9,62029;;;-41,72362927
9,62079;;;-39,28207401
9,62129;;;-36,23012993
9,62179;;;-33,17818586
9,62229;;;-28,29507533
9,62279;;;-21,58079836
9,62329;;;-17,00288225
9,62379;;;-15,78210462
9,62429;;;-14,86652139
9,62479;;;-12,11977172
9,62529;;;-8,457438831
9,62579;;;-3,574328308
9,62629;;;5,276309515
9,62679;;;17,48408582
9,62729;;;27,25030687
9,62779;;;32,4386118
9,62829;;;37,32172232
9,62879;;;43,12041607
9,62929;;;46,17236015
9,62979;;;45,56197133
9,63029;;;45,25677692
9,63079;;;46,78274896
9,63129;;;45,56197133
9,63179;;;39,76327759
9,63229;;;33,96458384
9,63279;;;31,21783417
9,63329;;;29,08147332
9,63379;;;25,11394602
9,63429;;;22,67239075
9,63479;;;22,97758516
9,63529;;;20,84122431
9,63579;;;12,90616971
9,63629;;;2,529559846
9,63679;;;-6,321077977
9,63729;;;-14,86652139
9,63779;;;-23,71715922
9,63829;;;-30,43143619
9,63879;;;-33,17818586
9,63929;;;-35,0093523
9,63979;;;-37,14571316
9,64029;;;-37,75610197
9,64079;;;-35,61974112
9,64129;;;-32,87299145
9,64179;;;-30,12624178
9,64229;;;-25,85352007
9,64279;;;-20,36002073
9,64329;;;-17,30807665
9,64379;;;-17,00288225
9,64429;;;-16,39249343
9,64479;;;-13,64574376
9,64528;;;-10,59379969
9,64578;;;-6,321077977
9,64628;;;2,224365438
9,64678;;;14,43214175
9,64728;;;24,19836279
9,64778;;;29,38666772
9,64828;;;34,26977825
9,64878;;;39,76327759
9,64928;;;41,89963844
9,64978;;;40,3736664
9,65028;;;40,06847199
9,65078;;;41,28924962
9,65128;;;38,84769436
9,65178;;;31,82822299
9,65228;;;26,33472365
9,65278;;;25,11394602
9,65328;;;22,67239075
9,65378;;;16,87369701
9,65428;;;13,21136412
9,65478;;;14,12694734
9,65528;;;12,6009753
9,65578;;;3,750337477
9,65628;;;-7,236661201
9,65678;;;-15,78210462
9,65728;;;-23,71715922
9,65778;;;-32,87299145
9,65828;;;-38,9768796
9,65878;;;-40,80804605
9,65928;;;-42,33401809
9,65978;;;-46,30154539
9,66028;;;-46,9119342
9,66078;;;-42,02882368
9,66128;;;-38,36649079
9,66178;;;-38,67168519
9,66228;;;-35,92493552
9,66278;;;-26,76910329
9,66328;;;-20,66521514
9,66378;;;-23,71715922
9,66428;;;-25,54832566
9,66478;;;-16,08729902
9,66528;;;-1,437967454
9,66578;;;4,055531884
9,66628;;;1,308782215
9,66678;;;2,834754254
9,66728;;;12,90616971
9,66778;;;23,58797398
9,66828;;;28,77627891
9,66878;;;30,91263976
9,66928;;;33,65938943
9,66978;;;35,18536147
9,67028;;;35,18536147
9,67078;;;33,96458384
9,67128;;;30,91263976
9,67178;;;26,02952924
9,67228;;;21,45161312
9,67278;;;19,01005786
9,67328;;;17,17889142
9,67378;;;13,82175293
9,67428;;;11,38019767
9,67478;;;11,07500326
9,67528;;;9,549031223
9,67578;;;2,834754254
9,67628;;;-7,236661201
9,67678;;;-17,00288225
9,67728;;;-25,24313125
9,67778;;;-32,87299145
9,67828;;;-38,67168519
9,67878;;;-41,41843486
9,67928;;;-42,9444069
9,67978;;;-44,47037894
9,68028;;;-44,16518453
9,68078;;;-42,02882368
9,68128;;;-39,58726842
9,68178;;;-37,14571316
9,68228;;;-32,87299145
9,68278;;;-26,15871448
9,68328;;;-21,58079836
9,68378;;;-20,66521514
9,68428;;;-20,97040955
9,68478;;;-19,44443751
9,68528;;;-15,78210462
9,68578;;;-9,373022054
9,68628;;;-0,2171898234
9,68678;;;10,15942004
9,68728;;;18,70486345
9,68778;;;25,41914042
9,68828;;;31,82822299
9,68878;;;36,71133351
9,68928;;;37,62691673
9,68978;;;36,71133351
9,69028;;;37,32172232
9,69078;;;38,84769436
9,69128;;;36,10094469
9,69178;;;29,38666772
9,69228;;;24,80875161
9,69278;;;23,89316839
9,69328;;;22,36719635
9,69378;;;19,01005786
9,69428;;;17,17889142
9,69478;;;17,78928023
9,69528;;;14,43214175
9,69578;;;5,886698331
9,69628;;;-3,574328308
9,69678;;;-11,81457732
9,69728;;;-20,05482632
9,69778;;;-27,98988092
9,69828;;;-32,87299145
9,69878;;;-34,70415789
9,69928;;;-36,84051875
9,69978;;;-39,58726842
9,70028;;;-39,89246282
9,70078;;;-36,84051875
9,70128;;;-33,78857467
9,70177;;;-31,95740822
9,70227;;;-27,37949211
9,70277;;;-20,97040955
9,70327;;;-16,39249343
9,70377;;;-16,08729902
9,70427;;;-16,08729902
9,70477;;;-13,95093817
9,70527;;;-10,89899409
9,70577;;;-5,710689162
9,70627;;;3,445143069
9,70677;;;15,04253056
9,70727;;;24,19836279
9,70777;;;30,30225095
9,70827;;;35,79575029
9,70877;;;40,67886081
9,70927;;;43,12041607
9,70977;;;43,12041607
9,71027;;;43,12041607
9,71077;;;42,81522166
9,71127;;;40,06847199
9,71177;;;35,49055588
9,71227;;;32,13341739
9,71277;;;29,08147332
9,71327;;;25,41914042
9,71377;;;22,67239075
9,71427;;;22,36719635
9,71477;;;21,75680753
9,71527;;;17,17889142
9,71577;;;9,549031223
9,71627;;;1,613976623
9,71677;;;-6,321077977
9,71727;;;-15,78210462
9,71777;;;-23,41196481
9,71827;;;-27,0742977
9,71877;;;-29,51585296
9,71927;;;-33,17818586
9,71977;;;-35,61974112
9,72027;;;-34,09376908
9,72077;;;-30,43143619
9,72127;;;-27,98988092
9,72177;;;-26,15871448
9,72227;;;-22,19118718
9,72277;;;-17,30807665
9,72327;;;-14,25613258
9,72377;;;-13,03535495
9,72427;;;-12,73016054
9,72477;;;-13,03535495
9,72527;;;-10,59379969
9,72577;;;-2,658745085
9,72627;;;7,412670369
9,72677;;;14,73733615
9,72727;;;22,06200194
9,72777;;;36,10094469
9,72827;;;52,88663712
9,72877;;;57,15935882
9,72927;;;45,86716574
9,72977;;;34,26977825
9,73027;;;34,57497265
9,73077;;;39,15288877
9,73127;;;35,79575029
9,73177;;;26,94511246
9,73227;;;22,67239075
9,73277;;;22,97758516
9,73327;;;20,23083549
9,73377;;;14,73733615
9,73427;;;13,21136412
9,73477;;;14,73733615
9,73527;;;11,99058648
9,73577;;;3,445143069
9,73627;;;-6,321077977
9,73677;;;-14,56132699
9,73727;;;-23,1067704
9,73777;;;-31,041825
9,73827;;;-36,53532434
9,73877;;;-39,28207401
9,73927;;;-42,02882368
9,73977;;;-43,85999012
9,74027;;;-43,24960131
9,74077;;;-40,80804605
9,74127;;;-38,36649079
9,74177;;;-35,0093523
9,74227;;;-29,82104737
9,74277;;;-24,93793685
9,74327;;;-22,80157599
9,74377;;;-21,58079836
9,74427;;;-19,44443751
9,74477;;;-16,39249343
9,74527;;;-13,64574376
9,74577;;;-8,457438831
9,74627;;;0,393198992
9,74677;;;10,76980885
9,74727;;;18,70486345
9,74777;;;24,80875161
9,74827;;;31,21783417
9,74877;;;36,10094469
9,74927;;;36,71133351
9,74977;;;35,79575029
9,75027;;;37,32172232
9,75077;;;37,62691673
9,75127;;;33,65938943
9,75177;;;27,86069569
9,75227;;;24,5035572
9,75277;;;23,28277957
9,75327;;;20,23083549
9,75377;;;16,26330819
9,75427;;;15,65291938
9,75477;;;16,26330819
9,75527;;;12,6009753
9,75577;;;3,750337477
9,75627;;;-5,710689162
9,75677;;;-15,1717158
9,75727;;;-24,63274244
9,75776;;;-33,48338026
9,75826;;;-38,9768796
9,75876;;;-41,72362927
9,75926;;;-44,47037894
9,75976;;;-45,99635098
9,76026;;;-44,47037894
9,76076;;;-41,11324046
9,76126;;;-38,9768796
9,76176;;;-36,53532434
9,76226;;;-31,34701941
9,76276;;;-25,85352007
9,76326;;;-23,1067704
9,76376;;;-23,1067704
9,76426;;;-22,19118718
9,76476;;;-19,74963192
9,76526;;;-17,30807665
9,76576;;;-11,50938291
9,76626;;;-0,8275786388
9,76676;;;10,76980885
9,76726;;;18,39966905
9,76776;;;23,58797398
9,76826;;;29,99705654
9,76876;;;36,10094469
9,76926;;;37,93211114
9,76976;;;36,71133351
9,77026;;;37,01652792
9,77076;;;38,23730555
9,77126;;;35,49055588
9,77176;;;29,38666772
9,77226;;;25,11394602
9,77276;;;23,58797398
9,77326;;;21,45161312
9,77376;;;18,39966905
9,77426;;;17,17889142
9,77476;;;17,48408582
9,77526;;;14,73733615
9,77576;;;6,497087146
9,77626;;;-3,2691339
9,77676;;;-12,73016054
9,77726;;;-21,88599277
9,77776;;;-30,12624178
9,77826;;;-35,31454671
9,77876;;;-37,45090756
9,77926;;;-38,67168519
9,77976;;;-40,19765723
9,78026;;;-39,89246282
9,78076;;;-37,14571316
9,78126;;;-34,39896349
9,78176;;;-30,73663059
9,78226;;;-25,24313125
9,78276;;;-19,1392431
9,78326;;;-15,78210462
9,78376;;;-15,1717158
9,78426;;;-14,25613258
9,78476;;;-11,50938291
9,78526;;;-8,152244424
9,78576;;;-2,353550677
9,78626;;;7,717864777
9,78676;;;19,31525227
9,78726;;;27,25030687
9,78776;;;31,21783417
9,78826;;;37,01652792
9,78876;;;44,03599929
9,78926;;;46,47755455
9,78976;;;44,64638811
9,79026;;;44,3411937
9,79076;;;46,78274896
9,79126;;;44,95158252
9,79176;;;35,49055588
9,79226;;;27,86069569
9,79276;;;30,60744535
9,79326;;;38,54249995
9,79376;;;39,45808318
9,79426;;;29,99705654
9,79476;;;18,39966905
9,79526;;;11,68539208
9,79576;;;7,107475961
9,79626;;;-0,5223842311
9,79676;;;-11,50938291
9,79726;;;-21,88599277
9,79776;;;-28,29507533
9,79826;;;-31,65221382
9,79876;;;-34,70415789
9,79926;;;-38,06129638
9,79976;;;-39,28207401
9,80026;;;-37,75610197
9,80076;;;-35,61974112
9,80126;;;-33,78857467
9,80176;;;-30,12624178
9,80226;;;-24,02235362
9,80276;;;-18,22365988
9,80326;;;-15,78210462
9,80376;;;-16,08729902
9,80426;;;-15,78210462
9,80476;;;-13,95093817
9,80526;;;-11,2041885
9,80576;;;-6,01588357
9,80626;;;3,139948661
9,80676;;;14,43214175
9,80726;;;22,67239075
9,80776;;;27,86069569
9,80826;;;33,04900062
9,80876;;;37,32172232
9,80926;;;38,84769436
9,80976;;;37,93211114
9,81026;;;37,62691673
9,81076;;;37,01652792
9,81126;;;33,65938943
9,81176;;;28,16589009
9,81226;;;24,5035572
9,81276;;;22,36719635
9,81326;;;19,01005786
9,81376;;;15,34772497
9,81425;;;14,43214175
9,81475;;;14,43214175
9,81525;;;11,07500326
9,81575;;;2,529559846
9,81625;;;-6,626272385
9,81675;;;-14,86652139
9,81725;;;-22,80157599
9,81775;;;-30,12624178
9,81825;;;-35,0093523
9,81875;;;-38,06129638
9,81925;;;-41,11324046
9,81975;;;-43,55479572
9,82025;;;-42,9444069
9,82075;;;-40,50285164
9,82125;;;-38,36649079
9,82175;;;-35,31454671
9,82225;;;-29,82104737
9,82275;;;-24,02235362
9,82325;;;-21,58079836
9,82375;;;-21,27560395
9,82425;;;-20,05482632
9,82475;;;-17,91846547
9,82525;;;-16,08729902
9,82575;;;-10,89899409
9,82625;;;-0,2171898234
9,82675;;;11,38019767
9,82725;;;19,01005786
9,82775;;;23,28277957
9,82825;;;29,08147332
9,82875;;;34,26977825
9,82925;;;35,18536147
9,82975;;;33,65938943
9,83025;;;34,57497265
9,83075;;;36,4061391
9,83125;;;33,35419502
9,83175;;;26,94511246
9,83225;;;22,36719635
9,83275;;;20,84122431
9,83325;;;18,09447464
9,83375;;;14,12694734
9,83425;;;12,90616971
9,83475;;;13,51655852
9,83525;;;10,15942004
9,83575;;;1,613976623
9,83625;;;-7,236661201
9,83675;;;-14,56132699
9,83725;;;-21,88599277
9,83775;;;-29,21065856
9,83825;;;-34,39896349
9,83875;;;-36,84051875
9,83925;;;-38,9768796
9,83975;;;-41,11324046
9,84025;;;-40,50285164
9,84075;;;-38,06129638
9,84125;;;-35,61974112
9,84175;;;-32,56779704
9,84225;;;-27,0742977
9,84275;;;-21,27560395
9,84325;;;-18,52885429
9,84375;;;-17,91846547
9,84425;;;-16,39249343
9,84475;;;-13,95093817
9,84525;;;-11,50938291
9,84575;;;-6,321077977
9,84625;;;3,750337477
9,84675;;;15,34772497
9,84725;;;22,67239075
9,84775;;;27,25030687
9,84825;;;33,04900062
9,84875;;;38,84769436
9,84925;;;40,3736664
9,84975;;;38,54249995
9,85025;;;39,15288877
9,85075;;;40,06847199
9,85125;;;36,10094469
9,85175;;;29,38666772
9,85225;;;25,72433483
9,85275;;;24,5035572
9,85325;;;20,5360299
9,85375;;;15,65291938
9,85425;;;16,26330819
9,85475;;;18,09447464
9,85525;;;12,29578089
9,85575;;;0,393198992
9,85625;;;-5,100300347
9,85675;;;-2,04835627
9,85725;;;-4,184717123
9,85775;;;-19,1392431
9,85825;;;-36,84051875
9,85875;;;-44,77557335
9,85925;;;-43,55479572
9,85975;;;-42,33401809
9,86025;;;-43,55479572
9,86075;;;-42,63921249
9,86125;;;-38,9768796
9,86175;;;-34,09376908
9,86225;;;-29,21065856
9,86275;;;-24,32754803
9,86325;;;-20,97040955
9,86375;;;-19,1392431
9,86425;;;-17,61327106
9,86475;;;-15,78210462
9,86525;;;-13,34054935
9,86575;;;-6,931466793
9,86625;;;3,445143069
9,86675;;;14,12694734
9,86725;;;20,84122431
9,86775;;;25,72433483
9,86825;;;32,74380621
9,86875;;;39,45808318
9,86925;;;41,28924962
9,86975;;;40,06847199
9,87024;;;40,98405522
9,87074;;;41,59444403
9,87124;;;37,62691673
9,87174;;;30,91263976
9,87224;;;26,33472365
9,87274;;;24,80875161
9,87324;;;21,45161312
9,87374;;;18,09447464
9,87424;;;18,09447464
9,87474;;;19,01005786
9,87524;;;14,73733615
9,87574;;;4,6659207
9,87624;;;-5,100300347
9,87674;;;-13,03535495
9,87724;;;-21,27560395
9,87774;;;-28,90546415
9,87824;;;-33,48338026
9,87874;;;-35,61974112
9,87924;;;-38,06129638
9,87974;;;-40,19765723
9,88024;;;-38,9768796
9,88074;;;-35,92493552
9,88124;;;-33,78857467
9,88174;;;-30,73663059
9,88224;;;-25,24313125
9,88274;;;-19,1392431
9,88324;;;-17,30807665
9,88374;;;-18,22365988
9,88424;;;-18,22365988
9,88474;;;-15,78210462
9,88524;;;-12,73016054
9,88574;;;-7,236661201
9,88624;;;2,224365438
9,88674;;;13,21136412
9,88724;;;20,84122431
9,88774;;;26,33472365
9,88824;;;32,4386118
9,88874;;;37,01652792
9,88924;;;38,54249995
9,88974;;;38,54249995
9,89024;;;39,76327759
9,89074;;;39,76327759
9,89124;;;36,10094469
9,89174;;;31,21783417
9,89224;;;28,16589009
9,89274;;;25,41914042
9,89324;;;21,14641872
9,89374;;;17,78928023
9,89424;;;18,39966905
9,89474;;;18,39966905
9,89524;;;13,21136412
9,89574;;;4,971115108
9,89624;;;-2,658745085
9,89674;;;-10,89899409
9,89724;;;-21,27560395
9,89774;;;-29,82104737
9,89824;;;-32,87299145
9,89874;;;-34,39896349
9,89924;;;-38,06129638
9,89974;;;-41,11324046
9,90024;;;-40,19765723
9,90074;;;-36,84051875
9,90124;;;-35,31454671
9,90174;;;-33,17818586
9,90224;;;-27,37949211
9,90274;;;-20,66521514
9,90324;;;-17,91846547
9,90374;;;-17,91846547
9,90424;;;-16,08729902
9,90474;;;-12,73016054
9,90524;;;-9,98341087
9,90574;;;-4,795105939
9,90624;;;5,581503923
9,90674;;;17,17889142
9,90724;;;23,89316839
9,90774;;;28,77627891
9,90824;;;35,18536147
9,90874;;;40,67886081
9,90924;;;41,59444403
9,90974;;;40,67886081
9,91024;;;42,51002725
9,91074;;;43,73080489
9,91124;;;38,54249995
9,91174;;;31,21783417
9,91224;;;27,86069569
9,91274;;;26,94511246
9,91324;;;23,28277957
9,91374;;;19,31525227
9,91424;;;19,01005786
9,91474;;;19,31525227
9,91524;;;14,12694734
9,91574;;;6,191892738
9,91624;;;-0,5223842311
9,91674;;;-8,457438831
9,91724;;;-19,74963192
9,91774;;;-27,98988092
9,91824;;;-29,51585296
9,91874;;;-30,43143619
9,91924;;;-37,45090756
9,91974;;;-40,50285164
9,92024;;;-30,12624178
9,92074;;;-15,1717158
9,92124;;;-13,95093817
9,92174;;;-24,93793685
9,92224;;;-30,73663059
9,92274;;;-24,63274244
9,92324;;;-17,91846547
9,92374;;;-18,22365988
9,92424;;;-19,1392431
9,92474;;;-15,78210462
9,92524;;;-11,2041885
9,92574;;;-6,931466793
9,92624;;;2,224365438
9,92673;;;15,65291938
9,92723;;;25,11394602
9,92773;;;28,77627891
9,92823;;;32,74380621
9,92873;;;39,15288877
9,92923;;;41,89963844
9,92973;;;39,45808318
9,93023;;;38,54249995
9,93073;;;40,3736664
9,93123;;;38,84769436
9,93173;;;31,82822299
9,93223;;;26,02952924
9,93273;;;25,41914042
9,93323;;;24,19836279
9,93373;;;19,01005786
9,93423;;;15,65291938
9,93473;;;17,48408582
9,93523;;;18,39966905
9,93573;;;12,90616971
9,93623;;;4,055531884
9,93673;;;-3,2691339
9,93723;;;-11,2041885
9,93773;;;-20,66521514
9,93823;;;-27,68468652
9,93873;;;-30,12624178
9,93923;;;-32,26260263
9,93973;;;-36,53532434
9,94023;;;-38,9768796
9,94073;;;-37,14571316
9,94123;;;-34,09376908
9,94173;;;-32,87299145
9,94223;;;-30,12624178
9,94273;;;-23,71715922
9,94323;;;-17,91846547
9,94373;;;-16,39249343
9,94423;;;-16,39249343
9,94473;;;-14,25613258
9,94523;;;-11,50938291
9,94573;;;-9,373022054
9,94623;;;-3,2691339
9,94673;;;8,328253592
9,94723;;;20,23083549
9,94773;;;26,63991805
9,94823;;;30,91263976
9,94873;;;37,62691673
9,94923;;;43,73080489
9,94973;;;44,64638811
9,95023;;;43,12041607
9,95073;;;43,73080489
9,95123;;;44,3411937
9,95173;;;40,98405522
9,95223;;;35,18536147
9,95273;;;31,52302858
9,95323;;;29,69186213
9,95373;;;25,41914042
9,95423;;;21,14641872
9,95473;;;19,92564108
9,95523;;;19,62044668
9,95573;;;15,65291938
9,95623;;;6,802281554
9,95673;;;-2,658745085
9,95723;;;-11,81457732
9,95773;;;-20,97040955
9,95823;;;-28,29507533
9,95873;;;-32,87299145
9,95923;;;-36,23012993
9,95973;;;-40,19765723
9,96023;;;-42,63921249
9,96073;;;-41,11324046
9,96123;;;-38,06129638
9,96173;;;-36,53532434
9,96223;;;-34,39896349
9,96273;;;-29,21065856
9,96323;;;-24,02235362
9,96373;;;-22,19118718
9,96423;;;-22,19118718
9,96473;;;-21,27560395
9,96523;;;-19,44443751
9,96573;;;-16,69768784
9,96623;;;-10,89899409
9,96673;;;-0,8275786388
9,96723;;;9,243836815
9,96773;;;16,26330819
9,96823;;;21,75680753
9,96873;;;28,77627891
9,96923;;;33,96458384
9,96973;;;34,26977825
9,97023;;;32,74380621
9,97073;;;33,35419502
9,97123;;;32,4386118
9,97173;;;26,63991805
9,97223;;;19,92564108
9,97273;;;17,17889142
9,97323;;;15,95811378
9,97373;;;11,38019767
9,97423;;;6,191892738
9,97473;;;5,886698331
9,97523;;;7,412670369
9,97573;;;3,139948661
9,97623;;;-7,236661201
9,97673;;;-17,30807665
9,97723;;;-24,93793685
9,97773;;;-33,78857467
9,97823;;;-42,9444069
9,97873;;;-48,13271183
9,97923;;;-49,96387828
9,97973;;;-52,71062795
9,98023;;;-56,37296084
9,98073;;;-55,45737762
9,98123;;;-50,8794615
9,98173;;;-47,82751742
9,98223;;;-46,60673979
9,98272;;;-42,02882368
9,98322;;;-35,0093523
9,98372;;;-32,56779704
9,98422;;;-34,39896349
9,98472;;;-33,48338026
9,98522;;;-27,98988092
9,98572;;;-23,71715922
9,98622;;;-21,58079836
9,98672;;;-11,81457732
9,98722;;;8,633448
9,98772;;;28,16589009
9,98822;;;33,35419502
9,98872;;;26,33472365
9,98922;;;20,5360299
9,98972;;;22,36719635
9,99022;;;26,94511246
9,99072;;;28,16589009
9,99122;;;25,11394602
9,99172;;;20,84122431
9,99222;;;17,78928023
9,99272;;;15,65291938
9,99322;;;12,90616971
9,99372;;;9,854225631
9,99422;;;8,023059185
9,99472;;;8,328253592
9,99522;;;8,633448
9,99572;;;5,581503923
9,99622;;;-0,8275786388
9,99672;;;-9,373022054
9,99722;;;-17,61327106
9,99772;;;-25,54832566
9,99822;;;-32,26260263
9,99872;;;-35,92493552
9,99922;;;-38,06129638
9,99972;;;-39,58726842
10,00022;;;-40,19765723
10,00072;;;-39,28207401
10,00122;;;-37,14571316
10,00172;;;-34,09376908
10,00222;;;-29,21065856
10,00272;;;-22,49638159
10,00322;;;-17,61327106
10,00372;;;-15,78210462
10,00422;;;-13,95093817
10,00472;;;-11,50938291
10,00522;;;-9,373022054
10,00572;;;-6,931466793
10,00622;;;0,08800458433
10,00672;;;12,29578089
10,00722;;;23,58797398
10,00772;;;29,99705654
10,00822;;;35,18536147
10,00872;;;42,20483285
10,00922;;;47,08794337
10,00972;;;47,39313778
10,01022;;;46,78274896
10,01072;;;49,22430422
10,01122;;;50,13988745
10,01172;;;44,95158252
10,01222;;;38,23730555
10,01272;;;35,79575029
10,01322;;;35,49055588
10,01372;;;32,4386118
10,01422;;;28,4710845
10,01472;;;28,77627891
10,01522;;;29,69186213
10,01572;;;25,11394602
10,01622;;;15,34772497
10,01672;;;5,886698331
10,01722;;;-2,963939493
10,01772;;;-12,42496613
10,01822;;;-20,05482632
10,01872;;;-23,41196481
10,01922;;;-25,24313125
10,01972;;;-29,21065856
10,02022;;;-32,56779704
10,02072;;;-31,95740822
10,02122;;;-28,60026974
10,02172;;;-26,15871448
10,02222;;;-23,41196481
10,02272;;;-17,61327106
10,02322;;;-12,11977172
10,02372;;;-10,59379969
10,02422;;;-11,50938291
10,02472;;;-10,59379969
10,02522;;;-7,847050016
10,02572;;;-4,489911531
10,02622;;;0,6983933997
10,02672;;;10,76980885
10,02722;;;21,45161312
10,02772;;;28,77627891
10,02822;;;33,35419502
10,02872;;;37,93211114
10,02922;;;42,20483285
10,02972;;;44,03599929
10,03022;;;43,73080489
10,03072;;;43,73080489
10,03122;;;42,51002725
10,03172;;;38,23730555
10,03222;;;32,74380621
10,03272;;;29,08147332
10,03322;;;26,94511246
10,03372;;;23,89316839
10,03422;;;21,14641872
10,03472;;;19,92564108
10,03522;;;18,39966905
10,03572;;;13,82175293
10,03622;;;6,191892738
10,03672;;;-2,353550677
10,03722;;;-11,81457732
10,03772;;;-20,97040955
10,03822;;;-27,98988092
10,03872;;;-32,56779704
10,03921;;;-35,61974112
10,03971;;;-38,67168519
10,04021;;;-40,50285164
10,04071;;;-39,89246282
10,04121;;;-38,06129638
10,04171;;;-35,92493552
10,04221;;;-32,26260263
10,04271;;;-27,37949211
10,04321;;;-22,80157599
10,04371;;;-20,66521514
10,04421;;;-20,66521514
10,04471;;;-20,97040955
10,04521;;;-18,83404869
10,04571;;;-13,95093817
10,04621;;;-7,847050016
10,04671;;;-0,8275786388
10,04721;;;9,549031223
10,04771;;;25,72433483
10,04821;;;40,67886081
10,04871;;;44,64638811
10,04921;;;37,01652792
10,04971;;;29,38666772
10,05021;;;30,91263976
10,05071;;;35,79575029
10,05121;;;34,57497265
10,05171;;;28,16589009
10,05221;;;23,89316839
10,05271;;;22,97758516
10,05321;;;20,84122431
10,05371;;;16,87369701
10,05421;;;15,04253056
10,05471;;;15,65291938
10,05521;;;14,43214175
10,05571;;;9,243836815
10,05621;;;2,529559846
10,05671;;;-4,184717123
10,05721;;;-13,34054935
10,05771;;;-23,1067704
10,05821;;;-30,12624178
10,05871;;;-34,39896349
10,05921;;;-38,67168519
10,05971;;;-42,33401809
10,06021;;;-42,33401809
10,06071;;;-39,58726842
10,06121;;;-38,06129638
10,06171;;;-37,45090756
10,06221;;;-33,48338026
10,06271;;;-26,76910329
10,06321;;;-22,80157599
10,06371;;;-22,80157599
10,06421;;;-22,19118718
10,06471;;;-18,83404869
10,06521;;;-16,39249343
10,06571;;;-14,25613258
10,06621;;;-8,152244424
10,06671;;;2,529559846
10,06721;;;12,90616971
10,06771;;;19,92564108
10,06821;;;26,02952924
10,06871;;;32,4386118
10,06921;;;36,4061391
10,06971;;;36,4061391
10,07021;;;36,71133351
10,07071;;;38,23730555
10,07121;;;37,32172232
10,07171;;;32,4386118
10,07221;;;28,16589009
10,07271;;;26,63991805
10,07321;;;25,11394602
10,07371;;;20,84122431
10,07421;;;18,09447464
10,07471;;;18,70486345
10,07521;;;18,09447464
10,07571;;;12,90616971
10,07621;;;4,6659207
10,07671;;;-2,353550677
10,07721;;;-10,28860528
10,07771;;;-19,44443751
10,07821;;;-26,46390889
10,07871;;;-30,12624178
10,07921;;;-33,78857467
10,07971;;;-38,36649079
10,08021;;;-40,80804605
10,08071;;;-38,67168519
10,08121;;;-35,61974112
10,08171;;;-34,09376908
10,08221;;;-31,041825
10,08271;;;-25,24313125
10,08321;;;-20,05482632
10,08371;;;-18,83404869
10,08421;;;-18,83404869
10,08471;;;-16,69768784
10,08521;;;-13,95093817
10,08571;;;-11,2041885
10,08621;;;-5,405494754
10,08671;;;4,6659207
10,08721;;;15,04253056
10,08771;;;21,45161312
10,08821;;;25,72433483
10,08871;;;31,52302858
10,08921;;;35,79575029
10,08971;;;36,71133351
10,09021;;;36,71133351
10,09071;;;37,01652792
10,09121;;;36,10094469
10,09171;;;31,52302858
10,09221;;;26,33472365
10,09271;;;23,28277957
10,09321;;;20,5360299
10,09371;;;17,17889142
10,09421;;;15,34772497
10,09471;;;16,5685026
10,09520;;;15,95811378
10,09570;;;10,15942004
10,09620;;;1,613976623
10,09670;;;-6,321077977
10,09720;;;-14,86652139
10,09770;;;-24,63274244
10,09820;;;-32,56779704
10,09870;;;-36,23012993
10,09920;;;-38,06129638
10,09970;;;-41,11324046
10,10020;;;-42,63921249
10,10070;;;-40,50285164
10,10120;;;-36,53532434
10,10170;;;-34,09376908
10,10220;;;-30,73663059
10,10270;;;-24,93793685
10,10320;;;-19,44443751
10,10370;;;-18,22365988
10,10420;;;-18,52885429
10,10470;;;-16,39249343
10,10520;;;-12,73016054
10,10570;;;-9,678216462
10,10620;;;-3,879522716
10,10670;;;6,497087146
10,10720;;;18,39966905
10,10770;;;25,72433483
10,10820;;;29,99705654
10,10870;;;36,10094469
10,10920;;;42,81522166
10,10970;;;44,3411937
10,11020;;;42,20483285
10,11070;;;42,81522166
10,11120;;;44,95158252
10,11170;;;41,59444403
10,11220;;;32,13341739
10,11270;;;26,94511246
10,11320;;;32,74380621
10,11370;;;41,28924962
10,11420;;;39,76327759
10,11470;;;27,86069569
10,11520;;;15,95811378
10,11570;;;10,76980885
10,11620;;;8,328253592
10,11670;;;1,003587807
10,11720;;;-10,59379969
10,11770;;;-20,36002073
10,11820;;;-24,93793685
10,11870;;;-27,68468652
10,11920;;;-31,65221382
10,11970;;;-35,92493552
10,12020;;;-37,14571316
10,12070;;;-35,92493552
10,12120;;;-34,70415789
10,12170;;;-33,17818586
10,12220;;;-28,90546415
10,12270;;;-23,1067704
10,12320;;;-19,44443751
10,12370;;;-19,1392431
10,12420;;;-18,83404869
10,12470;;;-17,00288225
10,12520;;;-14,86652139
10,12570;;;-11,50938291
10,12620;;;-4,489911531
10,12670;;;6,191892738
10,12720;;;15,95811378
10,12770;;;22,36719635
10,12820;;;27,86069569
10,12870;;;33,65938943
10,12920;;;37,32172232
10,12970;;;37,01652792
10,13020;;;36,10094469
10,13070;;;36,71133351
10,13120;;;35,49055588
10,13170;;;30,91263976
10,13220;;;25,72433483
10,13270;;;23,28277957
10,13320;;;21,75680753
10,13370;;;18,70486345
10,13420;;;16,5685026
10,13470;;;16,5685026
10,13520;;;15,34772497
10,13570;;;9,549031223
10,13620;;;1,003587807
10,13670;;;-6,931466793
10,13720;;;-15,47691021
10,13770;;;-24,02235362
10,13820;;;-30,43143619
10,13870;;;-33,48338026
10,13920;;;-36,53532434
10,13970;;;-40,80804605
10,14020;;;-42,63921249
10,14070;;;-40,80804605
10,14120;;;-38,06129638
10,14170;;;-36,53532434
10,14220;;;-33,17818586
10,14270;;;-27,0742977
10,14320;;;-22,19118718
10,14370;;;-20,97040955
10,14420;;;-20,66521514
10,14470;;;-18,83404869
10,14520;;;-16,39249343
10,14570;;;-13,34054935
10,14620;;;-6,626272385
10,14670;;;3,445143069
10,14720;;;13,51655852
10,14770;;;20,23083549
10,14820;;;26,63991805
10,14870;;;33,96458384
10,14920;;;38,54249995
10,14970;;;39,45808318
10,15020;;;39,45808318
10,15070;;;39,76327759
10,15120;;;37,32172232
10,15169;;;31,82822299
10,15219;;;27,55550128
10,15269;;;25,72433483
10,15319;;;23,58797398
10,15369;;;19,01005786
10,15419;;;16,87369701
10,15469;;;18,09447464
10,15519;;;17,48408582
10,15569;;;11,07500326
10,15619;;;1,919171031
10,15669;;;-5,710689162
10,15719;;;-13,95093817
10,15769;;;-22,80157599
10,15819;;;-29,82104737
10,15869;;;-33,17818586
10,15919;;;-36,23012993
10,15969;;;-39,58726842
10,16019;;;-40,50285164
10,16069;;;-38,67168519
10,16119;;;-36,84051875
10,16169;;;-35,0093523
10,16219;;;-30,12624178
10,16269;;;-23,71715922
10,16319;;;-20,36002073
10,16369;;;-20,66521514
10,16419;;;-19,74963192
10,16469;;;-16,69768784
10,16519;;;-14,86652139
10,16569;;;-13,03535495
10,16619;;;-5,710689162
10,16669;;;5,276309515
10,16719;;;15,04253056
10,16769;;;20,84122431
10,16819;;;26,94511246
10,16869;;;34,26977825
10,16919;;;38,23730555
10,16969;;;38,84769436
10,17019;;;39,15288877
10,17069;;;39,76327759
10,17119;;;37,93211114
10,17169;;;33,65938943
10,17219;;;30,60744535
10,17269;;;27,86069569
10,17319;;;23,28277957
10,17369;;;19,92564108
10,17419;;;20,23083549
10,17469;;;19,92564108
10,17519;;;13,82175293
10,17569;;;7,717864777
10,17619;;;9,549031223
10,17669;;;11,38019767
10,17719;;;0,393198992
10,17769;;;-20,97040955
10,17819;;;-35,92493552
10,17869;;;-38,36649079
10,17919;;;-38,9768796
10,17969;;;-44,16518453
10,18019;;;-46,9119342
10,18069;;;-43,24960131
10,18119;;;-38,67168519
10,18169;;;-37,75610197
10,18219;;;-35,31454671
10,18269;;;-28,60026974
10,18319;;;-23,41196481
10,18369;;;-22,80157599
10,18419;;;-22,80157599
10,18469;;;-19,74963192
10,18519;;;-17,30807665
10,18569;;;-15,1717158
10,18619;;;-8,457438831
10,18669;;;3,139948661
10,18719;;;13,82175293
10,18769;;;19,31525227
10,18819;;;25,11394602
10,18869;;;32,74380621
10,18919;;;37,62691673
10,18969;;;37,01652792
10,19019;;;36,4061391
10,19069;;;38,54249995
10,19119;;;38,54249995
10,19169;;;32,74380621
10,19219;;;26,33472365
10,19269;;;23,28277957
10,19319;;;20,5360299
10,19369;;;16,26330819
10,19419;;;14,43214175
10,19469;;;15,65291938
10,19519;;;15,04253056
10,19569;;;9,243836815
10,19619;;;1,003587807
10,19669;;;-6,931466793
10,19719;;;-15,78210462
10,19769;;;-24,63274244
10,19819;;;-30,73663059
10,19869;;;-33,78857467
10,19919;;;-37,45090756
10,19969;;;-42,33401809
10,20019;;;-43,85999012
10,20069;;;-41,11324046
10,20119;;;-37,75610197
10,20169;;;-35,0093523
10,20219;;;-30,73663059
10,20269;;;-25,24313125
10,20319;;;-21,58079836
10,20369;;;-20,36002073
10,20419;;;-18,52885429
10,20469;;;-15,47691021
10,20519;;;-13,64574376
10,20569;;;-10,89899409
10,20619;;;-3,2691339
10,20669;;;8,023059185
10,20719;;;17,17889142
10,20768;;;23,28277957
10,20818;;;29,99705654
10,20868;;;37,93211114
10,20918;;;41,89963844
10,20968;;;41,89963844
10,21018;;;42,51002725
10,21068;;;44,03599929
10,21118;;;41,89963844
10,21168;;;36,10094469
10,21218;;;31,52302858
10,21268;;;29,69186213
10,21318;;;26,63991805
10,21368;;;21,75680753
10,21418;;;19,62044668
10,21468;;;20,23083549
10,21518;;;18,09447464
10,21568;;;10,76980885
10,21618;;;1,919171031
10,21668;;;-6,01588357
10,21718;;;-15,47691021
10,21768;;;-24,63274244
10,21818;;;-30,73663059
10,21868;;;-33,78857467
10,21918;;;-38,36649079
10,21968;;;-43,24960131
10,22018;;;-43,85999012
10,22068;;;-40,80804605
10,22118;;;-38,36649079
10,22168;;;-37,45090756
10,22218;;;-33,48338026
10,22268;;;-27,37949211
10,22318;;;-23,41196481
10,22368;;;-22,80157599
10,22418;;;-22,19118718
10,22468;;;-19,74963192
10,22518;;;-18,22365988
10,22568;;;-16,08729902
10,22618;;;-8,762633239
10,22668;;;3,139948661
10,22718;;;13,21136412
10,22768;;;18,70486345
10,22818;;;23,89316839
10,22868;;;29,99705654
10,22918;;;33,96458384
10,22968;;;33,96458384
10,23018;;;33,65938943
10,23068;;;34,57497265
10,23118;;;33,96458384
10,23168;;;29,69186213
10,23218;;;24,80875161
10,23268;;;21,14641872
10,23318;;;18,39966905
10,23368;;;16,26330819
10,23418;;;14,73733615
10,23468;;;13,82175293
10,23518;;;11,99058648
10,23568;;;8,633448
10,23618;;;1,613976623
10,23668;;;-8,152244424
10,23718;;;-17,91846547
10,23768;;;-24,02235362
10,23818;;;-28,29507533
10,23868;;;-35,61974112
10,23918;;;-42,02882368
10,23968;;;-38,67168519
10,24018;;;-27,98988092
10,24068;;;-24,02235362
10,24118;;;-32,56779704
10,24168;;;-40,80804605
10,24218;;;-36,53532434
10,24268;;;-25,85352007
10,24318;;;-22,49638159
10,24368;;;-24,63274244
10,24418;;;-23,71715922
10,24468;;;-19,1392431
10,24518;;;-17,30807665
10,24568;;;-16,39249343
10,24618;;;-8,762633239
10,24668;;;4,055531884
10,24718;;;13,51655852
10,24768;;;18,09447464
10,24818;;;24,19836279
10,24868;;;33,04900062
10,24918;;;38,23730555
10,24968;;;38,54249995
10,25018;;;39,76327759
10,25068;;;41,59444403
10,25118;;;39,45808318
10,25168;;;33,04900062
10,25218;;;28,16589009
10,25268;;;27,25030687
10,25318;;;25,72433483
10,25368;;;22,36719635
10,25418;;;20,23083549
10,25468;;;19,92564108
10,25518;;;18,09447464
10,25568;;;12,6009753
10,25618;;;5,886698331
10,25668;;;-1,743161862
10,25718;;;-11,2041885
10,25768;;;-20,66521514
10,25818;;;-26,46390889
10,25868;;;-28,90546415
10,25918;;;-32,56779704
10,25968;;;-36,53532434
10,26018;;;-37,45090756
10,26068;;;-35,31454671
10,26118;;;-33,17818586
10,26168;;;-30,43143619
10,26218;;;-24,93793685
10,26268;;;-18,52885429
10,26318;;;-15,78210462
10,26368;;;-15,78210462
10,26417;;;-13,95093817
10,26467;;;-10,59379969
10,26517;;;-8,152244424
10,26567;;;-5,405494754
10,26617;;;2,224365438
10,26667;;;14,43214175
10,26717;;;24,19836279
10,26767;;;29,99705654
10,26817;;;35,79575029
10,26867;;;42,51002725
10,26917;;;46,47755455
10,26967;;;46,47755455
10,27017;;;46,78274896
10,27067;;;48,61391541
10,27117;;;47,69833219
10,27167;;;43,12041607
10,27217;;;37,93211114
10,27267;;;35,18536147
10,27317;;;32,4386118
10,27367;;;28,77627891
10,27417;;;26,63991805
10,27467;;;26,33472365
10,27517;;;24,19836279
10,27567;;;18,39966905
10,27617;;;11,07500326
10,27667;;;2,834754254
10,27717;;;-6,321077977
10,27767;;;-15,47691021
10,27817;;;-21,58079836
10,27867;;;-24,93793685
10,27917;;;-29,51585296
10,27967;;;-34,09376908
10,28017;;;-35,61974112
10,28067;;;-33,48338026
10,28117;;;-31,34701941
10,28167;;;-29,51585296
10,28217;;;-26,15871448
10,28267;;;-21,88599277
10,28317;;;-19,74963192
10,28367;;;-20,05482632
10,28417;;;-19,1392431
10,28467;;;-16,39249343
10,28517;;;-14,86652139
10,28567;;;-13,03535495
10,28617;;;-6,626272385
10,28667;;;3,139948661
10,28717;;;12,29578089
10,28767;;;17,78928023
10,28817;;;23,28277957
10,28867;;;29,38666772
10,28917;;;33,35419502
10,28967;;;33,96458384
10,29017;;;34,26977825
10,29067;;;34,88016706
10,29117;;;32,13341739
10,29167;;;26,63991805
10,29217;;;21,75680753
10,29267;;;19,92564108
10,29317;;;17,17889142
10,29367;;;12,90616971
10,29417;;;11,07500326
10,29467;;;11,38019767
10,29517;;;8,938642408
10,29567;;;2,224365438
10,29617;;;-5,405494754
10,29667;;;-12,73016054
10,29717;;;-20,97040955
10,29767;;;-29,82104737
10,29817;;;-35,92493552
10,29867;;;-38,67168519
10,29917;;;-42,33401809
10,29967;;;-46,9119342
10,30017;;;-47,21712861
10,30067;;;-42,02882368
10,30117;;;-38,67168519
10,30167;;;-38,67168519
10,30217;;;-35,61974112
10,30267;;;-27,0742977
10,30317;;;-21,58079836
10,30367;;;-24,02235362
10,30417;;;-25,85352007
10,30467;;;-17,61327106
10,30517;;;-4,184717123
10,30567;;;1,003587807
10,30617;;;-1,437967454
10,30667;;;-1,743161862
10,30717;;;6,191892738
10,30767;;;17,48408582
10,30817;;;25,11394602
10,30867;;;28,77627891
10,30917;;;31,82822299
10,30967;;;35,49055588
10,31017;;;37,93211114
10,31067;;;37,93211114
10,31117;;;35,18536147
10,31167;;;31,21783417
10,31217;;;27,86069569
10,31267;;;25,11394602
10,31317;;;22,97758516
10,31367;;;20,5360299
10,31417;;;18,70486345
10,31467;;;17,17889142
10,31517;;;14,12694734
10,31567;;;9,243836815
10,31617;;;1,919171031
10,31667;;;-6,626272385
10,31717;;;-16,08729902
10,31767;;;-23,71715922
10,31817;;;-28,29507533
10,31867;;;-32,26260263
10,31917;;;-37,45090756
10,31967;;;-40,50285164
10,32016;;;-39,58726842
10,32066;;;-37,14571316
10,32116;;;-35,61974112
10,32166;;;-33,78857467
10,32216;;;-28,29507533
10,32266;;;-22,49638159
10,32316;;;-19,74963192
10,32366;;;-19,44443751
10,32416;;;-17,30807665
10,32466;;;-14,56132699
10,32516;;;-13,34054935
10,32566;;;-10,59379969
10,32616;;;-2,353550677
10,32666;;;8,938642408
10,32716;;;17,78928023
10,32766;;;22,97758516
10,32816;;;28,4710845
10,32866;;;35,49055588
10,32916;;;39,45808318
10,32966;;;40,67886081
10,33016;;;41,28924962
10,33066;;;41,89963844
10,33116;;;39,15288877
10,33166;;;33,65938943
10,33216;;;29,69186213
10,33266;;;27,86069569
10,33316;;;25,41914042
10,33366;;;22,06200194
10,33416;;;20,23083549
10,33466;;;19,01005786
10,33516;;;15,65291938
10,33566;;;9,549031223
10,33616;;;2,529559846
10,33666;;;-4,795105939
10,33716;;;-14,56132699
10,33766;;;-23,71715922
10,33816;;;-29,51585296
10,33866;;;-33,78857467
10,33916;;;-38,67168519
10,33966;;;-42,63921249
10,34016;;;-42,9444069
10,34066;;;-39,89246282
10,34116;;;-37,14571316
10,34166;;;-35,0093523
10,34216;;;-30,73663059
10,34266;;;-25,24313125
10,34316;;;-22,19118718
10,34366;;;-21,58079836
10,34416;;;-20,66521514
10,34466;;;-18,83404869
10,34516;;;-16,39249343
10,34566;;;-12,11977172
10,34616;;;-3,574328308
10,34666;;;5,886698331
10,34716;;;14,12694734
10,34766;;;20,84122431
10,34816;;;28,16589009
10,34866;;;34,88016706
10,34916;;;37,93211114
10,34966;;;38,54249995
10,35016;;;39,45808318
10,35066;;;40,06847199
10,35116;;;37,62691673
10,35166;;;32,74380621
10,35216;;;28,77627891
10,35266;;;25,72433483
10,35316;;;22,36719635
10,35366;;;19,31525227
10,35416;;;18,39966905
10,35466;;;17,48408582
10,35516;;;13,51655852
10,35566;;;7,107475961
10,35616;;;0,393198992
10,35666;;;-6,626272385
10,35716;;;-15,78210462
10,35766;;;-25,24313125
10,35816;;;-31,041825
10,35866;;;-35,0093523
10,35916;;;-39,28207401
10,35966;;;-42,63921249
10,36016;;;-42,02882368
10,36066;;;-39,28207401
10,36116;;;-37,75610197
10,36166;;;-35,61974112
10,36216;;;-29,82104737
10,36266;;;-23,1067704
10,36316;;;-20,66521514
10,36366;;;-21,27560395
10,36416;;;-19,1392431
10,36466;;;-14,56132699
10,36516;;;-11,81457732
10,36566;;;-9,678216462
10,36616;;;-1,437967454
10,36666;;;11,07500326
10,36716;;;20,84122431
10,36766;;;24,80875161
10,36816;;;30,30225095
10,36866;;;38,84769436
10,36916;;;42,81522166
10,36966;;;40,06847199
10,37016;;;39,45808318
10,37066;;;47,69833219
10,37116;;;55,32819238
10,37166;;;50,13988745
10,37216;;;35,49055588
10,37266;;;23,89316839
10,37316;;;21,45161312
10,37366;;;22,67239075
10,37416;;;22,36719635
10,37466;;;19,92564108
10,37516;;;16,87369701
10,37566;;;11,99058648
10,37616;;;4,6659207
10,37665;;;-4,489911531
10,37715;;;-13,95093817
10,37765;;;-21,58079836
10,37815;;;-27,37949211
10,37865;;;-31,65221382
10,37915;;;-36,23012993
10,37965;;;-39,28207401
10,38015;;;-39,89246282
10,38065;;;-38,06129638
10,38115;;;-35,61974112
10,38165;;;-32,56779704
10,38215;;;-27,98988092
10,38265;;;-22,80157599
10,38315;;;-20,05482632
10,38365;;;-18,52885429
10,38415;;;-17,30807665
10,38465;;;-15,78210462
10,38515;;;-14,56132699
10,38565;;;-11,2041885
10,38615;;;-2,658745085
10,38665;;;8,023059185
10,38715;;;15,95811378
10,38765;;;20,84122431
10,38815;;;26,94511246
10,38865;;;33,96458384
10,38915;;;37,93211114
10,38965;;;38,54249995
10,39015;;;38,84769436
10,39065;;;38,23730555
10,39115;;;35,18536147
10,39165;;;30,30225095
10,39215;;;26,94511246
10,39265;;;24,80875161
10,39315;;;22,06200194
10,39365;;;19,01005786
10,39415;;;17,78928023
10,39465;;;16,5685026
10,39515;;;13,21136412
10,39565;;;7,412670369
10,39615;;;0,6983933997
10,39665;;;-6,626272385
10,39715;;;-15,78210462
10,39765;;;-24,02235362
10,39815;;;-29,21065856
10,39865;;;-33,78857467
10,39915;;;-39,89246282
10,39965;;;-43,55479572
10,40015;;;-42,33401809
10,40065;;;-39,89246282
10,40115;;;-39,28207401
10,40165;;;-37,14571316
10,40215;;;-31,041825
10,40265;;;-25,24313125
10,40315;;;-24,32754803
10,40365;;;-25,24313125
10,40415;;;-22,49638159
10,40465;;;-19,1392431
10,40515;;;-18,22365988
10,40565;;;-15,1717158
10,40615;;;-5,100300347
10,40665;;;6,802281554
10,40715;;;13,51655852
10,40765;;;16,87369701
10,40815;;;23,58797398
10,40865;;;31,52302858
10,40915;;;34,88016706
10,40965;;;34,88016706
10,41015;;;37,32172232
10,41065;;;40,67886081
10,41115;;;37,62691673
10,41165;;;29,99705654
10,41215;;;25,72433483
10,41265;;;25,11394602
10,41315;;;22,97758516
10,41365;;;18,70486345
10,41415;;;17,78928023
10,41465;;;19,31525227
10,41515;;;16,87369701
10,41565;;;9,549031223
10,41615;;;1,308782215
10,41665;;;-5,710689162
10,41715;;;-14,56132699
10,41765;;;-23,1067704
10,41815;;;-28,90546415
10,41865;;;-32,87299145
10,41915;;;-38,06129638
10,41965;;;-41,72362927
10,42015;;;-40,50285164
10,42065;;;-37,14571316
10,42115;;;-35,61974112
10,42165;;;-33,17818586
10,42215;;;-27,37949211
10,42265;;;-21,88599277
10,42315;;;-21,58079836
10,42365;;;-22,19118718
10,42415;;;-19,1392431
10,42465;;;-15,1717158
10,42515;;;-14,86652139
10,42565;;;-13,03535495
10,42615;;;-3,574328308
10,42665;;;8,328253592
10,42715;;;15,04253056
10,42765;;;19,31525227
10,42815;;;27,25030687
10,42865;;;35,79575029
10,42915;;;37,93211114
10,42965;;;37,93211114
10,43015;;;41,89963844
10,43065;;;44,3411937
10,43115;;;37,93211114
10,43165;;;30,60744535
10,43215;;;35,18536147
10,43264;;;45,56197133
10,43314;;;43,73080489
10,43364;;;28,4710845
10,43414;;;15,95811378
10,43464;;;15,65291938
10,43514;;;17,48408582
10,43564;;;11,68539208
10,43614;;;1,308782215
10,43664;;;-7,236661201
10,43714;;;-15,1717158
10,43764;;;-23,41196481
10,43814;;;-29,51585296
10,43864;;;-33,78857467
10,43914;;;-38,9768796
10,43964;;;-43,85999012
10,44014;;;-44,47037894
10,44064;;;-40,80804605
10,44114;;;-38,36649079
10,44164;;;-36,23012993
10,44214;;;-30,12624178
10,44264;;;-22,19118718
10,44314;;;-18,83404869
10,44364;;;-20,66521514
10,44414;;;-21,27560395
10,44464;;;-18,83404869
10,44514;;;-16,69768784
10,44564;;;-13,64574376
10,44614;;;-5,405494754
10,44664;;;5,886698331
10,44714;;;14,73733615
10,44764;;;19,92564108
10,44814;;;25,41914042
10,44864;;;32,4386118
10,44914;;;36,4061391
10,44964;;;37,32172232
10,45014;;;38,23730555
10,45064;;;38,84769436
10,45114;;;35,49055588
10,45164;;;29,08147332
10,45214;;;25,11394602
10,45264;;;23,58797398
10,45314;;;21,14641872
10,45364;;;17,17889142
10,45414;;;15,04253056
10,45464;;;15,34772497
10,45514;;;13,82175293
10,45564;;;8,023059185
10,45614;;;0,08800458433
10,45664;;;-9,067827647
10,45714;;;-18,22365988
10,45764;;;-25,85352007
10,45814;;;-30,43143619
10,45864;;;-35,31454671
10,45914;;;-41,41843486
10,45964;;;-45,38596216
10,46014;;;-44,47037894
10,46064;;;-41,41843486
10,46114;;;-39,28207401
10,46164;;;-35,92493552
10,46214;;;-29,51585296
10,46264;;;-23,71715922
10,46314;;;-22,49638159
10,46364;;;-22,80157599
10,46414;;;-20,66521514
10,46464;;;-17,61327106
10,46514;;;-16,08729902
10,46564;;;-12,73016054
10,46614;;;-3,879522716
10,46664;;;7,412670369
10,46714;;;15,34772497
10,46764;;;21,45161312
10,46814;;;28,4710845
10,46864;;;35,49055588
10,46914;;;38,54249995
10,46964;;;39,45808318
10,47014;;;41,28924962
10,47064;;;41,59444403
10,47114;;;37,93211114
10,47164;;;32,74380621
10,47214;;;29,99705654
10,47264;;;28,16589009
10,47314;;;23,89316839
10,47364;;;20,23083549
10,47414;;;20,5360299
10,47464;;;20,84122431
10,47514;;;16,26330819
10,47564;;;8,938642408
10,47614;;;2,529559846
10,47664;;;-3,879522716
10,47714;;;-13,95093817
10,47764;;;-24,02235362
10,47814;;;-28,90546415
10,47864;;;-31,95740822
10,47914;;;-37,14571316
10,47964;;;-41,72362927
10,48014;;;-40,80804605
10,48064;;;-37,14571316
10,48114;;;-35,61974112
10,48164;;;-35,0093523
10,48214;;;-30,12624178
10,48264;;;-23,71715922
10,48314;;;-21,27560395
10,48364;;;-22,19118718
10,48414;;;-20,36002073
10,48464;;;-16,39249343
10,48514;;;-14,86652139
10,48564;;;-12,73016054
10,48614;;;-3,879522716
10,48664;;;9,243836815
10,48714;;;17,78928023
10,48764;;;20,5360299
10,48814;;;24,80875161
10,48864;;;33,65938943
10,48913;;;40,06847199
10,48963;;;38,84769436
10,49013;;;36,10094469
10,49063;;;37,32172232
10,49113;;;38,54249995
10,49163;;;33,96458384
10,49213;;;27,25030687
10,49263;;;24,80875161
10,49313;;;24,5035572
10,49363;;;22,06200194
10,49413;;;17,78928023
10,49463;;;17,17889142
10,49513;;;18,09447464
10,49563;;;14,73733615
10,49613;;;7,107475961
10,49663;;;0,08800458433
10,49713;;;-5,710689162
10,49763;;;-14,25613258
10,49813;;;-23,71715922
10,49863;;;-28,90546415
10,49913;;;-30,43143619
10,49963;;;-34,70415789
10,50013;;;-41,72362927
10,50063;;;-42,33401809
10,50113;;;-31,34701941
10,50163;;;-17,00288225
10,50213;;;-12,11977172
10,50263;;;-17,30807665
10,50313;;;-23,1067704
10,50363;;;-22,49638159
10,50413;;;-18,22365988
10,50463;;;-15,78210462
10,50513;;;-16,08729902
10,50563;;;-14,86652139
10,50613;;;-9,067827647
10,50663;;;0,08800458433
10,50713;;;8,328253592
10,50763;;;15,34772497
10,50813;;;22,06200194
10,50863;;;28,77627891
10,50913;;;33,65938943
10,50963;;;35,49055588
10,51013;;;36,71133351
10,51063;;;39,15288877
10,51113;;;39,45808318
10,51163;;;35,49055588
10,51213;;;29,69186213
10,51263;;;26,02952924
10,51313;;;24,5035572
10,51363;;;22,06200194
10,51413;;;19,01005786
10,51463;;;17,48408582
10,51513;;;16,26330819
10,51563;;;13,21136412
10,51613;;;8,023059185
10,51663;;;1,613976623
10,51713;;;-6,626272385
10,51763;;;-16,69768784
10,51813;;;-25,24313125
10,51863;;;-29,51585296
10,51913;;;-32,56779704
10,51963;;;-37,45090756
10,52013;;;-41,72362927
10,52063;;;-41,41843486
10,52113;;;-38,67168519
10,52163;;;-36,53532434
10,52213;;;-33,78857467
10,52263;;;-28,60026974
10,52313;;;-23,41196481
10,52363;;;-21,27560395
10,52413;;;-20,66521514
10,52463;;;-18,83404869
10,52513;;;-16,69768784
10,52563;;;-14,86652139
10,52613;;;-10,89899409
10,52663;;;-2,04835627
10,52713;;;8,328253592
10,52763;;;16,26330819
10,52813;;;22,36719635
10,52863;;;29,38666772
10,52913;;;35,79575029
10,52963;;;38,54249995
10,53013;;;39,45808318
10,53063;;;40,67886081
10,53113;;;40,98405522
10,53163;;;37,32172232
10,53213;;;31,82822299
10,53263;;;28,4710845
10,53313;;;26,63991805
10,53363;;;23,58797398
10,53413;;;20,84122431
10,53463;;;20,23083549
10,53513;;;19,31525227
10,53563;;;15,04253056
10,53613;;;8,938642408
10,53663;;;2,529559846
10,53713;;;-4,795105939
10,53763;;;-14,25613258
10,53813;;;-22,19118718
10,53863;;;-27,0742977
10,53913;;;-31,041825
10,53963;;;-36,53532434
10,54013;;;-40,19765723
10,54063;;;-39,28207401
10,54113;;;-36,53532434
10,54163;;;-35,61974112
10,54213;;;-33,78857467
10,54263;;;-28,29507533
10,54313;;;-21,88599277
10,54363;;;-19,74963192
10,54413;;;-20,05482632
10,54463;;;-18,52885429
10,54512;;;-15,47691021
10,54562;;;-12,73016054
10,54612;;;-8,457438831
10,54662;;;-0,2171898234
10,54712;;;9,854225631
10,54762;;;18,09447464
10,54812;;;24,19836279
10,54862;;;30,60744535
10,54912;;;36,71133351
10,54962;;;39,76327759
10,55012;;;40,67886081
10,55062;;;41,59444403
10,55112;;;41,59444403
10,55162;;;37,93211114
10,55212;;;32,74380621
10,55262;;;29,38666772
10,55312;;;27,25030687
10,55362;;;23,58797398
10,55412;;;20,23083549
10,55462;;;19,92564108
10,55512;;;20,23083549
10,55562;;;15,95811378
10,55612;;;8,328253592
10,55662;;;1,003587807
10,55712;;;-5,710689162
10,55762;;;-14,86652139
10,55812;;;-24,32754803
10,55862;;;-29,82104737
10,55912;;;-32,56779704
10,55962;;;-37,45090756
10,56012;;;-42,63921249
10,56062;;;-41,72362927
10,56112;;;-36,23012993
10,56162;;;-33,78857467
10,56212;;;-35,0093523
10,56262;;;-30,12624178
10,56312;;;-15,47691021
10,56362;;;-2,353550677
10,56412;;;-2,353550677
10,56462;;;-12,42496613
10,56512;;;-19,74963192
10,56562;;;-17,61327106
10,56612;;;-9,98341087
10,56662;;;-0,8275786388
10,56712;;;7,717864777
10,56762;;;15,95811378
10,56812;;;22,97758516
10,56862;;;29,38666772
10,56912;;;35,18536147
10,56962;;;38,84769436
10,57012;;;41,28924962
10,57062;;;42,51002725
10,57112;;;42,20483285
10,57162;;;39,15288877
10,57212;;;34,88016706
10,57262;;;31,52302858
10,57312;;;29,38666772
10,57362;;;26,94511246
10,57412;;;24,19836279
10,57462;;;22,67239075
10,57512;;;21,75680753
10,57562;;;18,39966905
10,57612;;;12,29578089
10,57662;;;4,6659207
10,57712;;;-3,574328308
10,57762;;;-13,34054935
10,57812;;;-21,88599277
10,57862;;;-27,98988092
10,57912;;;-32,26260263
10,57962;;;-37,45090756
10,58012;;;-41,11324046
10,58062;;;-40,50285164
10,58112;;;-38,36649079
10,58162;;;-36,53532434
10,58212;;;-33,78857467
10,58262;;;-28,29507533
10,58312;;;-23,41196481
10,58362;;;-21,88599277
10,58412;;;-22,19118718
10,58462;;;-20,66521514
10,58512;;;-18,22365988
10,58562;;;-16,39249343
10,58612;;;-12,42496613
10,58662;;;-3,2691339
10,58712;;;6,802281554
10,58762;;;14,73733615
10,58812;;;20,5360299
10,58862;;;27,55550128
10,58912;;;34,26977825
10,58962;;;37,01652792
10,59012;;;37,93211114
10,59062;;;38,84769436
10,59112;;;38,54249995
10,59162;;;34,26977825
10,59212;;;28,16589009
10,59262;;;24,19836279
10,59312;;;22,06200194
10,59362;;;19,01005786
10,59412;;;16,26330819
10,59462;;;15,65291938
10,59512;;;14,73733615
10,59562;;;10,76980885
10,59612;;;4,360726292
10,59662;;;-2,353550677
10,59712;;;-10,59379969
10,59762;;;-19,74963192
10,59812;;;-27,0742977
10,59862;;;-31,65221382
10,59912;;;-36,53532434
10,59962;;;-42,63921249
10,60012;;;-45,69115657
10,60062;;;-43,55479572
10,60112;;;-40,80804605
10,60161;;;-39,89246282
10,60211;;;-37,75610197
10,60261;;;-31,65221382
10,60311;;;-25,54832566
10,60361;;;-23,71715922
10,60411;;;-24,32754803
10,60461;;;-22,80157599
10,60511;;;-20,36002073
10,60561;;;-17,91846547
10,60611;;;-13,34054935
10,60661;;;-4,795105939
10,60711;;;4,6659207
10,60761;;;11,99058648
10,60811;;;19,01005786
10,60861;;;27,25030687
10,60911;;;33,65938943
10,60961;;;34,88016706
10,61011;;;34,88016706
10,61061;;;36,10094469
10,61111;;;36,10094469
10,61161;;;31,52302858
10,61211;;;26,63991805
10,61261;;;24,19836279
10,61311;;;22,06200194
10,61361;;;17,48408582
10,61411;;;14,12694734
10,61461;;;13,51655852
10,61511;;;12,6009753
10,61561;;;8,328253592
10,61611;;;1,919171031
10,61661;;;-3,879522716
10,61711;;;-11,81457732
10,61761;;;-21,27560395
10,61811;;;-28,29507533
10,61861;;;-32,26260263
10,61911;;;-36,84051875
10,61961;;;-42,9444069
10,62011;;;-45,08076776
10,62061;;;-42,02882368
10,62111;;;-39,58726842
10,62161;;;-38,67168519
10,62211;;;-35,0093523
10,62261;;;-27,68468652
10,62311;;;-23,1067704
10,62361;;;-23,1067704
10,62411;;;-21,27560395
10,62461;;;-17,30807665
10,62511;;;-16,08729902
10,62561;;;-16,08729902
10,62611;;;-5,710689162
10,62661;;;14,73733615
10,62711;;;29,69186213
10,62761;;;28,4710845
10,62811;;;21,75680753
10,62861;;;24,80875161
10,62911;;;34,26977825
10,62961;;;39,15288877
10,63011;;;38,23730555
10,63061;;;39,15288877
10,63111;;;40,67886081
10,63161;;;37,32172232
10,63211;;;31,21783417
10,63261;;;27,86069569
10,63311;;;27,25030687
10,63361;;;24,80875161
10,63411;;;21,14641872
10,63461;;;19,62044668
10,63511;;;19,31525227
10,63561;;;15,95811378
10,63611;;;9,854225631
10,63661;;;2,529559846
10,63711;;;-6,01588357
10,63761;;;-16,39249343
10,63811;;;-24,32754803
10,63861;;;-28,60026974
10,63911;;;-32,87299145
10,63961;;;-38,67168519
10,64011;;;-41,41843486
10,64061;;;-38,9768796
10,64111;;;-35,92493552
10,64161;;;-34,39896349
10,64211;;;-30,73663059
10,64261;;;-23,1067704
10,64311;;;-17,30807665
10,64361;;;-17,00288225
10,64411;;;-17,30807665
10,64461;;;-14,25613258
10,64511;;;-10,59379969
10,64561;;;-9,373022054
10,64611;;;-5,710689162
10,64661;;;3,139948661
10,64711;;;14,43214175
10,64761;;;21,75680753
10,64811;;;27,86069569
10,64861;;;35,18536147
10,64911;;;41,59444403
10,64961;;;43,73080489
10,65011;;;44,3411937
10,65061;;;45,86716574
10,65111;;;45,86716574
10,65161;;;41,59444403
10,65211;;;35,49055588
10,65261;;;31,82822299
10,65311;;;29,69186213
10,65361;;;26,33472365
10,65411;;;23,58797398
10,65461;;;22,36719635
10,65511;;;20,23083549
10,65561;;;15,65291938
10,65611;;;9,243836815
10,65661;;;2,529559846
10,65711;;;-6,321077977
10,65760;;;-16,39249343
10,65810;;;-24,02235362
10,65860;;;-28,29507533
10,65910;;;-33,17818586
10,65960;;;-39,58726842
10,66010;;;-42,63921249
10,66060;;;-40,80804605
10,66110;;;-38,36649079
10,66160;;;-37,45090756
10,66210;;;-35,0093523
10,66260;;;-28,60026974
10,66310;;;-23,71715922
10,66360;;;-23,41196481
10,66410;;;-24,02235362
10,66460;;;-21,27560395
10,66510;;;-17,91846547
10,66560;;;-16,08729902
10,66610;;;-12,42496613
10,66660;;;-3,879522716
10,66710;;;5,886698331
10,66760;;;13,51655852
10,66810;;;19,92564108
10,66860;;;26,94511246
10,66910;;;32,74380621
10,66960;;;35,18536147
10,67010;;;37,01652792
10,67060;;;38,54249995
10,67110;;;37,32172232
10,67160;;;32,4386118
10,67210;;;28,16589009
10,67260;;;26,94511246
10,67310;;;25,11394602
10,67360;;;21,45161312
10,67410;;;18,70486345
10,67460;;;18,39966905
10,67510;;;17,48408582
10,67560;;;13,21136412
10,67610;;;7,107475961
10,67660;;;1,003587807
10,67710;;;-6,931466793
10,67760;;;-17,00288225
10,67810;;;-24,63274244
10,67860;;;-29,51585296
10,67910;;;-34,70415789
10,67960;;;-40,50285164
10,68010;;;-43,24960131
10,68060;;;-41,41843486
10,68110;;;-39,58726842
10,68160;;;-38,06129638
10,68210;;;-34,09376908
10,68260;;;-27,68468652
10,68310;;;-23,71715922
10,68360;;;-23,41196481
10,68410;;;-22,19118718
10,68460;;;-19,1392431
10,68510;;;-17,30807665
10,68560;;;-16,08729902
10,68610;;;-10,59379969
10,68660;;;-0,5223842311
10,68710;;;8,328253592
10,68760;;;14,73733615
10,68810;;;22,36719635
10,68860;;;30,60744535
10,68910;;;34,57497265
10,68960;;;36,4061391
10,69010;;;40,06847199
10,69060;;;42,81522166
10,69110;;;39,15288877
10,69160;;;34,57497265
10,69210;;;38,84769436
10,69260;;;47,39313778
10,69310;;;44,95158252
10,69360;;;29,38666772
10,69410;;;17,17889142
10,69460;;;17,78928023
10,69510;;;20,84122431
10,69560;;;16,26330819
10,69610;;;7,412670369
10,69660;;;1,003587807
10,69710;;;-6,01588357
10,69760;;;-16,69768784
10,69810;;;-25,85352007
10,69860;;;-29,51585296
10,69910;;;-32,87299145
10,69960;;;-39,58726842
10,70010;;;-44,16518453
10,70060;;;-42,02882368
10,70110;;;-38,06129638
10,70160;;;-36,84051875
10,70210;;;-34,39896349
10,70260;;;-28,29507533
10,70310;;;-23,1067704
10,70360;;;-22,19118718
10,70410;;;-22,19118718
10,70460;;;-19,1392431
10,70510;;;-16,69768784
10,70560;;;-16,69768784
10,70610;;;-13,03535495
10,70660;;;-2,658745085
10,70710;;;8,023059185
10,70760;;;14,12694734
10,70810;;;18,70486345
10,70860;;;25,72433483
10,70910;;;32,4386118
10,70960;;;35,18536147
10,71010;;;36,10094469
10,71060;;;37,62691673
10,71110;;;37,32172232
10,71160;;;32,4386118
10,71210;;;27,25030687
10,71260;;;25,11394602
10,71310;;;23,58797398
10,71360;;;19,92564108
10,71409;;;16,87369701
10,71459;;;16,26330819
10,71509;;;15,04253056
10,71559;;;10,46461445
10,71609;;;4,360726292
10,71659;;;-1,437967454
10,71709;;;-9,678216462
10,71759;;;-19,74963192
10,71809;;;-28,29507533
10,71859;;;-33,17818586
10,71909;;;-37,75610197
10,71959;;;-43,24960131
10,72009;;;-45,99635098
10,72059;;;-44,47037894
10,72109;;;-42,33401809
10,72159;;;-41,41843486
10,72209;;;-37,75610197
10,72259;;;-31,041825
10,72309;;;-26,46390889
10,72359;;;-26,76910329
10,72409;;;-27,0742977
10,72459;;;-23,41196481
10,72509;;;-19,44443751
10,72559;;;-17,30807665
10,72609;;;-13,03535495
10,72659;;;-3,574328308
10,72709;;;7,107475961
10,72759;;;14,12694734
10,72809;;;19,62044668
10,72859;;;27,55550128
10,72909;;;36,10094469
10,72959;;;40,67886081
10,73009;;;42,20483285
10,73059;;;42,81522166
10,73109;;;41,59444403
10,73159;;;37,93211114
10,73209;;;32,74380621
10,73259;;;28,4710845
10,73309;;;25,41914042
10,73359;;;22,67239075
10,73409;;;21,75680753
10,73459;;;20,5360299
10,73509;;;17,78928023
10,73559;;;13,21136412
10,73609;;;8,938642408
10,73659;;;2,224365438
10,73709;;;-7,541855608
10,73759;;;-18,52885429
10,73809;;;-25,24313125
10,73859;;;-29,51585296
10,73909;;;-35,31454671
10,73959;;;-41,72362927
10,74009;;;-43,55479572
10,74059;;;-40,80804605
10,74109;;;-38,9768796
10,74159;;;-38,06129638
10,74209;;;-33,17818586
10,74259;;;-26,15871448
10,74309;;;-22,80157599
10,74359;;;-23,41196481
10,74409;;;-22,19118718
10,74459;;;-18,52885429
10,74509;;;-15,78210462
10,74559;;;-14,56132699
10,74609;;;-9,373022054
10,74659;;;-0,2171898234
10,74709;;;8,328253592
10,74759;;;15,65291938
10,74809;;;23,28277957
10,74859;;;30,30225095
10,74909;;;33,35419502
10,74959;;;35,79575029
10,75009;;;40,3736664
10,75059;;;42,20483285
10,75109;;;37,01652792
10,75159;;;32,4386118
10,75209;;;37,62691673
10,75259;;;45,25677692
10,75309;;;40,3736664
10,75359;;;24,80875161
10,75409;;;14,73733615
10,75459;;;16,26330819
10,75509;;;18,09447464
10,75559;;;12,90616971
10,75609;;;5,581503923
10,75659;;;0,08800458433
10,75709;;;-7,847050016
10,75759;;;-19,1392431
10,75809;;;-26,76910329
10,75859;;;-29,82104737
10,75909;;;-34,09376908
10,75959;;;-41,72362927
10,76009;;;-45,38596216
10,76059;;;-42,63921249
10,76109;;;-39,58726842
10,76159;;;-38,67168519
10,76209;;;-34,70415789
10,76259;;;-26,76910329
10,76309;;;-22,19118718
10,76359;;;-23,41196481
10,76409;;;-24,32754803
10,76459;;;-20,97040955
10,76509;;;-17,30807665
10,76559;;;-15,78210462
10,76609;;;-11,50938291
10,76659;;;-2,04835627
10,76709;;;7,717864777
10,76759;;;15,04253056
10,76809;;;22,36719635
10,76859;;;30,30225095
10,76909;;;36,4061391
10,76959;;;38,84769436
10,77008;;;40,98405522
10,77058;;;42,81522166
10,77108;;;41,89963844
10,77158;;;36,71133351
10,77208;;;32,13341739
10,77258;;;29,99705654
10,77308;;;27,86069569
10,77358;;;23,89316839
10,77408;;;21,45161312
10,77458;;;21,45161312
10,77508;;;19,92564108
10,77558;;;15,65291938
10,77608;;;9,854225631
10,77658;;;3,139948661
10,77708;;;-4,795105939
10,77758;;;-13,95093817
10,77808;;;-20,97040955
10,77858;;;-26,46390889
10,77908;;;-33,17818586
10,77958;;;-39,28207401
10,78008;;;-41,11324046
10,78058;;;-38,9768796
10,78108;;;-37,14571316
10,78158;;;-35,61974112
10,78208;;;-31,65221382
10,78258;;;-25,54832566
10,78308;;;-21,88599277
10,78358;;;-21,27560395
10,78408;;;-19,74963192
10,78458;;;-17,00288225
10,78508;;;-14,56132699
10,78558;;;-12,42496613
10,78608;;;-6,321077977
10,78658;;;2,834754254
10,78708;;;11,68539208
10,78758;;;18,39966905
10,78808;;;25,72433483
10,78858;;;33,65938943
10,78908;;;39,76327759
10,78958;;;42,81522166
10,79008;;;45,56197133
10,79058;;;47,39313778
10,79108;;;45,25677692
10,79158;;;39,76327759
10,79208;;;34,88016706
10,79258;;;32,74380621
10,79308;;;30,91263976
10,79358;;;27,86069569
10,79408;;;25,41914042
10,79458;;;24,80875161
10,79508;;;23,28277957
10,79558;;;18,70486345
10,79608;;;12,6009753
10,79658;;;5,276309515
10,79708;;;-3,574328308
10,79758;;;-12,73016054
10,79808;;;-19,44443751
10,79858;;;-24,93793685
10,79908;;;-31,041825
10,79958;;;-37,14571316
10,80008;;;-39,58726842
10,80058;;;-38,06129638
10,80108;;;-35,92493552
10,80158;;;-33,78857467
10,80208;;;-29,21065856
10,80258;;;-23,41196481
10,80308;;;-20,05482632
10,80358;;;-19,74963192
10,80408;;;-19,1392431
10,80458;;;-16,69768784
10,80508;;;-14,86652139
10,80558;;;-12,73016054
10,80608;;;-7,236661201
10,80658;;;1,613976623
10,80708;;;9,549031223
10,80758;;;15,34772497
10,80808;;;22,06200194
10,80858;;;29,99705654
10,80908;;;35,79575029
10,80958;;;37,93211114
10,81008;;;39,45808318
10,81058;;;41,28924962
10,81108;;;39,45808318
10,81158;;;33,35419502
10,81208;;;28,4710845
10,81258;;;27,25030687
10,81308;;;25,72433483
10,81358;;;22,06200194
10,81408;;;19,62044668
10,81458;;;20,5360299
10,81508;;;19,62044668
10,81558;;;13,51655852
10,81608;;;6,497087146
10,81658;;;2,529559846
10,81708;;;-3,574328308
10,81758;;;-15,47691021
10,81808;;;-26,15871448
10,81858;;;-25,85352007
10,81908;;;-19,1392431
10,81958;;;-19,1392431
10,82008;;;-29,21065856
10,82058;;;-39,89246282
10,82108;;;-41,72362927
10,82158;;;-36,53532434
10,82208;;;-30,12624178
10,82258;;;-25,85352007
10,82308;;;-23,71715922
10,82358;;;-22,49638159
10,82408;;;-20,97040955
10,82458;;;-18,83404869
10,82508;;;-16,69768784
10,82558;;;-14,25613258
10,82608;;;-9,067827647
10,82657;;;-0,8275786388
10,82707;;;7,412670369
10,82757;;;14,73733615
10,82807;;;21,75680753
10,82857;;;29,08147332
10,82907;;;34,57497265
10,82957;;;37,62691673
10,83007;;;39,45808318
10,83057;;;41,28924962
10,83107;;;40,06847199
10,83157;;;35,79575029
10,83207;;;31,21783417
10,83257;;;28,16589009
10,83307;;;26,02952924
10,83357;;;23,28277957
10,83407;;;21,75680753
10,83457;;;20,5360299
10,83507;;;17,48408582
10,83557;;;11,99058648
10,83607;;;6,497087146
10,83657;;;0,6983933997
10,83707;;;-7,541855608
10,83757;;;-17,30807665
10,83807;;;-24,32754803
10,83857;;;-28,90546415
10,83907;;;-34,09376908
10,83957;;;-39,89246282
10,84007;;;-42,02882368
10,84057;;;-40,19765723
10,84107;;;-37,45090756
10,84157;;;-35,31454671
10,84207;;;-30,73663059
10,84257;;;-24,32754803
10,84307;;;-20,66521514
10,84357;;;-20,66521514
10,84407;;;-20,36002073
10,84457;;;-17,61327106
10,84507;;;-14,86652139
10,84557;;;-13,03535495
10,84607;;;-8,152244424
10,84657;;;0,393198992
10,84707;;;9,854225631
10,84757;;;16,87369701
10,84807;;;23,58797398
10,84857;;;30,91263976
10,84907;;;36,4061391
10,84957;;;39,15288877
10,85007;;;40,98405522
10,85057;;;42,20483285
10,85107;;;40,3736664
10,85157;;;34,88016706
10,85207;;;29,69186213
10,85257;;;26,94511246
10,85307;;;24,80875161
10,85357;;;22,36719635
10,85407;;;20,84122431
10,85457;;;20,5360299
10,85507;;;18,70486345
10,85557;;;14,73733615
10,85607;;;8,938642408
10,85657;;;1,919171031
10,85707;;;-6,931466793
10,85757;;;-16,39249343
10,85807;;;-23,41196481
10,85857;;;-29,21065856
10,85907;;;-35,0093523
10,85957;;;-39,89246282
10,86007;;;-41,11324046
10,86057;;;-39,58726842
10,86107;;;-37,75610197
10,86157;;;-35,31454671
10,86207;;;-30,73663059
10,86257;;;-25,24313125
10,86307;;;-22,80157599
10,86357;;;-22,49638159
10,86407;;;-21,27560395
10,86457;;;-18,52885429
10,86507;;;-16,08729902
10,86557;;;-14,25613258
10,86607;;;-9,373022054
10,86657;;;-0,5223842311
10,86707;;;8,328253592
10,86757;;;15,95811378
10,86807;;;22,67239075
10,86857;;;29,38666772
10,86907;;;35,18536147
10,86957;;;38,54249995
10,87007;;;40,3736664
10,87057;;;40,67886081
10,87107;;;39,45808318
10,87157;;;35,79575029
10,87207;;;30,60744535
10,87257;;;26,33472365
10,87307;;;23,89316839
10,87357;;;21,75680753
10,87407;;;19,31525227
10,87457;;;15,95811378
10,87507;;;13,21136412
10,87557;;;9,243836815
10,87607;;;2,224365438
10,87657;;;-6,321077977
10,87707;;;-13,95093817
10,87757;;;-20,36002073
10,87807;;;-28,90546415
10,87857;;;-38,36649079
10,87907;;;-41,72362927
10,87957;;;-35,92493552
10,88007;;;-31,041825
10,88057;;;-36,53532434
10,88107;;;-47,82751742
10,88157;;;-50,57426709
10,88207;;;-42,02882368
10,88256;;;-34,09376908
10,88306;;;-33,48338026
10,88356;;;-34,39896349
10,88406;;;-31,041825
10,88456;;;-26,46390889
10,88506;;;-25,24313125
10,88556;;;-24,02235362
10,88606;;;-17,30807665
10,88656;;;-7,236661201
10,88706;;;0,6983933997
10,88756;;;7,412670369
10,88806;;;15,65291938
10,88856;;;23,89316839
10,88906;;;29,38666772
10,88956;;;33,04900062
10,89006;;;36,71133351
10,89056;;;37,93211114
10,89106;;;34,88016706
10,89156;;;29,99705654
10,89206;;;26,94511246
10,89256;;;24,80875161
10,89306;;;21,75680753
10,89356;;;19,01005786
10,89406;;;18,09447464
10,89456;;;17,48408582
10,89506;;;14,12694734
10,89556;;;9,854225631
10,89606;;;5,886698331
10,89656;;;0,08800458433
10,89706;;;-9,373022054
10,89756;;;-18,83404869
10,89806;;;-24,93793685
10,89856;;;-29,82104737
10,89906;;;-36,23012993
10,89956;;;-42,02882368
10,90006;;;-43,24960131
10,90056;;;-41,11324046
10,90106;;;-39,89246282
10,90156;;;-37,75610197
10,90206;;;-31,65221382
10,90256;;;-24,63274244
10,90306;;;-21,58079836
10,90356;;;-21,88599277
10,90406;;;-20,36002073
10,90456;;;-17,00288225
10,90506;;;-15,1717158
10,90556;;;-13,64574376
10,90606;;;-7,847050016
10,90656;;;1,308782215
10,90706;;;9,854225631
10,90756;;;16,87369701
10,90806;;;24,19836279
10,90856;;;31,82822299
10,90906;;;36,10094469
10,90956;;;37,93211114
10,91006;;;39,76327759
10,91056;;;41,28924962
10,91106;;;38,84769436
10,91156;;;33,65938943
10,91206;;;29,69186213
10,91256;;;27,55550128
10,91306;;;24,80875161
10,91356;;;21,14641872
10,91406;;;19,31525227
10,91456;;;19,31525227
10,91506;;;16,5685026
10,91556;;;11,38019767
10,91606;;;5,581503923
10,91656;;;-0,8275786388
10,91706;;;-9,678216462
10,91756;;;-18,83404869
10,91806;;;-25,54832566
10,91856;;;-30,73663059
10,91906;;;-36,84051875
10,91956;;;-42,63921249
10,92006;;;-44,47037894
10,92056;;;-42,9444069
10,92106;;;-41,41843486
10,92156;;;-38,67168519
10,92206;;;-33,17818586
10,92256;;;-27,0742977
10,92306;;;-24,32754803
10,92356;;;-23,41196481
10,92406;;;-21,27560395
10,92456;;;-18,52885429
10,92506;;;-17,00288225
10,92556;;;-14,25613258
10,92606;;;-7,236661201
10,92656;;;1,308782215
10,92706;;;8,938642408
10,92756;;;16,26330819
10,92806;;;24,5035572
10,92856;;;31,52302858
10,92906;;;35,49055588
10,92956;;;38,54249995
10,93006;;;42,20483285
10,93056;;;43,42561048
10,93106;;;39,76327759
10,93156;;;34,88016706
10,93206;;;33,04900062
10,93256;;;31,52302858
10,93306;;;28,16589009
10,93356;;;25,41914042
10,93406;;;25,41914042
10,93456;;;24,5035572
10,93506;;;19,62044668
10,93556;;;14,12694734
10,93606;;;10,46461445
10,93656;;;4,055531884
10,93706;;;-6,321077977
10,93756;;;-16,08729902
10,93806;;;-20,05482632
10,93856;;;-24,32754803
10,93905;;;-32,56779704
10,93955;;;-39,89246282
10,94005;;;-39,89246282
10,94055;;;-37,14571316
10,94105;;;-36,84051875
10,94155;;;-34,09376908
10,94205;;;-26,46390889
10,94255;;;-21,27560395
10,94305;;;-23,41196481
10,94355;;;-22,80157599
10,94405;;;-10,59379969
10,94455;;;2,224365438
10,94505;;;0,393198992
10,94555;;;-10,28860528
10,94605;;;-12,42496613
10,94655;;;-0,8275786388
10,94705;;;10,46461445
10,94755;;;15,95811378
10,94805;;;20,84122431
10,94855;;;29,69186213
10,94905;;;37,01652792
10,94955;;;39,76327759
10,95005;;;42,20483285
10,95055;;;44,03599929
10,95105;;;41,59444403
10,95155;;;35,49055588
10,95205;;;30,60744535
10,95255;;;28,77627891
10,95305;;;26,33472365
10,95355;;;23,28277957
10,95405;;;21,75680753
10,95455;;;20,84122431
10,95505;;;17,17889142
10,95555;;;11,38019767
10,95605;;;6,497087146
10,95655;;;1,003587807
10,95705;;;-8,152244424
10,95755;;;-18,52885429
10,95805;;;-25,24313125
10,95855;;;-29,51585296
10,95905;;;-36,23012993
10,95955;;;-42,33401809
10,96005;;;-42,63921249
10,96055;;;-38,9768796
10,96105;;;-36,84051875
10,96155;;;-35,31454671
10,96205;;;-30,12624178
10,96255;;;-23,71715922
10,96305;;;-20,97040955
10,96355;;;-21,27560395
10,96405;;;-20,36002073
10,96455;;;-17,91846547
10,96505;;;-16,08729902
10,96555;;;-13,64574376
10,96605;;;-6,321077977
10,96655;;;3,139948661
10,96705;;;10,76980885
10,96755;;;17,17889142
10,96805;;;24,80875161
10,96855;;;32,74380621
10,96905;;;37,62691673
10,96955;;;40,67886081
10,97005;;;43,73080489
10,97055;;;44,64638811
10,97105;;;41,28924962
10,97155;;;36,4061391
10,97205;;;33,65938943
10,97255;;;31,52302858
10,97305;;;27,55550128
10,97355;;;24,5035572
10,97405;;;25,11394602
10,97455;;;25,41914042
10,97505;;;20,84122431
10,97555;;;14,43214175
10,97605;;;9,854225631
10,97655;;;4,055531884
10,97705;;;-6,321077977
10,97755;;;-17,00288225
10,97805;;;-22,49638159
10,97855;;;-26,15871448
10,97905;;;-33,48338026
10,97955;;;-41,11324046
10,98005;;;-42,63921249
10,98055;;;-39,58726842
10,98105;;;-38,36649079
10,98155;;;-37,45090756
10,98205;;;-31,34701941
10,98255;;;-23,1067704
10,98305;;;-20,36002073
10,98355;;;-22,49638159
10,98405;;;-22,19118718
10,98455;;;-17,91846547
10,98505;;;-14,25613258
10,98555;;;-11,81457732
10,98605;;;-6,931466793
10,98655;;;1,003587807
10,98705;;;9,549031223
10,98755;;;17,17889142
10,98805;;;25,41914042
10,98855;;;33,35419502
10,98905;;;38,54249995
10,98955;;;41,28924962
10,99005;;;43,73080489
10,99055;;;43,42561048
10,99105;;;39,15288877
10,99155;;;34,26977825
10,99205;;;31,52302858
10,99255;;;29,69186213
10,99305;;;26,33472365
10,99355;;;22,97758516
10,99405;;;22,06200194
10,99455;;;21,75680753
10,99504;;;18,39966905
10,99554;;;13,82175293
10,99604;;;8,633448
10,99654;;;1,003587807
10,99704;;;-9,373022054
10,99754;;;-18,22365988
10,99804;;;-23,71715922
10,99854;;;-29,82104737
10,99904;;;-38,67168519
10,99954;;;-44,47037894
11,00004;;;-44,47037894
11,00054;;;-42,33401809
11,00104;;;-41,11324046
11,00154;;;-38,67168519
11,00204;;;-33,17818586
11,00254;;;-28,60026974
11,00304;;;-27,0742977
11,00354;;;-26,15871448
11,00404;;;-23,41196481
11,00454;;;-21,58079836
11,00504;;;-20,36002073
11,00554;;;-15,47691021
11,00604;;;-7,847050016
11,00654;;;-3,2691339
11,00704;;;2,224365438
11,00754;;;17,17889142
11,00804;;;37,01652792
11,00854;;;45,25677692
11,00904;;;37,01652792
11,00954;;;29,38666772
11,01004;;;33,35419502
11,01054;;;39,45808318
11,01104;;;35,79575029
11,01154;;;27,55550128
11,01204;;;25,11394602
11,01254;;;26,33472365
11,01304;;;22,36719635
11,01354;;;16,87369701
11,01404;;;17,17889142
11,01454;;;19,92564108
11,01504;;;16,5685026
11,01554;;;8,633448
11,01604;;;2,224365438
11,01654;;;-3,574328308
11,01704;;;-13,03535495
11,01754;;;-23,41196481
11,01804;;;-29,51585296
11,01854;;;-33,78857467
11,01904;;;-40,80804605
11,01954;;;-47,52232302
11,02004;;;-49,04829506
11,02054;;;-46,30154539
11,02104;;;-44,47037894
11,02154;;;-42,33401809
11,02204;;;-36,53532434
11,02254;;;-30,12624178
11,02304;;;-27,98988092
11,02354;;;-27,98988092
11,02404;;;-25,24313125
11,02454;;;-20,66521514
11,02504;;;-18,22365988
11,02554;;;-15,78210462
11,02604;;;-9,373022054
11,02654;;;0,08800458433
11,02704;;;8,633448
11,02754;;;16,5685026
11,02804;;;25,11394602
11,02854;;;32,13341739
11,02904;;;36,10094469
11,02954;;;39,45808318
11,03004;;;43,73080489
11,03054;;;44,64638811
11,03104;;;39,76327759
11,03154;;;33,96458384
11,03204;;;31,52302858
11,03254;;;30,30225095
11,03304;;;26,33472365
11,03354;;;22,67239075
11,03404;;;22,06200194
11,03454;;;21,45161312
11,03504;;;17,48408582
11,03554;;;11,68539208
11,03604;;;7,412670369
11,03654;;;1,919171031
11,03704;;;-7,541855608
11,03754;;;-17,30807665
11,03804;;;-23,1067704
11,03854;;;-27,68468652
11,03904;;;-34,39896349
11,03954;;;-40,50285164
11,04004;;;-41,11324046
11,04054;;;-38,67168519
11,04104;;;-37,45090756
11,04154;;;-35,31454671
11,04204;;;-28,90546415
11,04254;;;-21,88599277
11,04304;;;-20,36002073
11,04354;;;-21,88599277
11,04404;;;-20,66521514
11,04454;;;-16,39249343
11,04504;;;-13,64574376
11,04554;;;-11,50938291
11,04604;;;-5,100300347
11,04654;;;4,055531884
11,04704;;;12,6009753
11,04754;;;19,31525227
11,04804;;;26,94511246
11,04854;;;34,57497265
11,04904;;;39,15288877
11,04954;;;41,89963844
11,05004;;;44,95158252
11,05054;;;46,47755455
11,05104;;;42,81522166
11,05153;;;36,71133351
11,05203;;;32,4386118
11,05253;;;30,30225095
11,05303;;;27,25030687
11,05353;;;24,5035572
11,05403;;;23,58797398
11,05453;;;22,67239075
11,05503;;;19,01005786
11,05553;;;13,82175293
11,05603;;;8,633448
11,05653;;;1,919171031
11,05703;;;-7,847050016
11,05753;;;-17,61327106
11,05803;;;-23,1067704
11,05853;;;-27,37949211
11,05903;;;-33,48338026
11,05953;;;-39,58726842
11,06003;;;-41,72362927
11,06053;;;-40,50285164
11,06103;;;-38,9768796
11,06153;;;-36,23012993
11,06203;;;-30,73663059
11,06253;;;-24,93793685
11,06303;;;-23,1067704
11,06353;;;-22,80157599
11,06403;;;-21,27560395
11,06453;;;-18,22365988
11,06503;;;-15,78210462
11,06553;;;-12,42496613
11,06603;;;-6,321077977
11,06653;;;1,308782215
11,06703;;;9,243836815
11,06753;;;17,17889142
11,06803;;;25,11394602
11,06853;;;30,91263976
11,06903;;;35,49055588
11,06953;;;40,67886081
11,07003;;;44,03599929
11,07053;;;41,28924962
11,07103;;;36,71133351
11,07153;;;39,45808318
11,07203;;;47,39313778
11,07253;;;45,86716574
11,07303;;;30,60744535
11,07353;;;15,04253056
11,07403;;;12,90616971
11,07453;;;17,17889142
11,07503;;;15,34772497
11,07553;;;7,717864777
11,07603;;;3,750337477
11,07653;;;3,139948661
11,07703;;;-3,2691339
11,07753;;;-15,78210462
11,07803;;;-24,63274244
11,07853;;;-27,37949211
11,07903;;;-31,041825
11,07953;;;-39,28207401
11,08003;;;-45,08076776
11,08053;;;-44,47037894
11,08103;;;-41,72362927
11,08153;;;-41,11324046
11,08203;;;-38,67168519
11,08253;;;-31,95740822
11,08303;;;-25,54832566
11,08353;;;-24,02235362
11,08403;;;-24,63274244
11,08453;;;-23,41196481
11,08503;;;-20,66521514
11,08553;;;-18,83404869
11,08603;;;-15,78210462
11,08653;;;-9,98341087
11,08703;;;-1,743161862
11,08753;;;5,581503923
11,08803;;;13,21136412
11,08853;;;21,75680753
11,08903;;;29,99705654
11,08953;;;35,49055588
11,09003;;;39,15288877
11,09053;;;41,89963844
11,09103;;;42,20483285
11,09153;;;39,45808318
11,09203;;;34,88016706
11,09253;;;31,21783417
11,09303;;;28,16589009
11,09353;;;24,80875161
11,09403;;;22,97758516
11,09453;;;22,06200194
11,09503;;;20,23083549
11,09553;;;16,26330819
11,09603;;;11,99058648
11,09653;;;8,023059185
11,09703;;;1,308782215
11,09753;;;-8,152244424
11,09803;;;-17,61327106
11,09853;;;-23,71715922
11,09903;;;-29,51585296
11,09953;;;-36,53532434
11,10003;;;-41,72362927
11,10053;;;-42,63921249
11,10103;;;-41,41843486
11,10153;;;-40,19765723
11,10203;;;-37,14571316
11,10253;;;-31,34701941
11,10303;;;-26,15871448
11,10353;;;-24,32754803
11,10403;;;-24,02235362
11,10453;;;-20,97040955
11,10503;;;-17,91846547
11,10553;;;-16,39249343
11,10603;;;-14,25613258
11,10653;;;-7,847050016
11,10703;;;1,003587807
11,10752;;;9,549031223
11,10802;;;16,87369701
11,10852;;;24,80875161
11,10902;;;32,13341739
11,10952;;;36,71133351
11,11002;;;39,45808318
11,11052;;;41,28924962
11,11102;;;40,98405522
11,11152;;;38,23730555
11,11202;;;35,18536147
11,11252;;;31,82822299
11,11302;;;27,25030687
11,11352;;;21,75680753
11,11402;;;19,92564108
11,11452;;;21,45161312
11,11502;;;20,23083549
11,11552;;;13,82175293
11,11602;;;7,412670369
11,11652;;;3,445143069
11,11702;;;-2,353550677
11,11752;;;-12,73016054
11,11802;;;-22,49638159
11,11852;;;-27,98988092
11,11902;;;-33,17818586
11,11952;;;-41,11324046
11,12002;;;-47,21712861
11,12052;;;-47,21712861
11,12102;;;-45,08076776
11,12152;;;-44,47037894
11,12202;;;-42,33401809
11,12252;;;-35,31454671
11,12302;;;-28,29507533
11,12352;;;-27,0742977
11,12402;;;-27,98988092
11,12452;;;-25,85352007
11,12502;;;-22,49638159
11,12552;;;-20,66521514
11,12602;;;-17,91846547
11,12652;;;-10,89899409
11,12702;;;-1,437967454
11,12752;;;6,802281554
11,12802;;;14,73733615
11,12852;;;22,97758516
11,12902;;;29,99705654
11,12952;;;34,88016706
11,13002;;;39,76327759
11,13052;;;43,42561048
11,13102;;;42,81522166
11,13152;;;38,23730555
11,13202;;;34,57497265
11,13252;;;32,4386118
11,13302;;;28,4710845
11,13352;;;25,11394602
11,13402;;;25,41914042
11,13452;;;26,02952924
11,13502;;;20,5360299
11,13552;;;14,43214175
11,13602;;;18,09447464
11,13652;;;25,72433483
11,13702;;;19,31525227
11,13752;;;-2,658745085
11,13802;;;-22,19118718
11,13852;;;-27,37949211
11,13902;;;-28,29507533
11,13952;;;-36,23012993
11,14002;;;-44,77557335
11,14052;;;-43,85999012
11,14102;;;-38,67168519
11,14152;;;-37,45090756
11,14202;;;-36,84051875
11,14252;;;-30,12624178
11,14302;;;-22,49638159
11,14352;;;-20,97040955
11,14402;;;-22,49638159
11,14452;;;-20,05482632
11,14502;;;-15,78210462
11,14552;;;-13,64574376
11,14602;;;-11,2041885
11,14652;;;-2,963939493
11,14702;;;6,497087146
11,14752;;;12,90616971
11,14802;;;18,39966905
11,14852;;;27,25030687
11,14902;;;36,4061391
11,14952;;;40,67886081
11,15002;;;43,12041607
11,15052;;;47,69833219
11,15102;;;50,44508186
11,15152;;;46,78274896
11,15202;;;40,06847199
11,15252;;;36,10094469
11,15302;;;34,26977825
11,15352;;;30,30225095
11,15402;;;27,25030687
11,15452;;;27,25030687
11,15502;;;26,63991805
11,15552;;;21,75680753
11,15602;;;14,73733615
11,15652;;;9,854225631
11,15702;;;4,055531884
11,15752;;;-5,100300347
11,15802;;;-15,1717158
11,15852;;;-20,66521514
11,15902;;;-24,93793685
11,15952;;;-32,87299145
11,16002;;;-40,50285164
11,16052;;;-42,02882368
11,16102;;;-38,9768796
11,16152;;;-37,14571316
11,16202;;;-35,61974112
11,16252;;;-30,12624178
11,16302;;;-23,71715922
11,16352;;;-21,27560395
11,16401;;;-21,88599277
11,16451;;;-20,97040955
11,16501;;;-17,91846547
11,16551;;;-16,39249343
11,16601;;;-14,25613258
11,16651;;;-8,152244424
11,16701;;;1,003587807
11,16751;;;9,243836815
11,16801;;;15,65291938
11,16851;;;22,97758516
11,16901;;;30,30225095
11,16951;;;35,79575029
11,17001;;;39,76327759
11,17051;;;42,81522166
11,17101;;;43,12041607
11,17151;;;38,84769436
11,17201;;;33,96458384
11,17251;;;31,52302858
11,17301;;;29,69186213
11,17351;;;26,02952924
11,17401;;;23,28277957
11,17451;;;23,28277957
11,17501;;;22,36719635
11,17551;;;18,09447464
11,17601;;;12,6009753
11,17651;;;8,328253592
11,17701;;;1,308782215
11,17751;;;-9,373022054
11,17801;;;-19,44443751
11,17851;;;-24,93793685
11,17901;;;-29,51585296
11,17951;;;-37,14571316
11,18001;;;-43,85999012
11,18051;;;-44,47037894
11,18101;;;-41,41843486
11,18151;;;-39,28207401
11,18201;;;-36,84051875
11,18251;;;-31,041825
11,18301;;;-24,63274244
11,18351;;;-22,19118718
11,18401;;;-22,19118718
11,18451;;;-20,66521514
11,18501;;;-17,61327106
11,18551;;;-15,1717158
11,18601;;;-12,42496613
11,18651;;;-6,321077977
11,18701;;;1,308782215
11,18751;;;8,938642408
11,18801;;;16,26330819
11,18851;;;24,5035572
11,18901;;;32,13341739
11,18951;;;37,01652792
11,19001;;;40,3736664
11,19051;;;43,42561048
11,19101;;;43,73080489
11,19151;;;40,3736664
11,19201;;;35,49055588
11,19251;;;31,52302858
11,19301;;;29,08147332
11,19351;;;26,63991805
11,19401;;;24,19836279
11,19451;;;21,75680753
11,19501;;;19,62044668
11,19551;;;17,17889142
11,19601;;;13,21136412
11,19651;;;7,717864777
11,19701;;;0,08800458433
11,19751;;;-7,847050016
11,19801;;;-16,39249343
11,19851;;;-25,24313125
11,19901;;;-32,56779704
11,19951;;;-32,56779704
11,20001;;;-26,46390889
11,20051;;;-24,32754803
11,20101;;;-32,56779704
11,20151;;;-42,02882368
11,20201;;;-41,11324046
11,20251;;;-31,041825
11,20301;;;-24,32754803
11,20351;;;-24,93793685
11,20401;;;-25,54832566
11,20451;;;-21,58079836
11,20501;;;-17,91846547
11,20551;;;-17,00288225
11,20601;;;-13,64574376
11,20651;;;-6,321077977
11,20701;;;1,308782215
11,20751;;;7,412670369
11,20801;;;15,04253056
11,20851;;;24,80875161
11,20901;;;32,4386118
11,20951;;;36,4061391
11,21001;;;40,06847199
11,21051;;;43,42561048
11,21101;;;43,12041607
11,21151;;;38,23730555
11,21201;;;33,35419502
11,21251;;;31,52302858
11,21301;;;29,38666772
11,21351;;;25,41914042
11,21401;;;22,97758516
11,21451;;;22,36719635
11,21501;;;19,92564108
11,21551;;;14,12694734
11,21601;;;9,243836815
11,21651;;;6,191892738
11,21701;;;0,08800458433
11,21751;;;-11,2041885
11,21801;;;-21,27560395
11,21851;;;-26,76910329
11,21901;;;-31,65221382
11,21951;;;-39,58726842
11,22000;;;-45,99635098
11,22050;;;-46,60673979
11,22100;;;-44,77557335
11,22150;;;-43,85999012
11,22200;;;-41,41843486
11,22250;;;-35,31454671
11,22300;;;-29,82104737
11,22350;;;-28,60026974
11,22400;;;-28,60026974
11,22450;;;-26,15871448
11,22500;;;-22,49638159
11,22550;;;-20,36002073
11,22600;;;-17,91846547
11,22650;;;-11,50938291
11,22700;;;-2,353550677
11,22750;;;6,191892738
11,22800;;;14,73733615
11,22850;;;23,58797398
11,22900;;;30,30225095
11,22950;;;33,96458384
11,23000;;;37,01652792
11,23050;;;39,76327759
11,23100;;;40,06847199
11,23150;;;36,10094469
11,23200;;;31,21783417
11,23250;;;27,86069569
11,23300;;;24,5035572
11,23350;;;20,84122431
11,23400;;;18,70486345
11,23450;;;17,78928023
11,23500;;;15,65291938
11,23550;;;10,76980885
11,23600;;;6,497087146
11,23650;;;2,529559846
11,23700;;;-4,795105939
11,23750;;;-16,08729902
11,23800;;;-25,54832566
11,23850;;;-31,34701941
11,23900;;;-37,75610197
11,23950;;;-46,60673979
11,24000;;;-52,10023913
11,24050;;;-50,8794615
11,24100;;;-48,13271183
11,24150;;;-47,21712861
11,24200;;;-44,77557335
11,24250;;;-38,36649079
11,24300;;;-31,95740822
11,24350;;;-30,43143619
11,24400;;;-30,12624178
11,24450;;;-27,37949211
11,24500;;;-24,02235362
11,24550;;;-22,19118718
11,24600;;;-19,44443751
11,24650;;;-12,11977172
11,24700;;;-2,353550677
11,24750;;;5,276309515
11,24800;;;11,68539208
11,24850;;;19,62044668
11,24900;;;28,16589009
11,24950;;;35,18536147
11,25000;;;39,76327759
11,25050;;;42,20483285
11,25100;;;41,89963844
11,25150;;;38,54249995
11,25200;;;34,26977825
11,25250;;;31,52302858
11,25300;;;29,08147332
11,25350;;;26,33472365
11,25400;;;24,19836279
11,25450;;;22,97758516
11,25500;;;20,84122431
11,25550;;;16,26330819
11,25600;;;10,76980885
11,25650;;;5,886698331
11,25700;;;-0,2171898234
11,25750;;;-9,98341087
11,25800;;;-20,05482632
11,25850;;;-26,46390889
11,25900;;;-31,65221382
11,25950;;;-38,67168519
11,26000;;;-44,47037894
11,26050;;;-45,08076776
11,26100;;;-41,72362927
11,26150;;;-39,28207401
11,26200;;;-37,75610197
11,26250;;;-32,87299145
11,26300;;;-25,85352007
11,26350;;;-23,1067704
11,26400;;;-26,46390889
11,26450;;;-27,68468652
11,26500;;;-18,83404869
11,26550;;;-4,795105939
11,26600;;;2,834754254
11,26650;;;1,308782215
11,26700;;;-0,8275786388
11,26750;;;3,750337477
11,26800;;;14,43214175
11,26850;;;24,5035572
11,26900;;;30,91263976
11,26950;;;36,4061391
11,27000;;;41,89963844
11,27050;;;44,95158252
11,27100;;;43,12041607
11,27150;;;39,45808318
11,27200;;;36,4061391
11,27250;;;33,96458384
11,27300;;;30,91263976
11,27350;;;27,86069569
11,27400;;;26,33472365
11,27450;;;25,11394602
11,27500;;;22,36719635
11,27550;;;18,39966905
11,27600;;;15,04253056
11,27649;;;10,46461445
11,27699;;;1,613976623
11,27749;;;-8,457438831
11,27799;;;-16,08729902
11,27849;;;-21,88599277
11,27899;;;-29,21065856
11,27949;;;-37,45090756
11,27999;;;-42,02882368
11,28049;;;-41,11324046
11,28099;;;-39,28207401
11,28149;;;-38,06129638
11,28199;;;-34,39896349
11,28249;;;-27,98988092
11,28299;;;-22,80157599
11,28349;;;-21,27560395
11,28399;;;-20,36002073
11,28449;;;-17,61327106
11,28499;;;-14,56132699
11,28549;;;-12,11977172
11,28599;;;-7,541855608
11,28649;;;-0,2171898234
11,28699;;;7,412670369
11,28749;;;14,73733615
11,28799;;;23,28277957
11,28849;;;32,74380621
11,28899;;;39,76327759
11,28949;;;43,12041607
11,28999;;;47,08794337
11,29049;;;51,66585949
11,29099;;;51,36066508
11,29149;;;45,56197133
11,29199;;;39,45808318
11,29249;;;36,71133351
11,29299;;;34,88016706
11,29349;;;31,21783417
11,29399;;;28,77627891
11,29449;;;28,4710845
11,29499;;;26,94511246
11,29549;;;21,75680753
11,29599;;;15,95811378
11,29649;;;10,76980885
11,29699;;;3,445143069
11,29749;;;-6,01588357
11,29799;;;-13,95093817
11,29849;;;-19,1392431
11,29899;;;-25,24313125
11,29949;;;-33,78857467
11,29999;;;-39,58726842
11,30049;;;-39,28207401
11,30099;;;-36,53532434
11,30149;;;-35,31454671
11,30199;;;-32,26260263
11,30249;;;-25,54832566
11,30299;;;-19,44443751
11,30349;;;-18,52885429
11,30399;;;-19,74963192
11,30449;;;-17,91846547
11,30499;;;-14,25613258
11,30549;;;-11,81457732
11,30599;;;-8,762633239
11,30649;;;-2,963939493
11,30699;;;4,055531884
11,30749;;;11,07500326
11,30799;;;19,01005786
11,30849;;;28,16589009
11,30899;;;35,79575029
11,30949;;;40,06847199
11,30999;;;43,12041607
11,31049;;;46,17236015
11,31099;;;46,47755455
11,31149;;;42,51002725
11,31199;;;37,32172232
11,31249;;;33,65938943
11,31299;;;30,91263976
11,31349;;;27,86069569
11,31399;;;25,41914042
11,31449;;;24,19836279
11,31499;;;21,75680753
11,31549;;;17,78928023
11,31599;;;13,82175293
11,31649;;;9,549031223
11,31699;;;2,224365438
11,31749;;;-7,541855608
11,31799;;;-15,78210462
11,31849;;;-21,58079836
11,31899;;;-28,60026974
11,31949;;;-37,45090756
11,31999;;;-42,9444069
11,32049;;;-42,33401809
11,32099;;;-41,11324046
11,32149;;;-41,11324046
11,32199;;;-38,06129638
11,32249;;;-30,73663059
11,32299;;;-25,54832566
11,32349;;;-26,15871448
11,32399;;;-26,76910329
11,32449;;;-22,49638159
11,32499;;;-17,91846547
11,32549;;;-17,61327106
11,32599;;;-16,08729902
11,32649;;;-7,847050016
11,32699;;;1,919171031
11,32749;;;7,412670369
11,32799;;;12,29578089
11,32849;;;21,75680753
11,32899;;;31,52302858
11,32949;;;34,26977825
11,32999;;;34,88016706
11,33049;;;42,20483285
11,33099;;;51,66585949
11,33149;;;50,75027626
11,33199;;;37,62691673
11,33248;;;24,19836279
11,33298;;;19,31525227
11,33348;;;20,23083549
11,33398;;;20,23083549
11,33448;;;18,09447464
11,33498;;;15,04253056
11,33548;;;11,68539208
11,33598;;;7,717864777
11,33648;;;3,139948661
11,33698;;;-3,574328308
11,33748;;;-13,03535495
11,33798;;;-21,88599277
11,33848;;;-28,60026974
11,33898;;;-35,31454671
11,33948;;;-43,24960131
11,33998;;;-48,74310065
11,34048;;;-48,43790624
11,34098;;;-45,99635098
11,34148;;;-43,85999012
11,34198;;;-40,80804605
11,34248;;;-35,31454671
11,34298;;;-31,041825
11,34348;;;-30,43143619
11,34398;;;-30,12624178
11,34448;;;-27,0742977
11,34498;;;-22,80157599
11,34548;;;-20,05482632
11,34598;;;-16,39249343
11,34648;;;-8,762633239
11,34698;;;0,08800458433
11,34748;;;8,023059185
11,34798;;;15,34772497
11,34848;;;23,28277957
11,34898;;;30,91263976
11,34948;;;35,79575029
11,34998;;;40,06847199
11,35048;;;43,42561048
11,35098;;;43,12041607
11,35148;;;38,54249995
11,35198;;;33,65938943
11,35248;;;30,91263976
11,35298;;;28,16589009
11,35348;;;24,5035572
11,35398;;;22,67239075
11,35448;;;22,36719635
11,35498;;;19,92564108
11,35548;;;14,12694734
11,35598;;;9,243836815
11,35648;;;5,276309515
11,35698;;;-1,743161862
11,35748;;;-12,73016054
11,35798;;;-21,88599277
11,35848;;;-26,76910329
11,35898;;;-32,56779704
11,35948;;;-41,41843486
11,35998;;;-47,52232302
11,36048;;;-46,9119342
11,36098;;;-44,16518453
11,36148;;;-42,9444069
11,36198;;;-39,89246282
11,36248;;;-33,48338026
11,36298;;;-28,29507533
11,36348;;;-27,98988092
11,36398;;;-28,29507533
11,36448;;;-25,24313125
11,36498;;;-21,58079836
11,36548;;;-19,74963192
11,36598;;;-16,69768784
11,36648;;;-10,28860528
11,36698;;;-1,437967454
11,36748;;;5,886698331
11,36798;;;13,51655852
11,36848;;;22,67239075
11,36898;;;30,91263976
11,36948;;;36,71133351
11,36998;;;41,28924962
11,37048;;;44,95158252
11,37098;;;44,64638811
11,37148;;;40,67886081
11,37198;;;35,79575029
11,37248;;;33,35419502
11,37298;;;31,21783417
11,37348;;;28,16589009
11,37398;;;25,41914042
11,37448;;;24,19836279
11,37498;;;22,36719635
11,37548;;;18,09447464
11,37598;;;12,90616971
11,37648;;;7,107475961
11,37698;;;-0,5223842311
11,37748;;;-9,98341087
11,37798;;;-18,52885429
11,37848;;;-25,85352007
11,37898;;;-33,48338026
11,37948;;;-41,41843486
11,37998;;;-45,69115657
11,38048;;;-45,38596216
11,38098;;;-43,24960131
11,38148;;;-40,50285164
11,38198;;;-36,53532434
11,38248;;;-31,34701941
11,38298;;;-27,0742977
11,38348;;;-25,54832566
11,38398;;;-24,93793685
11,38448;;;-23,1067704
11,38498;;;-20,05482632
11,38548;;;-16,69768784
11,38598;;;-13,34054935
11,38648;;;-8,152244424
11,38698;;;0,08800458433
11,38748;;;9,549031223
11,38798;;;17,78928023
11,38848;;;24,80875161
11,38897;;;32,4386118
11,38947;;;39,76327759
11,38997;;;43,42561048
11,39047;;;42,20483285
11,39097;;;42,20483285
11,39147;;;47,69833219
11,39197;;;51,66585949
11,39247;;;44,64638811
11,39297;;;29,38666772
11,39347;;;19,92564108
11,39397;;;21,14641872
11,39447;;;23,58797398
11,39497;;;19,31525227
11,39547;;;12,90616971
11,39597;;;10,46461445
11,39647;;;7,717864777
11,39697;;;-0,8275786388
11,39747;;;-12,11977172
11,39797;;;-19,44443751
11,39847;;;-24,93793685
11,39897;;;-33,78857467
11,39947;;;-42,9444069
11,39997;;;-46,30154539
11,40047;;;-44,77557335
11,40097;;;-44,16518453
11,40147;;;-43,85999012
11,40197;;;-38,9768796
11,40247;;;-31,34701941
11,40297;;;-27,98988092
11,40347;;;-29,21065856
11,40397;;;-28,90546415
11,40447;;;-24,93793685
11,40497;;;-21,58079836
11,40547;;;-20,36002073
11,40597;;;-17,00288225
11,40647;;;-9,98341087
11,40697;;;-2,04835627
11,40747;;;4,360726292
11,40797;;;12,90616971
11,40847;;;22,36719635
11,40897;;;29,69186213
11,40947;;;33,96458384
11,40997;;;38,23730555
11,41047;;;42,20483285
11,41097;;;41,89963844
11,41147;;;37,01652792
11,41197;;;32,13341739
11,41247;;;29,38666772
11,41297;;;26,63991805
11,41347;;;23,28277957
11,41397;;;22,06200194
11,41447;;;22,06200194
11,41497;;;19,62044668
11,41547;;;14,73733615
11,41597;;;11,07500326
11,41647;;;7,107475961
11,41697;;;0,08800458433
11,41747;;;-10,59379969
11,41797;;;-18,83404869
11,41847;;;-24,02235362
11,41897;;;-31,34701941
11,41947;;;-40,50285164
11,41997;;;-45,69115657
11,42047;;;-44,77557335
11,42097;;;-42,9444069
11,42147;;;-42,02882368
11,42197;;;-39,28207401
11,42247;;;-33,48338026
11,42297;;;-28,60026974
11,42347;;;-27,37949211
11,42397;;;-26,46390889
11,42447;;;-23,1067704
11,42497;;;-19,1392431
11,42547;;;-16,39249343
11,42597;;;-12,42496613
11,42647;;;-5,710689162
11,42697;;;1,919171031
11,42747;;;9,549031223
11,42797;;;18,09447464
11,42847;;;27,25030687
11,42897;;;34,88016706
11,42947;;;40,3736664
11,42997;;;45,56197133
11,43047;;;49,22430422
11,43097;;;48,308721
11,43147;;;43,42561048
11,43197;;;39,15288877
11,43247;;;36,4061391
11,43297;;;33,65938943
11,43347;;;31,21783417
11,43397;;;30,60744535
11,43447;;;29,38666772
11,43497;;;25,11394602
11,43547;;;20,23083549
11,43597;;;17,17889142
11,43647;;;13,51655852
11,43697;;;4,971115108
11,43747;;;-5,710689162
11,43797;;;-13,03535495
11,43847;;;-17,30807665
11,43897;;;-24,02235362
11,43947;;;-33,48338026
11,43997;;;-38,67168519
11,44047;;;-37,45090756
11,44097;;;-35,0093523
11,44147;;;-33,48338026
11,44197;;;-29,82104737
11,44247;;;-23,71715922
11,44297;;;-19,1392431
11,44347;;;-18,52885429
11,44397;;;-17,91846547
11,44447;;;-14,56132699
11,44496;;;-11,50938291
11,44546;;;-9,373022054
11,44596;;;-5,100300347
11,44646;;;1,919171031
11,44696;;;9,243836815
11,44746;;;15,65291938
11,44796;;;23,58797398
11,44846;;;33,35419502
11,44896;;;41,28924962
11,44946;;;46,47755455
11,44996;;;50,75027626
11,45046;;;53,19183152
11,45096;;;50,44508186
11,45146;;;44,64638811
11,45196;;;40,3736664
11,45246;;;38,54249995
11,45296;;;34,57497265
11,45346;;;29,38666772
11,45396;;;28,4710845
11,45446;;;29,08147332
11,45496;;;23,89316839
11,45546;;;15,04253056
11,45596;;;12,90616971
11,45646;;;18,09447464
11,45696;;;16,87369701
11,45746;;;0,6983933997
11,45796;;;-19,74963192
11,45846;;;-31,95740822
11,45896;;;-36,53532434
11,45946;;;-42,02882368
11,45996;;;-48,13271183
11,46046;;;-49,96387828
11,46096;;;-47,52232302
11,46146;;;-44,47037894
11,46196;;;-42,33401809
11,46246;;;-38,36649079
11,46296;;;-34,09376908
11,46346;;;-31,95740822
11,46396;;;-30,73663059
11,46446;;;-28,60026974
11,46496;;;-25,24313125
11,46546;;;-22,19118718
11,46596;;;-17,91846547
11,46646;;;-11,2041885
11,46696;;;-2,963939493
11,46746;;;5,581503923
11,46796;;;14,12694734
11,46846;;;22,06200194
11,46896;;;28,77627891
11,46946;;;35,18536147
11,46996;;;40,06847199
11,47046;;;41,59444403
11,47096;;;38,84769436
11,47146;;;34,88016706
11,47196;;;32,4386118
11,47246;;;29,99705654
11,47296;;;25,41914042
11,47346;;;21,75680753
11,47396;;;21,75680753
11,47446;;;22,36719635
11,47496;;;19,31525227
11,47546;;;13,82175293
11,47596;;;10,76980885
11,47646;;;7,717864777
11,47696;;;1,003587807
11,47746;;;-8,457438831
11,47796;;;-15,78210462
11,47846;;;-21,88599277
11,47896;;;-30,12624178
11,47946;;;-39,28207401
11,47996;;;-43,55479572
11,48046;;;-42,9444069
11,48096;;;-41,72362927
11,48146;;;-40,19765723
11,48196;;;-35,92493552
11,48246;;;-30,12624178
11,48296;;;-27,68468652
11,48346;;;-27,98988092
11,48396;;;-26,15871448
11,48446;;;-22,19118718
11,48496;;;-20,36002073
11,48546;;;-20,05482632
11,48596;;;-16,39249343
11,48646;;;-8,762633239
11,48696;;;-0,8275786388
11,48746;;;5,886698331
11,48796;;;14,43214175
11,48846;;;23,89316839
11,48896;;;31,82822299
11,48946;;;37,01652792
11,48996;;;41,28924962
11,49046;;;43,42561048
11,49096;;;41,28924962
11,49146;;;36,4061391
11,49196;;;32,74380621
11,49246;;;30,60744535
11,49296;;;27,55550128
11,49346;;;23,89316839
11,49396;;;21,75680753
11,49446;;;19,62044668
11,49496;;;15,34772497
11,49546;;;10,15942004
11,49596;;;6,191892738
11,49646;;;1,308782215
11,49696;;;-6,931466793
11,49746;;;-17,00288225
11,49796;;;-24,63274244
11,49846;;;-31,65221382
11,49896;;;-40,19765723
11,49946;;;-48,13271183
11,49996;;;-51,48985032
11,50046;;;-50,8794615
11,50096;;;-49,65868387
11,50145;;;-47,52232302
11,50195;;;-42,63921249
11,50245;;;-37,14571316
11,50295;;;-34,39896349
11,50345;;;-33,78857467
11,50395;;;-31,65221382
11,50445;;;-28,29507533
11,50495;;;-26,15871448
11,50545;;;-23,41196481
11,50595;;;-17,91846547
11,50645;;;-10,59379969
11,50695;;;-3,574328308
11,50745;;;3,445143069
11,50795;;;12,90616971
11,50845;;;22,06200194
11,50895;;;28,4710845
11,50945;;;33,96458384
11,50995;;;39,45808318
11,51045;;;42,20483285
11,51095;;;40,06847199
11,51145;;;35,49055588
11,51195;;;32,13341739
11,51245;;;29,69186213
11,51295;;;26,33472365
11,51345;;;23,58797398
11,51395;;;22,67239075
11,51445;;;21,45161312
11,51495;;;17,78928023
11,51545;;;14,12694734
11,51595;;;10,46461445
11,51645;;;5,581503923
11,51695;;;-1,132773046
11,51745;;;-9,373022054
11,51795;;;-18,52885429
11,51845;;;-27,68468652
11,51895;;;-32,56779704
11,51945;;;-29,82104737
11,51995;;;-27,0742977
11,52045;;;-33,17818586
11,52095;;;-44,47037894
11,52145;;;-47,52232302
11,52195;;;-38,9768796
11,52245;;;-30,12624178
11,52295;;;-29,51585296
11,52345;;;-30,43143619
11,52395;;;-25,85352007
11,52445;;;-20,05482632
11,52495;;;-17,91846547
11,52545;;;-16,69768784
11,52595;;;-10,28860528
11,52645;;;-1,743161862
11,52695;;;4,6659207
11,52745;;;11,99058648
11,52795;;;22,06200194
11,52845;;;32,13341739
11,52895;;;38,84769436
11,52945;;;44,95158252
11,52995;;;51,66585949
11,53045;;;54,41260916
11,53095;;;50,75027626
11,53145;;;45,25677692
11,53195;;;43,12041607
11,53245;;;41,59444403
11,53295;;;37,32172232
11,53345;;;33,65938943
11,53395;;;33,35419502
11,53445;;;33,04900062
11,53495;;;28,4710845
11,53545;;;22,97758516
11,53595;;;19,62044668
11,53645;;;15,65291938
11,53695;;;6,191892738
11,53745;;;-4,489911531
11,53795;;;-11,81457732
11,53845;;;-17,91846547
11,53895;;;-26,76910329
11,53945;;;-35,92493552
11,53995;;;-38,9768796
11,54045;;;-37,45090756
11,54095;;;-35,92493552
11,54145;;;-34,39896349
11,54195;;;-29,82104737
11,54245;;;-23,41196481
11,54295;;;-20,66521514
11,54345;;;-21,27560395
11,54395;;;-20,66521514
11,54445;;;-17,30807665
11,54495;;;-14,56132699
11,54545;;;-11,81457732
11,54595;;;-6,626272385
11,54645;;;0,6983933997
11,54695;;;7,717864777
11,54745;;;14,12694734
11,54795;;;22,97758516
11,54845;;;32,74380621
11,54895;;;40,06847199
11,54945;;;44,64638811
11,54995;;;48,61391541
11,55045;;;50,44508186
11,55095;;;47,69833219
11,55145;;;42,20483285
11,55195;;;38,84769436
11,55245;;;36,71133351
11,55295;;;33,04900062
11,55345;;;29,08147332
11,55395;;;27,86069569
11,55445;;;27,25030687
11,55495;;;22,97758516
11,55545;;;16,87369701
11,55595;;;13,21136412
11,55645;;;9,243836815
11,55695;;;1,308782215
11,55744;;;-8,762633239
11,55794;;;-17,00288225
11,55844;;;-23,41196481
11,55894;;;-31,34701941
11,55944;;;-39,58726842
11,55994;;;-43,24960131
11,56044;;;-42,63921249
11,56094;;;-41,41843486
11,56144;;;-39,58726842
11,56194;;;-35,0093523
11,56244;;;-29,51585296
11,56294;;;-26,46390889
11,56344;;;-25,54832566
11,56394;;;-23,71715922
11,56444;;;-20,66521514
11,56494;;;-18,83404869
11,56544;;;-16,08729902
11,56594;;;-10,28860528
11,56644;;;-3,2691339
11,56694;;;2,834754254
11,56744;;;9,854225631
11,56794;;;19,92564108
11,56844;;;29,99705654
11,56894;;;37,32172232
11,56944;;;42,81522166
11,56994;;;48,61391541
11,57044;;;50,75027626
11,57094;;;47,39313778
11,57144;;;42,51002725
11,57194;;;40,06847199
11,57244;;;37,93211114
11,57294;;;33,04900062
11,57344;;;29,38666772
11,57394;;;29,08147332
11,57444;;;29,08147332
11,57494;;;24,5035572
11,57544;;;18,09447464
11,57594;;;14,12694734
11,57644;;;9,549031223
11,57694;;;0,393198992
11,57744;;;-9,98341087
11,57794;;;-17,61327106
11,57844;;;-23,1067704
11,57894;;;-31,34701941
11,57944;;;-41,11324046
11,57994;;;-46,30154539
11,58044;;;-45,69115657
11,58094;;;-42,9444069
11,58144;;;-40,50285164
11,58194;;;-38,06129638
11,58244;;;-33,48338026
11,58294;;;-25,85352007
11,58344;;;-16,39249343
11,58394;;;-11,2041885
11,58444;;;-15,78210462
11,58494;;;-24,63274244
11,58544;;;-25,85352007
11,58594;;;-17,91846547
11,58644;;;-9,067827647
11,58694;;;-4,184717123
11,58744;;;1,919171031
11,58794;;;12,90616971
11,58844;;;23,58797398
11,58894;;;28,77627891
11,58944;;;32,74380621
11,58994;;;39,15288877
11,59044;;;42,81522166
11,59094;;;40,06847199
11,59144;;;34,88016706
11,59194;;;31,82822299
11,59244;;;29,38666772
11,59294;;;25,11394602
11,59344;;;22,06200194
11,59394;;;22,06200194
11,59444;;;20,23083549
11,59494;;;13,51655852
11,59544;;;7,717864777
11,59594;;;5,581503923
11,59644;;;2,224365438
11,59694;;;-7,847050016
11,59744;;;-20,05482632
11,59794;;;-27,68468652
11,59844;;;-33,17818586
11,59894;;;-41,72362927
11,59944;;;-50,26907269
11,59994;;;-53,32101676
11,60044;;;-51,48985032
11,60094;;;-50,26907269
11,60144;;;-48,43790624
11,60194;;;-42,63921249
11,60244;;;-36,23012993
11,60294;;;-34,09376908
11,60344;;;-33,78857467
11,60394;;;-31,34701941
11,60444;;;-27,37949211
11,60494;;;-24,93793685
11,60544;;;-22,49638159
11,60594;;;-17,30807665
11,60644;;;-10,28860528
11,60694;;;-4,184717123
11,60744;;;2,529559846
11,60794;;;12,6009753
11,60844;;;22,67239075
11,60894;;;28,77627891
11,60944;;;33,96458384
11,60994;;;40,98405522
11,61044;;;45,25677692
11,61094;;;42,51002725
11,61144;;;35,49055588
11,61194;;;30,91263976
11,61244;;;28,4710845
11,61294;;;25,72433483
11,61344;;;22,67239075
11,61393;;;22,06200194
11,61443;;;20,5360299
11,61493;;;15,65291938
11,61543;;;10,15942004
11,61593;;;7,717864777
11,61643;;;4,055531884
11,61693;;;-5,100300347
11,61743;;;-16,39249343
11,61793;;;-23,1067704
11,61843;;;-28,29507533
11,61893;;;-37,45090756
11,61943;;;-47,52232302
11,61993;;;-50,57426709
11,62043;;;-48,13271183
11,62093;;;-46,30154539
11,62143;;;-45,38596216
11,62193;;;-39,89246282
11,62243;;;-32,26260263
11,62293;;;-28,90546415
11,62343;;;-30,12624178
11,62393;;;-29,51585296
11,62443;;;-25,54832566
11,62493;;;-22,19118718
11,62543;;;-20,66521514
11,62593;;;-16,39249343
11,62643;;;-9,067827647
11,62693;;;-2,04835627
11,62743;;;4,055531884
11,62793;;;13,21136412
11,62843;;;24,19836279
11,62893;;;32,74380621
11,62943;;;37,62691673
11,62993;;;41,89963844
11,63043;;;44,64638811
11,63093;;;42,51002725
11,63143;;;37,01652792
11,63193;;;33,04900062
11,63243;;;31,52302858
11,63293;;;29,08147332
11,63343;;;25,41914042
11,63393;;;23,28277957
11,63443;;;22,67239075
11,63493;;;20,23083549
11,63543;;;15,04253056
11,63593;;;11,07500326
11,63643;;;8,023059185
11,63693;;;0,6983933997
11,63743;;;-9,98341087
11,63793;;;-19,44443751
11,63843;;;-26,15871448
11,63893;;;-34,70415789
11,63943;;;-44,47037894
11,63993;;;-48,74310065
11,64043;;;-46,30154539
11,64093;;;-43,55479572
11,64143;;;-44,16518453
11,64193;;;-41,72362927
11,64243;;;-34,09376908
11,64293;;;-27,68468652
11,64343;;;-27,98988092
11,64393;;;-29,82104737
11,64443;;;-27,0742977
11,64493;;;-22,80157599
11,64543;;;-21,58079836
11,64593;;;-19,44443751
11,64643;;;-12,42496613
11,64693;;;-5,100300347
11,64743;;;-1,743161862
11,64793;;;4,971115108
11,64843;;;22,36719635
11,64893;;;41,89963844
11,64943;;;48,308721
11,64993;;;42,51002725
11,65043;;;38,54249995
11,65093;;;41,89963844
11,65143;;;44,95158252
11,65193;;;41,28924962
11,65243;;;35,49055588
11,65293;;;32,74380621
11,65343;;;31,52302858
11,65393;;;28,77627891
11,65443;;;25,72433483
11,65493;;;23,28277957
11,65543;;;20,5360299
11,65593;;;16,87369701
11,65643;;;12,90616971
11,65693;;;8,023059185
11,65743;;;0,08800458433
11,65793;;;-9,678216462
11,65843;;;-17,91846547
11,65893;;;-25,24313125
11,65943;;;-33,78857467
11,65993;;;-42,33401809
11,66043;;;-46,60673979
11,66093;;;-46,30154539
11,66143;;;-44,77557335
11,66193;;;-42,33401809
11,66243;;;-37,14571316
11,66293;;;-31,65221382
11,66343;;;-28,90546415
11,66393;;;-28,29507533
11,66443;;;-25,85352007
11,66493;;;-21,27560395
11,66543;;;-17,61327106
11,66593;;;-14,86652139
11,66643;;;-9,98341087
11,66693;;;-2,963939493
11,66743;;;4,055531884
11,66793;;;12,29578089
11,66843;;;22,06200194
11,66893;;;31,21783417
11,66943;;;37,62691673
11,66992;;;43,42561048
11,67042;;;49,22430422
11,67092;;;51,97105389
11,67142;;;48,91910982
11,67192;;;44,3411937
11,67242;;;41,89963844
11,67292;;;40,06847199
11,67342;;;36,10094469
11,67392;;;32,4386118
11,67442;;;31,21783417
11,67492;;;29,69186213
11,67542;;;24,80875161
11,67592;;;19,92564108
11,67642;;;17,48408582
11,67692;;;12,90616971
11,67742;;;2,529559846
11,67792;;;-8,762633239
11,67842;;;-16,08729902
11,67892;;;-21,88599277
11,67942;;;-30,73663059
11,67992;;;-39,58726842
11,68042;;;-42,63921249
11,68092;;;-41,11324046
11,68142;;;-40,19765723
11,68192;;;-38,36649079
11,68242;;;-32,87299145
11,68292;;;-26,46390889
11,68342;;;-24,02235362
11,68392;;;-24,02235362
11,68442;;;-21,58079836
11,68492;;;-17,00288225
11,68542;;;-14,25613258
11,68592;;;-13,03535495
11,68642;;;-8,152244424
11,68692;;;-0,8275786388
11,68742;;;5,581503923
11,68792;;;12,29578089
11,68842;;;21,45161312
11,68892;;;31,21783417
11,68942;;;38,23730555
11,68992;;;43,42561048
11,69042;;;48,308721
11,69092;;;50,75027626
11,69142;;;47,69833219
11,69192;;;42,51002725
11,69242;;;38,84769436
11,69292;;;36,10094469
11,69342;;;32,13341739
11,69392;;;28,77627891
11,69442;;;27,86069569
11,69492;;;26,33472365
11,69542;;;22,36719635
11,69592;;;17,17889142
11,69642;;;14,12694734
11,69692;;;9,549031223
11,69742;;;0,6983933997
11,69792;;;-9,373022054
11,69842;;;-17,30807665
11,69892;;;-24,63274244
11,69942;;;-34,09376908
11,69992;;;-42,9444069
11,70042;;;-45,99635098
11,70092;;;-44,16518453
11,70142;;;-42,63921249
11,70192;;;-41,41843486
11,70242;;;-36,84051875
11,70292;;;-30,73663059
11,70342;;;-27,0742977
11,70392;;;-25,85352007
11,70442;;;-23,71715922
11,70492;;;-20,66521514
11,70542;;;-18,83404869
11,70592;;;-16,39249343
11,70642;;;-10,89899409
11,70692;;;-3,574328308
11,70742;;;1,919171031
11,70792;;;8,023059185
11,70842;;;17,78928023
11,70892;;;28,77627891
11,70942;;;35,79575029
11,70992;;;40,3736664
11,71042;;;45,56197133
11,71092;;;48,91910982
11,71142;;;44,95158252
11,71192;;;37,62691673
11,71242;;;34,57497265
11,71292;;;34,88016706
11,71342;;;30,91263976
11,71392;;;23,28277957
11,71442;;;22,36719635
11,71492;;;30,60744535
11,71542;;;36,71133351
11,71592;;;29,38666772
11,71642;;;13,21136412
11,71692;;;-0,8275786388
11,71742;;;-8,762633239
11,71792;;;-14,25613258
11,71842;;;-21,27560395
11,71892;;;-30,43143619
11,71942;;;-39,28207401
11,71992;;;-45,69115657
11,72042;;;-48,43790624
11,72092;;;-48,74310065
11,72142;;;-47,52232302
11,72192;;;-43,85999012
11,72242;;;-37,14571316
11,72292;;;-30,73663059
11,72342;;;-28,90546415
11,72392;;;-29,51585296
11,72442;;;-27,68468652
11,72492;;;-23,41196481
11,72542;;;-20,05482632
11,72592;;;-17,61327106
11,72641;;;-13,03535495
11,72691;;;-5,405494754
11,72741;;;1,919171031
11,72791;;;9,243836815
11,72841;;;18,39966905
11,72891;;;28,16589009
11,72941;;;36,10094469
11,72991;;;41,89963844
11,73041;;;46,47755455
11,73091;;;48,61391541
11,73141;;;46,17236015
11,73191;;;40,98405522
11,73241;;;37,32172232
11,73291;;;34,88016706
11,73341;;;32,13341739
11,73391;;;29,38666772
11,73441;;;28,16589009
11,73491;;;26,33472365
11,73541;;;22,36719635
11,73591;;;18,09447464
11,73641;;;15,04253056
11,73691;;;10,15942004
11,73741;;;1,308782215
11,73791;;;-8,152244424
11,73841;;;-15,47691021
11,73891;;;-23,1067704
11,73941;;;-33,48338026
11,73991;;;-42,63921249
11,74041;;;-45,38596216
11,74091;;;-44,47037894
11,74141;;;-43,55479572
11,74191;;;-41,41843486
11,74241;;;-35,31454671
11,74291;;;-29,82104737
11,74341;;;-28,60026974
11,74391;;;-28,90546415
11,74441;;;-26,76910329
11,74491;;;-22,80157599
11,74541;;;-20,05482632
11,74591;;;-17,61327106
11,74641;;;-12,73016054
11,74691;;;-6,01588357
11,74741;;;0,08800458433
11,74791;;;8,023059185
11,74841;;;18,39966905
11,74891;;;28,16589009
11,74941;;;34,57497265
11,74991;;;40,06847199
11,75041;;;46,17236015
11,75091;;;48,00352659
11,75141;;;43,73080489
11,75191;;;37,62691673
11,75241;;;33,96458384
11,75291;;;31,52302858
11,75341;;;27,86069569
11,75391;;;25,41914042
11,75441;;;25,11394602
11,75491;;;22,97758516
11,75541;;;17,48408582
11,75591;;;12,90616971
11,75641;;;11,68539208
11,75691;;;7,412670369
11,75741;;;-2,963939493
11,75791;;;-14,56132699
11,75841;;;-21,58079836
11,75891;;;-27,68468652
11,75941;;;-37,75610197
11,75991;;;-46,9119342
11,76041;;;-49,35348946
11,76091;;;-47,52232302
11,76141;;;-46,9119342
11,76191;;;-45,69115657
11,76241;;;-40,19765723
11,76291;;;-33,17818586
11,76341;;;-30,73663059
11,76391;;;-31,041825
11,76441;;;-28,60026974
11,76491;;;-23,71715922
11,76541;;;-20,05482632
11,76591;;;-17,61327106
11,76641;;;-12,73016054
11,76691;;;-5,405494754
11,76741;;;1,003587807
11,76791;;;8,328253592
11,76841;;;18,39966905
11,76891;;;29,38666772
11,76941;;;36,71133351
11,76991;;;41,28924962
11,77041;;;46,78274896
11,77091;;;50,13988745
11,77141;;;47,08794337
11,77191;;;40,3736664
11,77241;;;36,71133351
11,77291;;;35,49055588
11,77341;;;32,13341739
11,77391;;;27,25030687
11,77441;;;26,33472365
11,77491;;;27,25030687
11,77541;;;22,97758516
11,77591;;;15,04253056
11,77641;;;12,90616971
11,77691;;;17,78928023
11,77741;;;18,70486345
11,77791;;;6,191892738
11,77841;;;-13,34054935
11,77891;;;-28,60026974
11,77941;;;-35,61974112
11,77991;;;-39,89246282
11,78041;;;-44,16518453
11,78091;;;-46,30154539
11,78141;;;-44,16518453
11,78191;;;-39,58726842
11,78240;;;-35,61974112
11,78290;;;-33,17818586
11,78340;;;-31,041825
11,78390;;;-28,29507533
11,78440;;;-24,93793685
11,78490;;;-22,19118718
11,78540;;;-19,1392431
11,78590;;;-15,47691021
11,78640;;;-10,59379969
11,78690;;;-5,100300347
11,78740;;;0,6983933997
11,78790;;;9,549031223
11,78840;;;19,92564108
11,78890;;;28,77627891
11,78940;;;34,88016706
11,78990;;;40,3736664
11,79040;;;45,56197133
11,79090;;;47,08794337
11,79140;;;43,42561048
11,79190;;;38,54249995
11,79240;;;36,10094469
11,79290;;;33,96458384
11,79340;;;30,30225095
11,79390;;;26,94511246
11,79440;;;25,72433483
11,79490;;;23,58797398
11,79540;;;18,39966905
11,79590;;;12,6009753
11,79640;;;9,243836815
11,79690;;;5,276309515
11,79740;;;-2,353550677
11,79790;;;-12,11977172
11,79840;;;-20,36002073
11,79890;;;-28,60026974
11,79940;;;-38,67168519
11,79990;;;-46,9119342
11,80040;;;-49,65868387
11,80090;;;-48,13271183
11,80140;;;-46,60673979
11,80190;;;-44,77557335
11,80240;;;-40,50285164
11,80290;;;-35,0093523
11,80340;;;-32,26260263
11,80390;;;-31,34701941
11,80440;;;-29,51585296
11,80490;;;-26,46390889
11,80540;;;-23,1067704
11,80590;;;-19,1392431
11,80640;;;-13,95093817
11,80690;;;-8,762633239
11,80740;;;-2,658745085
11,80790;;;5,886698331
11,80840;;;16,87369701
11,80890;;;25,41914042
11,80940;;;31,21783417
11,80990;;;37,32172232
11,81040;;;44,3411937
11,81090;;;46,17236015
11,81140;;;41,89963844
11,81190;;;37,01652792
11,81240;;;34,88016706
11,81290;;;32,74380621
11,81340;;;28,4710845
11,81390;;;25,11394602
11,81440;;;24,80875161
11,81490;;;23,28277957
11,81540;;;17,78928023
11,81590;;;12,29578089
11,81640;;;9,854225631
11,81690;;;5,886698331
11,81740;;;-3,2691339
11,81790;;;-13,34054935
11,81840;;;-20,36002073
11,81890;;;-27,37949211
11,81940;;;-37,75610197
11,81990;;;-47,21712861
11,82040;;;-49,96387828
11,82090;;;-49,04829506
11,82140;;;-48,43790624
11,82190;;;-46,30154539
11,82240;;;-40,50285164
11,82290;;;-35,0093523
11,82340;;;-33,78857467
11,82390;;;-33,48338026
11,82440;;;-30,12624178
11,82490;;;-25,54832566
11,82540;;;-23,1067704
11,82590;;;-20,36002073
11,82640;;;-14,86652139
11,82690;;;-7,847050016
11,82740;;;-1,132773046
11,82790;;;7,107475961
11,82840;;;16,87369701
11,82890;;;25,72433483
11,82940;;;32,74380621
11,82990;;;39,45808318
11,83040;;;45,86716574
11,83090;;;46,78274896
11,83140;;;42,81522166
11,83190;;;38,84769436
11,83240;;;36,71133351
11,83290;;;33,35419502
11,83340;;;29,38666772
11,83390;;;27,86069569
11,83440;;;27,86069569
11,83490;;;24,5035572
11,83540;;;18,39966905
11,83590;;;15,34772497
11,83640;;;13,21136412
11,83690;;;7,107475961
11,83740;;;-2,04835627
11,83790;;;-8,457438831
11,83840;;;-14,25613258
11,83889;;;-25,54832566
11,83939;;;-37,14571316
11,83989;;;-37,14571316
11,84039;;;-28,90546415
11,84089;;;-28,29507533
11,84139;;;-39,28207401
11,84189;;;-46,30154539
11,84239;;;-40,19765723
11,84289;;;-31,34701941
11,84339;;;-30,12624178
11,84389;;;-31,65221382
11,84439;;;-27,98988092
11,84489;;;-21,88599277
11,84539;;;-19,44443751
11,84589;;;-17,91846547
11,84639;;;-12,73016054
11,84689;;;-6,01588357
11,84739;;;0,6983933997
11,84789;;;9,243836815
11,84839;;;20,5360299
11,84889;;;29,69186213
11,84939;;;35,79575029
11,84989;;;42,51002725
11,85039;;;49,52949863
11,85089;;;50,75027626
11,85139;;;45,86716574
11,85189;;;41,59444403
11,85239;;;40,06847199
11,85289;;;37,32172232
11,85339;;;32,13341739
11,85389;;;29,69186213
11,85439;;;30,60744535
11,85489;;;27,86069569
11,85539;;;20,5360299
11,85589;;;15,34772497
11,85639;;;14,43214175
11,85689;;;11,07500326
11,85739;;;1,003587807
11,85789;;;-9,373022054
11,85839;;;-15,47691021
11,85889;;;-22,19118718
11,85939;;;-32,87299145
11,85989;;;-42,02882368
11,86039;;;-44,16518453
11,86089;;;-42,33401809
11,86139;;;-41,41843486
11,86189;;;-38,67168519
11,86239;;;-32,56779704
11,86289;;;-27,0742977
11,86339;;;-25,85352007
11,86389;;;-26,46390889
11,86439;;;-24,32754803
11,86489;;;-21,27560395
11,86539;;;-18,83404869
11,86589;;;-15,1717158
11,86639;;;-8,152244424
11,86689;;;-1,132773046
11,86739;;;4,360726292
11,86789;;;11,07500326
11,86839;;;21,14641872
11,86889;;;30,91263976
11,86939;;;37,93211114
11,86989;;;43,73080489
11,87039;;;48,61391541
11,87089;;;49,83469304
11,87139;;;45,86716574
11,87189;;;40,98405522
11,87239;;;37,93211114
11,87289;;;35,18536147
11,87339;;;30,91263976
11,87389;;;27,86069569
11,87439;;;26,94511246
11,87489;;;24,5035572
11,87539;;;19,01005786
11,87589;;;14,12694734
11,87639;;;11,07500326
11,87689;;;6,497087146
11,87739;;;-2,04835627
11,87789;;;-11,81457732
11,87839;;;-20,36002073
11,87889;;;-29,21065856
11,87939;;;-38,67168519
11,87989;;;-45,69115657
11,88039;;;-48,13271183
11,88089;;;-48,13271183
11,88139;;;-47,52232302
11,88189;;;-44,47037894
11,88239;;;-38,9768796
11,88289;;;-35,0093523
11,88339;;;-33,48338026
11,88389;;;-32,56779704
11,88439;;;-29,51585296
11,88489;;;-25,85352007
11,88539;;;-23,41196481
11,88589;;;-20,05482632
11,88639;;;-14,86652139
11,88689;;;-8,762633239
11,88739;;;-2,353550677
11,88789;;;6,191892738
11,88839;;;16,26330819
11,88889;;;24,80875161
11,88939;;;31,82822299
11,88989;;;38,84769436
11,89039;;;44,3411937
11,89089;;;44,64638811
11,89139;;;40,3736664
11,89189;;;36,71133351
11,89239;;;35,18536147
11,89289;;;32,74380621
11,89339;;;28,4710845
11,89389;;;26,02952924
11,89439;;;25,72433483
11,89488;;;23,89316839
11,89538;;;19,01005786
11,89588;;;13,51655852
11,89638;;;10,15942004
11,89688;;;6,191892738
11,89738;;;-1,132773046
11,89788;;;-11,81457732
11,89838;;;-20,97040955
11,89888;;;-28,60026974
11,89938;;;-36,53532434
11,89988;;;-45,08076776
11,90038;;;-49,65868387
11,90088;;;-48,43790624
11,90138;;;-44,16518453
11,90188;;;-41,72362927
11,90238;;;-39,89246282
11,90288;;;-33,48338026
11,90338;;;-21,58079836
11,90388;;;-12,73016054
11,90438;;;-15,78210462
11,90488;;;-25,24313125
11,90538;;;-28,29507533
11,90588;;;-21,27560395
11,90638;;;-12,73016054
11,90688;;;-9,678216462
11,90738;;;-5,405494754
11,90788;;;4,971115108
11,90838;;;18,09447464
11,90888;;;26,94511246
11,90938;;;33,04900062
11,90988;;;40,67886081
11,91038;;;47,69833219
11,91088;;;48,00352659
11,91138;;;44,03599929
11,91188;;;41,28924962
11,91238;;;39,76327759
11,91288;;;35,49055588
11,91338;;;30,60744535
11,91388;;;29,69186213
11,91438;;;30,60744535
11,91488;;;26,94511246
11,91538;;;19,92564108
11,91588;;;15,34772497
11,91638;;;13,82175293
11,91688;;;9,243836815
11,91738;;;-0,2171898234
11,91788;;;-9,678216462
11,91838;;;-16,39249343
11,91888;;;-24,63274244
11,91938;;;-35,61974112
11,91988;;;-43,85999012
11,92038;;;-45,99635098
11,92088;;;-45,69115657
11,92138;;;-44,77557335
11,92188;;;-41,72362927
11,92238;;;-36,23012993
11,92288;;;-31,65221382
11,92338;;;-31,041825
11,92388;;;-30,73663059
11,92438;;;-27,68468652
11,92488;;;-23,71715922
11,92538;;;-20,36002073
11,92588;;;-17,30807665
11,92638;;;-12,42496613
11,92688;;;-6,321077977
11,92738;;;0,08800458433
11,92788;;;9,243836815
11,92838;;;19,62044668
11,92888;;;27,86069569
11,92938;;;34,88016706
11,92988;;;42,51002725
11,93038;;;48,61391541
11,93088;;;49,22430422
11,93138;;;44,95158252
11,93188;;;40,67886081
11,93238;;;38,23730555
11,93288;;;34,88016706
11,93338;;;30,91263976
11,93388;;;29,69186213
11,93438;;;29,08147332
11,93488;;;25,11394602
11,93538;;;18,39966905
11,93588;;;14,43214175
11,93638;;;13,21136412
11,93688;;;8,328253592
11,93738;;;-1,437967454
11,93788;;;-11,50938291
11,93838;;;-18,83404869
11,93888;;;-26,46390889
11,93938;;;-36,53532434
11,93988;;;-44,47037894
11,94038;;;-47,52232302
11,94088;;;-47,21712861
11,94138;;;-45,69115657
11,94188;;;-42,33401809
11,94238;;;-36,84051875
11,94288;;;-32,87299145
11,94338;;;-31,34701941
11,94388;;;-30,12624178
11,94438;;;-27,68468652
11,94488;;;-24,63274244
11,94538;;;-21,58079836
11,94588;;;-17,00288225
11,94638;;;-12,11977172
11,94688;;;-7,236661201
11,94738;;;-0,5223842311
11,94788;;;9,549031223
11,94838;;;20,5360299
11,94888;;;28,16589009
11,94938;;;33,65938943
11,94988;;;40,98405522
11,95038;;;47,08794337
11,95088;;;47,69833219
11,95137;;;43,42561048
11,95187;;;39,45808318
11,95237;;;37,62691673
11,95287;;;35,49055588
11,95337;;;32,13341739
11,95387;;;30,91263976
11,95437;;;30,60744535
11,95487;;;27,25030687
11,95537;;;21,75680753
11,95587;;;18,70486345
11,95637;;;17,78928023
11,95687;;;13,51655852
11,95737;;;4,360726292
11,95787;;;-4,795105939
11,95837;;;-12,11977172
11,95887;;;-20,05482632
11,95937;;;-30,12624178
11,95987;;;-37,45090756
11,96037;;;-38,9768796
11,96087;;;-38,06129638
11,96137;;;-37,75610197
11,96187;;;-36,53532434
11,96237;;;-31,041825
11,96287;;;-23,41196481
11,96337;;;-20,05482632
11,96387;;;-21,27560395
11,96437;;;-20,97040955
11,96487;;;-14,86652139
11,96537;;;-7,847050016
11,96587;;;-6,626272385
11,96637;;;-6,626272385
11,96687;;;1,613976623
11,96737;;;20,23083549
11,96787;;;35,79575029
11,96837;;;37,93211114
11,96887;;;32,74380621
11,96937;;;34,88016706
11,96987;;;46,17236015
11,97037;;;54,41260916
11,97087;;;52,2762483
11,97137;;;45,86716574
11,97187;;;42,81522166
11,97237;;;41,89963844
11,97287;;;38,23730555
11,97337;;;33,65938943
11,97387;;;32,13341739
11,97437;;;31,52302858
11,97487;;;27,55550128
11,97537;;;22,06200194
11,97587;;;19,01005786
11,97637;;;17,17889142
11,97687;;;11,07500326
11,97737;;;1,003587807
11,97787;;;-8,152244424
11,97837;;;-16,08729902
11,97887;;;-26,15871448
11,97937;;;-36,84051875
11,97987;;;-43,55479572
11,98037;;;-45,38596216
11,98087;;;-45,38596216
11,98137;;;-44,77557335
11,98187;;;-41,11324046
11,98237;;;-35,61974112
11,98287;;;-31,95740822
11,98337;;;-30,43143619
11,98387;;;-28,60026974
11,98437;;;-25,54832566
11,98487;;;-22,80157599
11,98537;;;-20,36002073
11,98587;;;-16,39249343
11,98637;;;-12,11977172
11,98687;;;-8,152244424
11,98737;;;-2,353550677
11,98787;;;7,107475961
11,98837;;;18,09447464
11,98887;;;26,02952924
11,98937;;;32,13341739
11,98987;;;39,45808318
11,99037;;;45,56197133
11,99087;;;45,56197133
11,99137;;;40,98405522
11,99187;;;36,71133351
11,99237;;;34,57497265
11,99287;;;31,21783417
11,99337;;;27,25030687
11,99387;;;25,41914042
11,99437;;;24,80875161
11,99487;;;20,23083549
11,99537;;;13,21136412
11,99587;;;9,243836815
11,99637;;;7,717864777
11,99687;;;2,529559846
11,99737;;;-7,236661201
11,99787;;;-16,08729902
11,99837;;;-22,19118718
11,99887;;;-30,12624178
11,99937;;;-41,41843486
11,99987;;;-49,35348946
12,00037;;;-51,18465591
12,00087;;;-50,26907269
12,00137;;;-49,35348946
12,00187;;;-46,30154539
12,00237;;;-40,19765723
12,00287;;;-35,31454671
12,00337;;;-34,09376908
12,00387;;;-33,17818586
12,00437;;;-30,43143619
12,00487;;;-26,46390889
12,00537;;;-22,80157599
12,00587;;;-18,83404869
12,00637;;;-13,64574376
12,00687;;;-7,847050016
12,00736;;;-0,8275786388
12,00786;;;7,717864777
12,00836;;;17,78928023
12,00886;;;26,33472365
12,00936;;;34,26977825
12,00986;;;41,59444403
12,01036;;;46,17236015
12,01086;;;45,56197133
12,01136;;;41,59444403
12,01186;;;38,84769436
12,01236;;;36,4061391
12,01286;;;32,13341739
12,01336;;;28,16589009
12,01386;;;26,94511246
12,01436;;;25,72433483
12,01486;;;20,84122431
12,01536;;;14,73733615
12,01586;;;11,99058648
12,01636;;;10,46461445
12,01686;;;5,276309515
12,01736;;;-3,574328308
12,01786;;;-12,11977172
12,01836;;;-19,74963192
12,01886;;;-29,51585296
12,01936;;;-39,89246282
12,01986;;;-46,30154539
12,02036;;;-48,74310065
12,02086;;;-49,35348946
12,02136;;;-48,13271183
12,02186;;;-43,24960131
12,02236;;;-38,06129638
12,02286;;;-35,31454671
12,02336;;;-34,39896349
12,02386;;;-32,26260263
12,02436;;;-28,90546415
12,02486;;;-25,85352007
12,02536;;;-21,88599277
12,02586;;;-17,61327106
12,02636;;;-13,95093817
12,02686;;;-10,28860528
12,02736;;;-2,963939493
12,02786;;;7,717864777
12,02836;;;17,78928023
12,02886;;;25,72433483
12,02936;;;35,18536147
12,02986;;;44,3411937
12,03036;;;45,86716574
12,03086;;;41,59444403
12,03136;;;42,20483285
12,03186;;;50,13988745
12,03236;;;51,36066508
12,03286;;;38,23730555
12,03336;;;22,67239075
12,03386;;;19,31525227
12,03436;;;22,97758516
12,03486;;;20,23083549
12,03536;;;11,68539208
12,03586;;;7,412670369
12,03636;;;7,107475961
12,03686;;;2,529559846
12,03736;;;-6,931466793
12,03786;;;-15,47691021
12,03836;;;-21,58079836
12,03886;;;-31,34701941
12,03936;;;-42,9444069
12,03986;;;-50,26907269
12,04036;;;-51,48985032
12,04086;;;-51,18465591
12,04136;;;-51,18465591
12,04186;;;-47,21712861
12,04236;;;-40,80804605
12,04286;;;-36,84051875
12,04336;;;-35,92493552
12,04386;;;-34,09376908
12,04436;;;-30,43143619
12,04486;;;-27,68468652
12,04536;;;-24,93793685
12,04586;;;-20,36002073
12,04636;;;-14,86652139
12,04686;;;-9,98341087
12,04736;;;-3,879522716
12,04786;;;6,191892738
12,04836;;;17,78928023
12,04886;;;25,72433483
12,04936;;;32,13341739
12,04986;;;39,45808318
12,05036;;;45,25677692
12,05086;;;45,25677692
12,05136;;;40,98405522
12,05186;;;38,23730555
12,05236;;;36,10094469
12,05286;;;31,82822299
12,05336;;;27,25030687
12,05386;;;26,02952924
12,05436;;;25,72433483
12,05486;;;22,06200194
12,05536;;;16,26330819
12,05586;;;13,21136412
12,05636;;;11,68539208
12,05686;;;6,802281554
12,05736;;;-1,132773046
12,05786;;;-9,678216462
12,05836;;;-17,61327106
12,05886;;;-27,0742977
12,05936;;;-36,84051875
12,05986;;;-43,24960131
12,06036;;;-45,38596216
12,06086;;;-45,08076776
12,06136;;;-42,9444069
12,06186;;;-38,06129638
12,06236;;;-32,56779704
12,06286;;;-30,12624178
12,06336;;;-28,90546415
12,06385;;;-26,15871448
12,06435;;;-22,80157599
12,06485;;;-20,05482632
12,06535;;;-16,69768784
12,06585;;;-10,89899409
12,06635;;;-5,405494754
12,06685;;;-2,353550677
12,06735;;;1,919171031
12,06785;;;11,68539208
12,06835;;;23,28277957
12,06885;;;31,82822299
12,06935;;;38,23730555
12,06985;;;46,47755455
12,07035;;;52,2762483
12,07085;;;51,36066508
12,07135;;;45,86716574
12,07185;;;42,20483285
12,07235;;;40,98405522
12,07285;;;37,62691673
12,07335;;;33,04900062
12,07385;;;31,52302858
12,07435;;;31,21783417
12,07485;;;26,94511246
12,07535;;;19,92564108
12,07585;;;15,65291938
12,07635;;;13,82175293
12,07685;;;8,328253592
12,07735;;;-1,132773046
12,07785;;;-10,28860528
12,07835;;;-17,30807665
12,07885;;;-26,46390889
12,07935;;;-37,45090756
12,07985;;;-45,08076776
12,08035;;;-47,52232302
12,08085;;;-47,21712861
12,08135;;;-45,99635098
12,08185;;;-41,72362927
12,08235;;;-35,61974112
12,08285;;;-31,95740822
12,08335;;;-31,041825
12,08385;;;-29,82104737
12,08435;;;-26,76910329
12,08485;;;-23,41196481
12,08535;;;-20,36002073
12,08585;;;-15,78210462
12,08635;;;-10,89899409
12,08685;;;-6,626272385
12,08735;;;-0,5223842311
12,08785;;;9,549031223
12,08835;;;21,14641872
12,08885;;;29,38666772
12,08935;;;35,79575029
12,08985;;;43,73080489
12,09035;;;49,83469304
12,09085;;;48,61391541
12,09135;;;43,42561048
12,09185;;;40,98405522
12,09235;;;40,06847199
12,09285;;;36,10094469
12,09335;;;30,91263976
12,09385;;;30,91263976
12,09435;;;31,52302858
12,09485;;;24,80875161
12,09535;;;14,73733615
12,09585;;;14,73733615
12,09635;;;24,5035572
12,09685;;;25,72433483
12,09735;;;9,243836815
12,09785;;;-12,42496613
12,09835;;;-25,85352007
12,09885;;;-31,65221382
12,09935;;;-38,67168519
12,09985;;;-47,52232302
12,10035;;;-51,48985032
12,10085;;;-49,96387828
12,10135;;;-46,30154539
12,10185;;;-42,33401809
12,10235;;;-38,06129638
12,10285;;;-35,0093523
12,10335;;;-34,09376908
12,10385;;;-32,87299145
12,10435;;;-29,51585296
12,10485;;;-24,93793685
12,10535;;;-21,27560395
12,10585;;;-18,22365988
12,10635;;;-14,56132699
12,10685;;;-9,373022054
12,10735;;;-1,743161862
12,10785;;;7,717864777
12,10835;;;17,78928023
12,10885;;;26,94511246
12,10935;;;35,49055588
12,10985;;;43,42561048
12,11035;;;47,39313778
12,11085;;;45,56197133
12,11135;;;41,89963844
12,11185;;;40,06847199
12,11235;;;38,23730555
12,11285;;;33,65938943
12,11335;;;29,69186213
12,11385;;;28,77627891
12,11435;;;28,16589009
12,11485;;;23,28277957
12,11535;;;16,87369701
12,11585;;;14,12694734
12,11635;;;11,99058648
12,11685;;;5,581503923
12,11735;;;-3,2691339
12,11785;;;-10,59379969
12,11835;;;-17,00288225
12,11885;;;-26,46390889
12,11935;;;-37,75610197
12,11984;;;-44,77557335
12,12034;;;-46,60673979
12,12084;;;-46,30154539
12,12134;;;-44,47037894
12,12184;;;-39,58726842
12,12234;;;-33,48338026
12,12284;;;-30,73663059
12,12334;;;-29,82104737
12,12384;;;-27,68468652
12,12434;;;-23,41196481
12,12484;;;-19,74963192
12,12534;;;-15,47691021
12,12584;;;-10,28860528
12,12634;;;-5,100300347
12,12684;;;-0,8275786388
12,12734;;;5,276309515
12,12784;;;15,34772497
12,12834;;;26,02952924
12,12884;;;33,96458384
12,12934;;;40,98405522
12,12984;;;49,22430422
12,13034;;;55,02299797
12,13084;;;54,41260916
12,13134;;;49,22430422
12,13184;;;45,56197133
12,13234;;;43,42561048
12,13284;;;40,06847199
12,13334;;;36,10094469
12,13384;;;34,26977825
12,13434;;;33,04900062
12,13484;;;29,08147332
12,13534;;;23,28277957
12,13584;;;18,70486345
12,13634;;;15,34772497
12,13684;;;10,76980885
12,13734;;;4,055531884
12,13784;;;-4,184717123
12,13834;;;-14,86652139
12,13884;;;-26,46390889
12,13934;;;-36,53532434
12,13984;;;-42,63921249
12,14034;;;-45,99635098
12,14084;;;-47,52232302
12,14134;;;-45,38596216
12,14184;;;-39,89246282
12,14234;;;-34,39896349
12,14284;;;-32,26260263
12,14334;;;-31,34701941
12,14384;;;-29,21065856
12,14434;;;-26,46390889
12,14484;;;-24,32754803
12,14534;;;-20,05482632
12,14584;;;-13,64574376
12,14634;;;-8,457438831
12,14684;;;-5,405494754
12,14734;;;0,08800458433
12,14784;;;10,76980885
12,14834;;;22,06200194
12,14884;;;30,30225095
12,14934;;;37,62691673
12,14984;;;46,47755455
12,15034;;;53,19183152
12,15084;;;52,88663712
12,15134;;;47,69833219
12,15184;;;43,12041607
12,15234;;;40,67886081
12,15284;;;37,32172232
12,15334;;;33,96458384
12,15384;;;32,74380621
12,15434;;;31,82822299
12,15484;;;28,16589009
12,15534;;;21,45161312
12,15584;;;16,5685026
12,15634;;;14,43214175
12,15684;;;10,46461445
12,15734;;;1,613976623
12,15784;;;-8,762633239
12,15834;;;-17,61327106
12,15884;;;-24,93793685
12,15934;;;-34,70415789
12,15984;;;-46,60673979
12,16034;;;-52,10023913
12,16084;;;-44,47037894
12,16134;;;-30,43143619
12,16184;;;-24,02235362
12,16234;;;-30,73663059
12,16284;;;-39,89246282
12,16334;;;-39,89246282
12,16384;;;-33,48338026
12,16434;;;-29,82104737
12,16484;;;-29,82104737
12,16534;;;-26,76910329
12,16584;;;-19,74963192
12,16634;;;-14,56132699
12,16684;;;-12,42496613
12,16734;;;-6,01588357
12,16784;;;5,276309515
12,16834;;;16,26330819
12,16884;;;23,28277957
12,16934;;;30,91263976
12,16984;;;40,67886081
12,17034;;;45,86716574
12,17084;;;44,03599929
12,17134;;;40,3736664
12,17184;;;39,15288877
12,17234;;;37,32172232
12,17284;;;31,82822299
12,17334;;;28,16589009
12,17384;;;29,08147332
12,17434;;;28,4710845
12,17484;;;22,06200194
12,17534;;;15,04253056
12,17584;;;12,90616971
12,17633;;;11,68539208
12,17683;;;5,276309515
12,17733;;;-3,879522716
12,17783;;;-10,28860528
12,17833;;;-16,08729902
12,17883;;;-26,46390889
12,17933;;;-38,36649079
12,17983;;;-45,69115657
12,18033;;;-47,52232302
12,18083;;;-48,13271183
12,18133;;;-46,60673979
12,18183;;;-40,50285164
12,18233;;;-33,17818586
12,18283;;;-30,43143619
12,18333;;;-30,73663059
12,18383;;;-28,90546415
12,18433;;;-24,93793685
12,18483;;;-21,88599277
12,18533;;;-19,44443751
12,18583;;;-15,1717158
12,18633;;;-9,98341087
12,18683;;;-5,405494754
12,18733;;;0,6983933997
12,18783;;;11,38019767
12,18833;;;22,97758516
12,18883;;;30,91263976
12,18933;;;37,32172232
12,18983;;;44,95158252
12,19033;;;50,75027626
12,19083;;;49,52949863
12,19133;;;44,03599929
12,19183;;;40,98405522
12,19233;;;39,76327759
12,19283;;;35,79575029
12,19333;;;30,60744535
12,19383;;;28,4710845
12,19433;;;27,86069569
12,19483;;;23,89316839
12,19533;;;17,17889142
12,19583;;;13,21136412
12,19633;;;11,38019767
12,19683;;;6,191892738
12,19733;;;-2,963939493
12,19783;;;-12,11977172
12,19833;;;-20,05482632
12,19883;;;-29,82104737
12,19933;;;-41,11324046
12,19983;;;-48,13271183
12,20033;;;-49,04829506
12,20083;;;-48,74310065
12,20133;;;-48,43790624
12,20183;;;-45,08076776
12,20233;;;-38,67168519
12,20283;;;-34,70415789
12,20333;;;-35,31454671
12,20383;;;-34,39896349
12,20433;;;-29,82104737
12,20483;;;-25,54832566
12,20533;;;-23,1067704
12,20583;;;-19,44443751
12,20633;;;-13,03535495
12,20683;;;-8,152244424
12,20733;;;-4,489911531
12,20783;;;5,276309515
12,20833;;;22,67239075
12,20883;;;35,49055588
12,20933;;;37,62691673
12,20983;;;36,10094469
12,21033;;;40,06847199
12,21083;;;45,86716574
12,21133;;;44,64638811
12,21183;;;39,15288877
12,21233;;;36,71133351
12,21283;;;36,10094469
12,21333;;;31,82822299
12,21383;;;26,33472365
12,21433;;;25,11394602
12,21483;;;24,80875161
12,21533;;;19,31525227
12,21583;;;12,29578089
12,21633;;;9,549031223
12,21683;;;9,243836815
12,21733;;;3,445143069
12,21783;;;-6,01588357
12,21833;;;-14,25613258
12,21883;;;-21,27560395
12,21933;;;-32,26260263
12,21983;;;-43,55479572
12,22033;;;-48,43790624
12,22083;;;-48,74310065
12,22133;;;-49,96387828
12,22183;;;-49,65868387
12,22233;;;-42,63921249
12,22283;;;-35,0093523
12,22333;;;-34,70415789
12,22383;;;-36,23012993
12,22433;;;-26,76910329
12,22483;;;-10,89899409
12,22533;;;-6,01588357
12,22583;;;-14,86652139
12,22633;;;-21,58079836
12,22683;;;-16,69768784
12,22733;;;-7,541855608
12,22783;;;-0,5223842311
12,22833;;;7,107475961
12,22883;;;18,39966905
12,22933;;;29,69186213
12,22983;;;37,62691673
12,23033;;;44,95158252
12,23083;;;51,05547067
12,23133;;;51,05547067
12,23183;;;45,86716574
12,23232;;;41,89963844
12,23282;;;40,67886081
12,23332;;;37,93211114
12,23382;;;33,65938943
12,23432;;;31,82822299
12,23482;;;31,52302858
12,23532;;;28,16589009
12,23582;;;21,45161312
12,23632;;;17,17889142
12,23682;;;15,34772497
12,23732;;;10,46461445
12,23782;;;1,308782215
12,23832;;;-8,152244424
12,23882;;;-17,00288225
12,23932;;;-27,0742977
12,23982;;;-37,75610197
12,24032;;;-44,47037894
12,24082;;;-46,9119342
12,24132;;;-47,21712861
12,24182;;;-45,69115657
12,24232;;;-40,80804605
12,24282;;;-35,0093523
12,24332;;;-33,17818586
12,24382;;;-34,09376908
12,24432;;;-32,87299145
12,24482;;;-28,60026974
12,24532;;;-24,32754803
12,24582;;;-21,27560395
12,24632;;;-17,00288225
12,24682;;;-11,81457732
12,24732;;;-6,626272385
12,24782;;;0,08800458433
12,24832;;;9,549031223
12,24882;;;19,92564108
12,24932;;;28,4710845
12,24982;;;35,79575029
12,25032;;;44,03599929
12,25082;;;48,91910982
12,25132;;;48,00352659
12,25182;;;44,03599929
12,25232;;;41,28924962
12,25282;;;38,84769436
12,25332;;;34,57497265
12,25382;;;31,52302858
12,25432;;;31,52302858
12,25482;;;30,91263976
12,25532;;;25,11394602
12,25582;;;17,78928023
12,25632;;;14,43214175
12,25682;;;13,21136412
12,25732;;;7,717864777
12,25782;;;-1,437967454
12,25832;;;-11,2041885
12,25882;;;-20,36002073
12,25932;;;-31,041825
12,25982;;;-41,41843486
12,26032;;;-48,43790624
12,26082;;;-51,79504472
12,26132;;;-52,71062795
12,26182;;;-50,8794615
12,26232;;;-46,30154539
12,26282;;;-41,72362927
12,26332;;;-39,28207401
12,26382;;;-37,14571316
12,26432;;;-33,48338026
12,26482;;;-30,43143619
12,26532;;;-28,60026974
12,26582;;;-25,54832566
12,26632;;;-20,05482632
12,26682;;;-14,86652139
12,26732;;;-11,50938291
12,26782;;;-5,100300347
12,26832;;;6,497087146
12,26882;;;17,48408582
12,26932;;;24,80875161
12,26982;;;32,74380621
12,27032;;;43,12041607
12,27082;;;50,44508186
12,27132;;;48,61391541
12,27182;;;42,51002725
12,27232;;;39,15288877
12,27282;;;37,93211114
12,27332;;;35,18536147
12,27382;;;31,82822299
12,27432;;;31,21783417
12,27482;;;29,99705654
12,27532;;;25,11394602
12,27582;;;18,70486345
12,27632;;;15,65291938
12,27682;;;14,12694734
12,27732;;;8,938642408
12,27782;;;0,08800458433
12,27832;;;-9,373022054
12,27882;;;-18,22365988
12,27932;;;-28,60026974
12,27982;;;-38,67168519
12,28032;;;-44,77557335
12,28082;;;-47,21712861
12,28132;;;-47,21712861
12,28182;;;-45,08076776
12,28232;;;-39,89246282
12,28282;;;-34,39896349
12,28332;;;-31,34701941
12,28382;;;-31,041825
12,28432;;;-29,51585296
12,28482;;;-25,24313125
12,28532;;;-20,66521514
12,28582;;;-17,00288225
12,28632;;;-13,34054935
12,28682;;;-8,152244424
12,28732;;;-1,132773046
12,28782;;;4,971115108
12,28832;;;11,07500326
12,28881;;;20,84122431
12,28931;;;37,93211114
12,28981;;;57,15935882
12,29031;;;65,70480224
12,29081;;;58,68533086
12,29131;;;46,78274896
12,29181;;;42,20483285
12,29231;;;43,73080489
12,29281;;;41,89963844
12,29331;;;36,10094469
12,29381;;;33,04900062
12,29431;;;33,65938943
12,29481;;;31,21783417
12,29531;;;23,58797398
12,29581;;;17,48408582
12,29631;;;15,95811378
12,29681;;;13,82175293
12,29731;;;7,107475961
12,29781;;;-1,437967454
12,29831;;;-9,373022054
12,29881;;;-18,52885429
12,29931;;;-30,43143619
12,29981;;;-40,50285164
12,30031;;;-45,99635098
12,30081;;;-48,43790624
12,30131;;;-49,04829506
12,30181;;;-46,30154539
12,30231;;;-40,80804605
12,30281;;;-35,92493552
12,30331;;;-34,39896349
12,30381;;;-33,48338026
12,30431;;;-30,12624178
12,30481;;;-25,85352007
12,30531;;;-22,80157599
12,30581;;;-18,83404869
12,30631;;;-13,95093817
12,30681;;;-9,678216462
12,30731;;;-5,405494754
12,30781;;;1,919171031
12,30831;;;12,6009753
12,30881;;;22,97758516
12,30931;;;31,52302858
12,30981;;;40,06847199
12,31031;;;48,91910982
12,31081;;;52,88663712
12,31131;;;50,13988745
12,31181;;;45,86716574
12,31231;;;43,42561048
12,31281;;;40,67886081
12,31331;;;36,4061391
12,31381;;;32,74380621
12,31431;;;31,82822299
12,31481;;;29,69186213
12,31531;;;23,58797398
12,31581;;;17,48408582
12,31631;;;14,73733615
12,31681;;;12,29578089
12,31731;;;6,191892738
12,31781;;;-2,353550677
12,31831;;;-11,2041885
12,31881;;;-20,97040955
12,31931;;;-32,56779704
12,31981;;;-42,63921249
12,32031;;;-48,43790624
12,32081;;;-51,48985032
12,32131;;;-52,40543354
12,32181;;;-49,04829506
12,32231;;;-41,72362927
12,32281;;;-35,61974112
12,32331;;;-35,0093523
12,32381;;;-35,61974112
12,32431;;;-33,78857467
12,32481;;;-29,82104737
12,32531;;;-26,46390889
12,32581;;;-22,80157599
12,32631;;;-17,91846547
12,32681;;;-13,95093817
12,32731;;;-10,59379969
12,32781;;;-4,184717123
12,32831;;;6,191892738
12,32881;;;17,48408582
12,32931;;;26,02952924
12,32981;;;33,65938943
12,33031;;;41,89963844
12,33081;;;46,17236015
12,33131;;;44,64638811
12,33181;;;40,67886081
12,33231;;;38,54249995
12,33281;;;36,10094469
12,33331;;;31,52302858
12,33381;;;28,16589009
12,33431;;;27,86069569
12,33481;;;26,33472365
12,33531;;;20,5360299
12,33581;;;14,12694734
12,33631;;;11,38019767
12,33681;;;9,549031223
12,33731;;;2,834754254
12,33781;;;-6,321077977
12,33831;;;-14,86652139
12,33881;;;-23,1067704
12,33931;;;-34,09376908
12,33981;;;-45,69115657
12,34031;;;-52,40543354
12,34081;;;-54,54179439
12,34131;;;-54,54179439
12,34181;;;-52,40543354
12,34231;;;-46,9119342
12,34281;;;-40,50285164
12,34331;;;-37,75610197
12,34381;;;-37,45090756
12,34431;;;-35,92493552
12,34480;;;-33,17818586
12,34530;;;-30,12624178
12,34580;;;-26,46390889
12,34630;;;-20,97040955
12,34680;;;-15,47691021
12,34730;;;-11,50938291
12,34780;;;-5,710689162
12,34830;;;4,971115108
12,34880;;;17,78928023
12,34930;;;26,94511246
12,34980;;;33,65938943
12,35030;;;41,89963844
12,35080;;;49,83469304
12,35130;;;49,22430422
12,35180;;;41,28924962
12,35230;;;36,71133351
12,35280;;;41,89963844
12,35330;;;49,52949863
12,35380;;;48,308721
12,35430;;;37,01652792
12,35480;;;24,19836279
12,35530;;;18,09447464
12,35580;;;17,48408582
12,35630;;;16,26330819
12,35680;;;11,38019767
12,35730;;;4,360726292
12,35780;;;-2,353550677
12,35830;;;-9,678216462
12,35880;;;-18,83404869
12,35930;;;-30,12624178
12,35980;;;-40,50285164
12,36030;;;-46,60673979
12,36080;;;-49,65868387
12,36130;;;-49,96387828
12,36180;;;-47,21712861
12,36230;;;-42,02882368
12,36280;;;-36,84051875
12,36330;;;-33,48338026
12,36380;;;-31,65221382
12,36430;;;-29,21065856
12,36480;;;-26,15871448
12,36530;;;-22,80157599
12,36580;;;-17,91846547
12,36630;;;-12,73016054
12,36680;;;-8,152244424
12,36730;;;-3,879522716
12,36780;;;3,750337477
12,36830;;;14,73733615
12,36880;;;25,11394602
12,36930;;;33,96458384
12,36980;;;43,42561048
12,37030;;;52,2762483
12,37080;;;56,2437756
12,37130;;;54,71780356
12,37180;;;51,66585949
12,37230;;;49,83469304
12,37280;;;46,78274896
12,37330;;;41,59444403
12,37380;;;38,54249995
12,37430;;;38,54249995
12,37480;;;36,4061391
12,37530;;;29,69186213
12,37580;;;23,28277957
12,37630;;;21,14641872
12,37680;;;19,31525227
12,37730;;;12,90616971
12,37780;;;3,750337477
12,37830;;;-4,795105939
12,37880;;;-14,25613258
12,37930;;;-26,15871448
12,37980;;;-37,14571316
12,38030;;;-42,9444069
12,38080;;;-45,08076776
12,38130;;;-45,69115657
12,38180;;;-43,55479572
12,38230;;;-38,36649079
12,38280;;;-33,48338026
12,38330;;;-31,95740822
12,38380;;;-31,041825
12,38430;;;-27,68468652
12,38480;;;-23,71715922
12,38530;;;-20,97040955
12,38580;;;-17,61327106
12,38630;;;-12,73016054
12,38680;;;-9,067827647
12,38730;;;-5,710689162
12,38780;;;1,308782215
12,38830;;;13,82175293
12,38880;;;25,72433483
12,38930;;;33,65938943
12,38980;;;41,59444403
12,39030;;;51,05547067
12,39080;;;55,63338679
12,39130;;;53,19183152
12,39180;;;48,91910982
12,39230;;;47,39313778
12,39280;;;45,25677692
12,39330;;;39,76327759
12,39380;;;35,49055588
12,39430;;;35,18536147
12,39480;;;33,96458384
12,39530;;;27,55550128
12,39580;;;20,5360299
12,39630;;;17,48408582
12,39680;;;15,65291938
12,39730;;;8,938642408
12,39780;;;-0,8275786388
12,39830;;;-9,373022054
12,39880;;;-17,30807665
12,39930;;;-27,98988092
12,39980;;;-39,28207401
12,40030;;;-46,9119342
12,40080;;;-49,65868387
12,40129;;;-49,35348946
12,40179;;;-46,60673979
12,40229;;;-42,02882368
12,40279;;;-38,36649079
12,40329;;;-36,53532434
12,40379;;;-35,0093523
12,40429;;;-32,26260263
12,40479;;;-29,82104737
12,40529;;;-27,0742977
12,40579;;;-22,49638159
12,40629;;;-17,30807665
12,40679;;;-14,25613258
12,40729;;;-11,50938291
12,40779;;;-3,574328308
12,40829;;;8,023059185
12,40879;;;18,09447464
12,40929;;;26,02952924
12,40979;;;35,49055588
12,41029;;;44,64638811
12,41079;;;47,69833219
12,41129;;;44,95158252
12,41179;;;42,51002725
12,41229;;;41,59444403
12,41279;;;38,23730555
12,41329;;;33,65938943
12,41379;;;32,13341739
12,41429;;;31,52302858
12,41479;;;26,02952924
12,41529;;;20,5360299
12,41579;;;23,58797398
12,41629;;;30,30225095
12,41679;;;25,41914042
12,41729;;;7,412670369
12,41779;;;-9,067827647
12,41829;;;-16,39249343
12,41879;;;-22,49638159
12,41929;;;-35,31454671
12,41979;;;-47,82751742
12,42029;;;-52,40543354
12,42079;;;-52,40543354
12,42129;;;-52,71062795
12,42179;;;-50,57426709
12,42229;;;-43,24960131
12,42279;;;-36,84051875
12,42329;;;-35,92493552
12,42379;;;-35,61974112
12,42429;;;-31,65221382
12,42479;;;-26,15871448
12,42529;;;-23,1067704
12,42579;;;-20,05482632
12,42629;;;-14,86652139
12,42679;;;-10,28860528
12,42729;;;-6,931466793
12,42779;;;-0,2171898234
12,42829;;;11,38019767
12,42879;;;22,97758516
12,42929;;;31,52302858
12,42979;;;40,3736664
12,43029;;;50,44508186
12,43079;;;55,02299797
12,43129;;;51,36066508
12,43179;;;46,17236015
12,43229;;;44,3411937
12,43279;;;42,51002725
12,43329;;;37,93211114
12,43379;;;34,26977825
12,43429;;;33,96458384
12,43479;;;32,13341739
12,43529;;;25,72433483
12,43579;;;20,23083549
12,43629;;;18,09447464
12,43679;;;15,65291938
12,43729;;;8,633448
12,43779;;;-0,2171898234
12,43829;;;-7,847050016
12,43879;;;-17,30807665
12,43929;;;-29,82104737
12,43979;;;-41,11324046
12,44029;;;-46,60673979
12,44079;;;-48,43790624
12,44129;;;-49,04829506
12,44179;;;-47,52232302
12,44229;;;-42,33401809
12,44279;;;-37,45090756
12,44329;;;-35,61974112
12,44379;;;-34,70415789
12,44429;;;-31,041825
12,44479;;;-26,76910329
12,44529;;;-23,1067704
12,44579;;;-19,1392431
12,44629;;;-14,25613258
12,44679;;;-10,89899409
12,44729;;;-6,931466793
12,44779;;;1,003587807
12,44829;;;12,90616971
12,44879;;;23,89316839
12,44929;;;32,13341739
12,44979;;;40,67886081
12,45029;;;48,91910982
12,45079;;;51,97105389
12,45129;;;48,61391541
12,45179;;;44,64638811
12,45229;;;42,51002725
12,45279;;;39,15288877
12,45329;;;33,65938943
12,45379;;;29,99705654
12,45429;;;29,38666772
12,45479;;;26,63991805
12,45529;;;19,92564108
12,45579;;;14,43214175
12,45629;;;13,21136412
12,45679;;;11,38019767
12,45728;;;4,6659207
12,45778;;;-4,795105939
12,45828;;;-14,25613258
12,45878;;;-25,54832566
12,45928;;;-38,06129638
12,45978;;;-47,52232302
12,46028;;;-52,71062795
12,46078;;;-55,45737762
12,46128;;;-56,98334966
12,46178;;;-54,8469888
12,46228;;;-49,35348946
12,46278;;;-45,38596216
12,46328;;;-43,85999012
12,46378;;;-41,41843486
12,46428;;;-36,84051875
12,46478;;;-33,17818586
12,46528;;;-30,73663059
12,46578;;;-26,15871448
12,46628;;;-20,05482632
12,46678;;;-16,08729902
12,46728;;;-13,34054935
12,46778;;;-6,321077977
12,46828;;;4,971115108
12,46878;;;15,95811378
12,46928;;;23,89316839
12,46978;;;33,04900062
12,47028;;;42,81522166
12,47078;;;47,69833219
12,47128;;;45,56197133
12,47178;;;41,89963844
12,47228;;;40,06847199
12,47278;;;38,23730555
12,47328;;;35,18536147
12,47378;;;33,35419502
12,47428;;;32,13341739
12,47478;;;28,77627891
12,47528;;;23,58797398
12,47578;;;19,01005786
12,47628;;;15,34772497
12,47678;;;10,15942004
12,47728;;;5,276309515
12,47778;;;0,08800458433
12,47828;;;-9,678216462
12,47878;;;-24,93793685
12,47928;;;-35,31454671
12,47978;;;-34,09376908
12,48028;;;-30,73663059
12,48078;;;-38,06129638
12,48128;;;-50,8794615
12,48178;;;-53,62621117
12,48228;;;-44,77557335
12,48278;;;-37,45090756
12,48328;;;-37,45090756
12,48378;;;-37,14571316
12,48428;;;-32,26260263
12,48478;;;-27,68468652
12,48528;;;-25,54832566
12,48578;;;-21,58079836
12,48628;;;-14,86652139
12,48678;;;-9,98341087
12,48728;;;-6,931466793
12,48778;;;0,6983933997
12,48828;;;13,51655852
12,48878;;;24,80875161
12,48928;;;32,4386118
12,48978;;;42,20483285
12,49028;;;52,58144271
12,49078;;;56,2437756
12,49128;;;52,2762483
12,49178;;;48,308721
12,49228;;;48,00352659
12,49278;;;46,17236015
12,49328;;;40,67886081
12,49378;;;36,71133351
12,49428;;;36,4061391
12,49478;;;33,96458384
12,49528;;;26,94511246
12,49578;;;20,5360299
12,49628;;;18,70486345
12,49678;;;16,5685026
12,49728;;;9,549031223
12,49778;;;0,6983933997
12,49828;;;-6,931466793
12,49878;;;-17,30807665
12,49928;;;-30,73663059
12,49978;;;-42,02882368
12,50028;;;-47,82751742
12,50078;;;-50,57426709
12,50128;;;-52,40543354
12,50178;;;-50,26907269
12,50228;;;-43,55479572
12,50278;;;-37,75610197
12,50328;;;-36,53532434
12,50378;;;-36,84051875
12,50428;;;-34,39896349
12,50478;;;-30,12624178
12,50528;;;-26,76910329
12,50578;;;-22,80157599
12,50628;;;-17,91846547
12,50678;;;-13,64574376
12,50728;;;-9,373022054
12,50778;;;-2,04835627
12,50828;;;9,549031223
12,50878;;;21,45161312
12,50928;;;31,52302858
12,50978;;;40,3736664
12,51028;;;48,61391541
12,51078;;;52,2762483
12,51128;;;50,44508186
12,51178;;;47,08794337
12,51228;;;44,95158252
12,51278;;;42,51002725
12,51328;;;38,54249995
12,51377;;;35,18536147
12,51427;;;33,65938943
12,51477;;;30,91263976
12,51527;;;26,02952924
12,51577;;;21,45161312
12,51627;;;18,70486345
12,51677;;;15,34772497
12,51727;;;8,633448
12,51777;;;0,08800458433
12,51827;;;-8,762633239
12,51877;;;-19,74963192
12,51927;;;-32,26260263
12,51977;;;-42,63921249
12,52027;;;-48,43790624
12,52077;;;-51,48985032
12,52127;;;-51,79504472
12,52177;;;-49,04829506
12,52227;;;-44,16518453
12,52277;;;-39,58726842
12,52327;;;-37,45090756
12,52377;;;-35,61974112
12,52427;;;-32,56779704
12,52477;;;-29,51585296
12,52527;;;-25,85352007
12,52577;;;-20,66521514
12,52627;;;-15,78210462
12,52677;;;-13,34054935
12,52727;;;-10,59379969
12,52777;;;-1,743161862
12,52827;;;11,07500326
12,52877;;;22,67239075
12,52927;;;30,30225095
12,52977;;;38,84769436
12,53027;;;48,308721
12,53077;;;52,58144271
12,53127;;;49,52949863
12,53177;;;44,95158252
12,53227;;;42,81522166
12,53277;;;40,06847199
12,53327;;;35,18536147
12,53377;;;31,52302858
12,53427;;;31,21783417
12,53477;;;29,38666772
12,53527;;;22,36719635
12,53577;;;15,04253056
12,53627;;;12,29578089
12,53677;;;11,07500326
12,53727;;;5,276309515
12,53777;;;-3,574328308
12,53827;;;-12,42496613
12,53877;;;-21,58079836
12,53927;;;-33,78857467
12,53977;;;-45,69115657
12,54027;;;-52,10023913
12,54077;;;-53,62621117
12,54127;;;-53,32101676
12,54177;;;-50,8794615
12,54227;;;-43,85999012
12,54277;;;-37,14571316
12,54327;;;-35,92493552
12,54377;;;-37,75610197
12,54427;;;-32,87299145
12,54477;;;-19,1392431
12,54527;;;-6,321077977
12,54577;;;-3,574328308
12,54627;;;-8,762633239
12,54677;;;-11,50938291
12,54727;;;-6,01588357
12,54777;;;5,276309515
12,54827;;;17,48408582
12,54877;;;28,4710845
12,54927;;;39,45808318
12,54977;;;50,44508186
12,55027;;;58,68533086
12,55077;;;61,73727494
12,55127;;;60,51649731
12,55177;;;58,68533086
12,55227;;;56,54897001
12,55277;;;53,19183152
12,55327;;;49,83469304
12,55377;;;48,00352659
12,55427;;;47,08794337
12,55477;;;43,12041607
12,55527;;;36,4061391
12,55577;;;30,60744535
12,55627;;;27,86069569
12,55677;;;25,41914042
12,55727;;;19,92564108
12,55777;;;11,07500326
12,55827;;;0,08800458433
12,55877;;;-11,81457732
12,55927;;;-23,71715922
12,55977;;;-33,48338026
12,56027;;;-40,50285164
12,56077;;;-44,47037894
12,56127;;;-45,08076776
12,56177;;;-41,11324046
12,56227;;;-35,61974112
12,56277;;;-32,56779704
12,56327;;;-31,65221382
12,56377;;;-29,51585296
12,56427;;;-25,54832566
12,56477;;;-21,88599277
12,56527;;;-19,44443751
12,56577;;;-15,78210462
12,56627;;;-11,81457732
12,56677;;;-8,762633239
12,56727;;;-4,795105939
12,56777;;;3,445143069
12,56827;;;15,04253056
12,56877;;;25,72433483
12,56927;;;34,57497265
12,56976;;;44,03599929
12,57026;;;51,97105389
12,57076;;;54,71780356
12,57126;;;52,2762483
12,57176;;;48,61391541
12,57226;;;45,86716574
12,57276;;;42,20483285
12,57326;;;37,62691673
12,57376;;;34,57497265
12,57426;;;32,13341739
12,57476;;;27,55550128
12,57526;;;21,14641872
12,57576;;;16,26330819
12,57626;;;13,82175293
12,57676;;;10,46461445
12,57726;;;3,750337477
12,57776;;;-4,184717123
12,57826;;;-13,64574376
12,57876;;;-25,24313125
12,57926;;;-37,75610197
12,57976;;;-47,82751742
12,58026;;;-54,23659999
12,58076;;;-57,89893288
12,58126;;;-58,20412729
12,58176;;;-54,8469888
12,58226;;;-49,65868387
12,58276;;;-45,99635098
12,58326;;;-45,08076776
12,58376;;;-43,85999012
12,58426;;;-41,11324046
12,58476;;;-37,75610197
12,58526;;;-34,39896349
12,58576;;;-29,82104737
12,58626;;;-25,54832566
12,58676;;;-22,19118718
12,58726;;;-17,61327106
12,58776;;;-8,762633239
12,58826;;;2,224365438
12,58876;;;12,29578089
12,58926;;;21,45161312
12,58976;;;31,21783417
12,59026;;;38,84769436
12,59076;;;40,98405522
12,59126;;;39,15288877
12,59176;;;36,71133351
12,59226;;;34,88016706
12,59276;;;31,21783417
12,59326;;;27,25030687
12,59376;;;25,41914042
12,59426;;;24,5035572
12,59476;;;19,92564108
12,59526;;;12,6009753
12,59576;;;7,717864777
12,59626;;;5,886698331
12,59676;;;3,139948661
12,59726;;;-2,963939493
12,59776;;;-11,81457732
12,59826;;;-21,58079836
12,59876;;;-32,56779704
12,59926;;;-44,16518453
12,59976;;;-53,62621117
12,60026;;;-59,42490492
12,60076;;;-63,39243222
12,60126;;;-64,30801544
12,60176;;;-60,95087696
12,60226;;;-54,54179439
12,60276;;;-50,8794615
12,60326;;;-49,96387828
12,60376;;;-47,52232302
12,60426;;;-41,41843486
12,60476;;;-36,23012993
12,60526;;;-33,48338026
12,60576;;;-28,90546415
12,60626;;;-21,58079836
12,60676;;;-16,69768784
12,60726;;;-15,78210462
12,60776;;;-10,59379969
12,60826;;;6,191892738
12,60876;;;28,77627891
12,60926;;;43,12041607
12,60976;;;44,95158252
12,61026;;;41,59444403
12,61076;;;41,28924962
12,61126;;;43,42561048
12,61176;;;42,81522166
12,61226;;;38,54249995
12,61276;;;33,65938943
12,61326;;;31,52302858
12,61376;;;31,52302858
12,61426;;;30,30225095
12,61476;;;26,33472365
12,61526;;;21,14641872
12,61576;;;17,48408582
12,61626;;;14,73733615
12,61676;;;11,38019767
12,61726;;;5,886698331
12,61776;;;-1,743161862
12,61826;;;-12,11977172
12,61876;;;-24,32754803
12,61926;;;-36,53532434
12,61976;;;-45,38596216
12,62026;;;-50,57426709
12,62076;;;-52,71062795
12,62126;;;-51,79504472
12,62176;;;-47,82751742
12,62226;;;-42,9444069
12,62276;;;-39,28207401
12,62326;;;-36,23012993
12,62376;;;-32,56779704
12,62426;;;-29,51585296
12,62476;;;-26,76910329
12,62526;;;-21,88599277
12,62576;;;-15,1717158
12,62625;;;-10,59379969
12,62675;;;-9,067827647
12,62725;;;-5,710689162
12,62775;;;3,750337477
12,62825;;;16,87369701
12,62875;;;27,55550128
12,62925;;;36,71133351
12,62975;;;47,39313778
12,63025;;;56,2437756
12,63075;;;58,38013646
12,63125;;;55,63338679
12,63175;;;52,88663712
12,63225;;;51,05547067
12,63275;;;47,39313778
12,63325;;;43,12041607
12,63375;;;40,98405522
12,63425;;;39,15288877
12,63475;;;34,26977825
12,63525;;;27,25030687
12,63575;;;22,97758516
12,63625;;;21,14641872
12,63675;;;16,87369701
12,63725;;;9,549031223
12,63775;;;1,919171031
12,63825;;;-6,321077977
12,63875;;;-18,52885429
12,63925;;;-31,95740822
12,63975;;;-41,11324046
12,64025;;;-45,69115657
12,64075;;;-48,43790624
12,64125;;;-48,74310065
12,64175;;;-45,08076776
12,64225;;;-39,28207401
12,64275;;;-35,92493552
12,64325;;;-35,0093523
12,64375;;;-32,87299145
12,64425;;;-29,21065856
12,64475;;;-26,15871448
12,64525;;;-22,80157599
12,64575;;;-17,30807665
12,64625;;;-12,11977172
12,64675;;;-9,678216462
12,64725;;;-6,321077977
12,64775;;;2,224365438
12,64825;;;14,12694734
12,64875;;;25,11394602
12,64925;;;34,88016706
12,64975;;;45,56197133
12,65025;;;54,71780356
12,65075;;;57,15935882
12,65125;;;54,71780356
12,65175;;;52,2762483
12,65225;;;50,75027626
12,65275;;;47,69833219
12,65325;;;43,73080489
12,65375;;;41,89963844
12,65425;;;40,67886081
12,65475;;;36,4061391
12,65525;;;29,38666772
12,65575;;;24,5035572
12,65625;;;22,06200194
12,65675;;;19,01005786
12,65725;;;12,90616971
12,65775;;;4,360726292
12,65825;;;-5,100300347
12,65875;;;-17,00288225
12,65925;;;-29,51585296
12,65975;;;-39,28207401
12,66025;;;-45,08076776
12,66075;;;-46,9119342
12,66125;;;-45,99635098
12,66175;;;-42,33401809
12,66225;;;-38,67168519
12,66275;;;-35,61974112
12,66325;;;-32,87299145
12,66375;;;-29,51585296
12,66425;;;-26,15871448
12,66475;;;-22,49638159
12,66525;;;-18,83404869
12,66575;;;-14,25613258
12,66625;;;-9,98341087
12,66675;;;-6,01588357
12,66725;;;-0,5223842311
12,66775;;;6,802281554
12,66825;;;16,5685026
12,66875;;;28,77627891
12,66925;;;40,67886081
12,66975;;;48,91910982
12,67025;;;53,19183152
12,67075;;;58,99052527
12,67125;;;67,23077428
12,67175;;;69,67232954
12,67225;;;59,60091409
12,67275;;;44,03599929
12,67325;;;36,4061391
12,67375;;;38,23730555
12,67425;;;38,84769436
12,67475;;;32,13341739
12,67525;;;24,5035572
12,67575;;;21,45161312
12,67625;;;19,62044668
12,67675;;;15,04253056
12,67725;;;8,023059185
12,67775;;;1,003587807
12,67825;;;-8,762633239
12,67875;;;-22,49638159
12,67925;;;-35,61974112
12,67975;;;-45,08076776
12,68025;;;-51,18465591
12,68075;;;-54,8469888
12,68125;;;-54,23659999
12,68175;;;-49,96387828
12,68224;;;-46,30154539
12,68274;;;-45,69115657
12,68324;;;-44,47037894
12,68374;;;-40,80804605
12,68424;;;-37,75610197
12,68474;;;-35,61974112
12,68524;;;-31,65221382
12,68574;;;-25,85352007
12,68624;;;-21,58079836
12,68674;;;-20,05482632
12,68724;;;-15,1717158
12,68774;;;-4,489911531
12,68824;;;7,412670369
12,68874;;;17,17889142
12,68924;;;27,25030687
12,68974;;;38,84769436
12,69024;;;48,00352659
12,69074;;;49,83469304
12,69124;;;46,78274896
12,69174;;;44,95158252
12,69224;;;43,42561048
12,69274;;;39,76327759
12,69324;;;35,49055588
12,69374;;;33,04900062
12,69424;;;30,91263976
12,69474;;;25,41914042
12,69524;;;19,01005786
12,69574;;;15,65291938
12,69624;;;15,04253056
12,69674;;;12,29578089
12,69724;;;6,497087146
12,69774;;;-1,437967454
12,69824;;;-11,50938291
12,69874;;;-23,71715922
12,69924;;;-36,23012993
12,69974;;;-45,69115657
12,70024;;;-51,48985032
12,70074;;;-54,54179439
12,70124;;;-53,93140558
12,70174;;;-49,35348946
12,70224;;;-44,47037894
12,70274;;;-41,72362927
12,70324;;;-40,19765723
12,70374;;;-37,14571316
12,70424;;;-33,17818586
12,70474;;;-29,51585296
12,70524;;;-24,93793685
12,70574;;;-19,44443751
12,70624;;;-15,47691021
12,70674;;;-13,03535495
12,70724;;;-8,152244424
12,70774;;;1,919171031
12,70824;;;13,82175293
12,70874;;;23,58797398
12,70924;;;33,04900062
12,70974;;;44,64638811
12,71024;;;53,49702593
12,71074;;;54,71780356
12,71124;;;51,97105389
12,71174;;;50,13988745
12,71224;;;48,308721
12,71274;;;44,03599929
12,71324;;;39,45808318
12,71374;;;38,54249995
12,71424;;;37,62691673
12,71474;;;32,4386118
12,71524;;;24,19836279
12,71574;;;19,62044668
12,71624;;;18,70486345
12,71674;;;15,04253056
12,71724;;;7,107475961
12,71774;;;-2,353550677
12,71824;;;-12,11977172
12,71874;;;-24,02235362
12,71924;;;-37,14571316
12,71974;;;-46,9119342
12,72024;;;-52,10023913
12,72074;;;-54,8469888
12,72124;;;-56,37296084
12,72174;;;-53,93140558
12,72224;;;-48,13271183
12,72274;;;-42,9444069
12,72324;;;-41,41843486
12,72374;;;-41,11324046
12,72424;;;-38,9768796
12,72474;;;-34,39896349
12,72524;;;-28,29507533
12,72574;;;-23,1067704
12,72624;;;-19,44443751
12,72674;;;-17,00288225
12,72724;;;-12,42496613
12,72774;;;-3,2691339
12,72824;;;8,633448
12,72874;;;19,92564108
12,72924;;;29,38666772
12,72974;;;38,84769436
12,73024;;;47,39313778
12,73074;;;50,75027626
12,73124;;;47,39313778
12,73174;;;42,51002725
12,73224;;;40,06847199
12,73274;;;38,84769436
12,73324;;;35,49055588
12,73374;;;31,21783417
12,73424;;;29,38666772
12,73474;;;28,4710845
12,73524;;;23,28277957
12,73574;;;12,90616971
12,73624;;;7,412670369
12,73674;;;12,6009753
12,73724;;;19,62044668
12,73774;;;13,21136412
12,73824;;;-9,067827647
12,73873;;;-33,17818586
12,73923;;;-45,69115657
12,73973;;;-49,96387828
12,74023;;;-54,8469888
12,74073;;;-60,34048814
12,74123;;;-59,73009933
12,74173;;;-53,01582236
12,74223;;;-47,52232302
12,74273;;;-46,60673979
12,74323;;;-45,08076776
12,74373;;;-40,50285164
12,74423;;;-35,92493552
12,74473;;;-33,17818586
12,74523;;;-28,29507533
12,74573;;;-21,27560395
12,74623;;;-16,69768784
12,74673;;;-15,1717158
12,74723;;;-10,59379969
12,74773;;;0,6983933997
12,74823;;;13,82175293
12,74873;;;23,28277957
12,74923;;;33,04900062
12,74973;;;46,47755455
12,75023;;;57,46455323
12,75073;;;59,29571968
12,75123;;;54,71780356
12,75173;;;50,75027626
12,75223;;;48,91910982
12,75273;;;45,86716574
12,75323;;;42,20483285
12,75373;;;40,3736664
12,75423;;;38,84769436
12,75473;;;33,96458384
12,75523;;;27,25030687
12,75573;;;22,67239075
12,75623;;;20,84122431
12,75673;;;17,78928023
12,75723;;;12,29578089
12,75773;;;3,750337477
12,75823;;;-7,541855608
12,75873;;;-21,27560395
12,75923;;;-33,78857467
12,75973;;;-42,33401809
12,76023;;;-47,82751742
12,76073;;;-51,18465591
12,76123;;;-50,57426709
12,76173;;;-45,08076776
12,76223;;;-39,58726842
12,76273;;;-37,45090756
12,76323;;;-36,23012993
12,76373;;;-32,87299145
12,76423;;;-28,29507533
12,76473;;;-24,32754803
12,76523;;;-19,44443751
12,76573;;;-12,73016054
12,76623;;;-7,847050016
12,76673;;;-5,710689162
12,76723;;;-1,743161862
12,76773;;;8,023059185
12,76823;;;20,5360299
12,76873;;;31,21783417
12,76923;;;40,98405522
12,76973;;;51,97105389
12,77023;;;60,2113029
12,77073;;;61,43208053
12,77123;;;57,76974764
12,77173;;;55,32819238
12,77223;;;53,19183152
12,77273;;;48,91910982
12,77323;;;43,42561048
12,77373;;;40,67886081
12,77423;;;38,84769436
12,77473;;;33,65938943
12,77523;;;26,02952924
12,77573;;;20,5360299
12,77623;;;18,09447464
12,77673;;;14,73733615
12,77723;;;8,023059185
12,77773;;;-0,8275786388
12,77823;;;-12,11977172
12,77873;;;-25,24313125
12,77923;;;-38,36649079
12,77973;;;-48,74310065
12,78023;;;-55,15218321
12,78073;;;-58,50932169
12,78123;;;-57,59373847
12,78173;;;-53,01582236
12,78223;;;-47,52232302
12,78273;;;-44,47037894
12,78323;;;-42,63921249
12,78373;;;-40,19765723
12,78423;;;-37,45090756
12,78473;;;-33,48338026
12,78523;;;-27,98988092
12,78573;;;-21,88599277
12,78623;;;-17,91846547
12,78673;;;-15,78210462
12,78723;;;-11,2041885
12,78773;;;-1,132773046
12,78823;;;11,99058648
12,78873;;;25,41914042
12,78923;;;37,93211114
12,78973;;;49,52949863
12,79023;;;57,46455323
12,79073;;;58,68533086
12,79123;;;55,63338679
12,79173;;;52,58144271
12,79223;;;50,13988745
12,79273;;;46,17236015
12,79323;;;41,59444403
12,79373;;;39,45808318
12,79423;;;38,54249995
12,79472;;;34,57497265
12,79522;;;27,86069569
12,79572;;;22,06200194
12,79622;;;19,31525227
12,79672;;;16,5685026
12,79722;;;11,38019767
12,79772;;;3,750337477
12,79822;;;-4,184717123
12,79872;;;-15,47691021
12,79922;;;-30,73663059
12,79972;;;-45,69115657
12,80022;;;-56,37296084
12,80072;;;-63,08723781
12,80122;;;-67,35995952
12,80172;;;-67,97034833
12,80222;;;-64,00282103
12,80272;;;-58,50932169
12,80322;;;-56,06776643
12,80372;;;-56,06776643
12,80422;;;-54,23659999
12,80472;;;-49,96387828
12,80522;;;-46,30154539
12,80572;;;-42,63921249
12,80622;;;-37,14571316
12,80672;;;-31,34701941
12,80722;;;-28,29507533
12,80772;;;-24,93793685
12,80822;;;-14,56132699
12,80872;;;1,003587807
12,80922;;;13,82175293
12,80972;;;21,45161312
12,81022;;;32,4386118
12,81072;;;50,44508186
12,81122;;;65,09441342
12,81172;;;64,1788302
12,81222;;;50,75027626
12,81272;;;38,23730555
12,81322;;;34,26977825
12,81372;;;34,57497265
12,81422;;;33,65938943
12,81472;;;29,99705654
12,81522;;;25,41914042
12,81572;;;20,84122431
12,81622;;;16,5685026
12,81672;;;13,21136412
12,81722;;;9,854225631
12,81772;;;4,6659207
12,81822;;;-3,574328308
12,81872;;;-15,1717158
12,81922;;;-28,29507533
12,81972;;;-39,58726842
12,82022;;;-48,43790624
12,82072;;;-54,8469888
12,82122;;;-57,59373847
12,82172;;;-55,15218321
12,82222;;;-47,82751742
12,82272;;;-41,11324046
12,82322;;;-37,45090756
12,82372;;;-35,31454671
12,82422;;;-31,34701941
12,82472;;;-25,85352007
12,82522;;;-20,36002073
12,82572;;;-13,95093817
12,82622;;;-6,626272385
12,82672;;;-1,437967454
12,82722;;;0,6983933997
12,82772;;;6,191892738
12,82822;;;18,70486345
12,82872;;;34,57497265
12,82922;;;47,69833219
12,82972;;;58,99052527
12,83022;;;71,50349599
12,83072;;;81,57491144
12,83122;;;83,40607789
12,83172;;;79,13335618
12,83222;;;75,47102329
12,83272;;;73,33466243
12,83322;;;69,36713513
12,83372;;;63,87363579
12,83422;;;60,2113029
12,83472;;;57,15935882
12,83522;;;51,05547067
12,83572;;;43,12041607
12,83622;;;37,62691673
12,83672;;;34,88016706
12,83722;;;30,30225095
12,83772;;;21,45161312
12,83822;;;10,46461445
12,83872;;;-2,353550677
12,83922;;;-18,22365988
12,83972;;;-34,09376908
12,84022;;;-45,99635098
12,84072;;;-53,32101676
12,84122;;;-56,98334966
12,84172;;;-56,67815525
12,84222;;;-52,10023913
12,84272;;;-46,60673979
12,84322;;;-43,55479572
12,84372;;;-41,72362927
12,84422;;;-38,36649079
12,84472;;;-33,78857467
12,84522;;;-28,90546415
12,84572;;;-24,02235362
12,84622;;;-17,91846547
12,84672;;;-13,95093817
12,84722;;;-12,11977172
12,84772;;;-7,847050016
12,84822;;;2,529559846
12,84872;;;16,87369701
12,84922;;;30,30225095
12,84972;;;42,51002725
12,85022;;;54,41260916
12,85072;;;62,95805257
12,85121;;;64,78921902
12,85171;;;61,73727494
12,85221;;;58,38013646
12,85271;;;55,02299797
12,85321;;;50,13988745
12,85371;;;44,95158252
12,85421;;;41,89963844
12,85471;;;39,76327759
12,85521;;;34,88016706
12,85571;;;27,55550128
12,85621;;;21,75680753
12,85671;;;19,01005786
12,85721;;;15,95811378
12,85771;;;8,633448
12,85821;;;-3,2691339
12,85871;;;-17,91846547
12,85921;;;-32,87299145
12,85971;;;-47,52232302
12,86021;;;-60,34048814
12,86071;;;-68,27554274
12,86121;;;-69,49632037
12,86171;;;-68,27554274
12,86221;;;-67,66515393
12,86271;;;-64,30801544
12,86321;;;-53,32101676
12,86371;;;-39,58726842
12,86421;;;-35,31454671
12,86471;;;-43,55479572
12,86521;;;-50,8794615
12,86571;;;-46,30154539
12,86621;;;-35,0093523
12,86671;;;-30,12624178
12,86721;;;-30,43143619
12,86771;;;-24,32754803
12,86821;;;-9,373022054
12,86871;;;6,191892738
12,86921;;;18,70486345
12,86971;;;32,4386118
12,87021;;;47,39313778
12,87071;;;56,2437756
12,87121;;;56,85416442
12,87171;;;55,02299797
12,87221;;;55,32819238
12,87271;;;54,10741475
12,87321;;;48,308721
12,87371;;;42,81522166
12,87421;;;41,28924962
12,87471;;;39,45808318
12,87521;;;33,96458384
12,87571;;;27,25030687
12,87621;;;23,28277957
12,87671;;;20,5360299
12,87721;;;15,95811378
12,87771;;;8,938642408
12,87821;;;-0,5223842311
12,87871;;;-15,1717158
12,87921;;;-32,87299145
12,87971;;;-47,82751742
12,88021;;;-57,28854406
12,88071;;;-64,61320985
12,88121;;;-69,80151478
12,88171;;;-69,49632037
12,88221;;;-63,69762663
12,88271;;;-57,59373847
12,88321;;;-55,15218321
12,88371;;;-53,01582236
12,88421;;;-48,74310065
12,88471;;;-44,47037894
12,88521;;;-40,80804605
12,88571;;;-35,31454671
12,88621;;;-27,68468652
12,88671;;;-23,71715922
12,88721;;;-22,49638159
12,88771;;;-17,00288225
12,88821;;;-2,658745085
12,88871;;;13,51655852
12,88921;;;26,33472365
12,88971;;;38,23730555
12,89021;;;52,2762483
12,89071;;;62,65285816
12,89121;;;64,1788302
12,89171;;;60,2113029
12,89221;;;57,46455323
12,89271;;;55,02299797
12,89321;;;50,13988745
12,89371;;;44,64638811
12,89421;;;41,89963844
12,89471;;;39,45808318
12,89521;;;33,96458384
12,89571;;;26,63991805
12,89621;;;22,67239075
12,89671;;;20,84122431
12,89721;;;17,48408582
12,89771;;;10,46461445
12,89821;;;0,393198992
12,89871;;;-12,73016054
12,89921;;;-28,90546415
12,89971;;;-42,9444069
12,90021;;;-52,10023913
12,90071;;;-58,20412729
12,90121;;;-62,17165459
12,90171;;;-60,95087696
12,90221;;;-53,32101676
12,90271;;;-45,99635098
12,90321;;;-43,24960131
12,90371;;;-41,72362927
12,90421;;;-36,84051875
12,90471;;;-31,041825
12,90521;;;-26,46390889
12,90571;;;-20,97040955
12,90621;;;-14,25613258
12,90671;;;-9,373022054
12,90720;;;-7,847050016
12,90770;;;-2,353550677
12,90820;;;10,76980885
12,90870;;;26,94511246
12,90920;;;39,76327759
12,90970;;;51,05547067
12,91020;;;63,56844139
12,91070;;;72,41907921
12,91120;;;72,72427362
12,91170;;;67,23077428
12,91220;;;62,34766376
12,91270;;;58,07494205
12,91320;;;51,66585949
12,91370;;;44,95158252
12,91420;;;40,3736664
12,91470;;;35,18536147
12,91520;;;26,94511246
12,91570;;;18,39966905
12,91620;;;13,51655852
12,91670;;;9,854225631
12,91720;;;3,445143069
12,91770;;;-6,01588357
12,91820;;;-17,91846547
12,91870;;;-33,48338026
12,91920;;;-51,18465591
12,91970;;;-66,13918189
12,92020;;;-76,21059734
12,92070;;;-83,84045753
12,92120;;;-89,02876246
12,92170;;;-87,50279043
12,92220;;;-80,17812464
12,92270;;;-73,76904208
12,92320;;;-71,02229241
12,92370;;;-67,35995952
12,92420;;;-61,56126577
12,92470;;;-56,98334966
12,92520;;;-53,32101676
12,92570;;;-45,69115657
12,92620;;;-36,84051875
12,92670;;;-35,0093523
12,92720;;;-34,70415789
12,92770;;;-22,19118718
12,92820;;;2,834754254
12,92870;;;22,67239075
12,92920;;;27,86069569
12,92970;;;30,60744535
12,93020;;;44,03599929
12,93070;;;58,38013646
12,93120;;;59,90610849
12,93170;;;51,66585949
12,93220;;;46,47755455
12,93270;;;45,25677692
12,93320;;;40,67886081
12,93370;;;33,65938943
12,93420;;;28,77627891
12,93470;;;24,80875161
12,93520;;;17,48408582
12,93570;;;8,633448
12,93620;;;4,055531884
12,93670;;;1,919171031
12,93720;;;-2,963939493
12,93770;;;-12,42496613
12,93820;;;-24,32754803
12,93870;;;-39,28207401
12,93920;;;-57,59373847
12,93970;;;-74,37943089
12,94020;;;-85,67162398
12,94070;;;-91,77551213
12,94120;;;-94,5222618
12,94170;;;-91,47031773
12,94220;;;-82,92487431
12,94270;;;-73,76904208
12,94320;;;-68,27554274
12,94370;;;-63,39243222
12,94420;;;-55,76257203
12,94470;;;-47,82751742
12,94520;;;-41,11324046
12,94570;;;-33,17818586
12,94620;;;-23,71715922
12,94670;;;-16,69768784
12,94720;;;-12,11977172
12,94770;;;-3,2691339
12,94820;;;13,82175293
12,94870;;;34,26977825
12,94920;;;51,66585949
12,94970;;;66,92557987
12,95020;;;82,18530026
12,95070;;;93,47749334
12,95120;;;95,9190486
12,95170;;;92,86710453
12,95220;;;89,81516045
12,95270;;;86,76321637
12,95320;;;81,57491144
12,95370;;;76,0814121
12,95420;;;72,1138848
12,95470;;;67,53596869
12,95520;;;60,2113029
12,95570;;;52,58144271
12,95620;;;48,00352659
12,95670;;;44,3411937
12,95720;;;37,62691673
12,95770;;;27,25030687
12,95820;;;13,21136412
12,95870;;;-4,795105939
12,95920;;;-25,54832566
12,95970;;;-42,9444069
12,96020;;;-55,15218321
12,96070;;;-63,69762663
12,96120;;;-68,58073715
12,96170;;;-67,05476511
12,96220;;;-59,73009933
12,96270;;;-53,32101676
12,96320;;;-50,26907269
12,96369;;;-47,21712861
12,96419;;;-41,41843486
12,96469;;;-35,31454671
12,96519;;;-30,43143619
12,96569;;;-23,1067704
12,96619;;;-13,95093817
12,96669;;;-8,152244424
12,96719;;;-5,710689162
12,96769;;;1,003587807
12,96819;;;16,87369701
12,96869;;;36,10094469
12,96919;;;52,2762483
12,96969;;;66,92557987
12,97019;;;81,57491144
12,97069;;;91,34113249
12,97119;;;92,25671571
12,97169;;;87,67879959
12,97219;;;82,49049466
12,97269;;;76,99699533
12,97319;;;69,97752395
12,97369;;;63,56844139
12,97419;;;58,68533086
12,97469;;;52,58144271
12,97519;;;43,12041607
12,97569;;;34,26977825
12,97619;;;29,08147332
12,97669;;;24,80875161
12,97719;;;18,09447464
12,97769;;;8,023059185
12,97819;;;-5,710689162
12,97869;;;-24,02235362
12,97919;;;-43,85999012
12,97969;;;-60,64568255
12,98019;;;-73,15865326
12,98069;;;-82,00929109
12,98119;;;-86,2820128
12,98169;;;-82,92487431
12,98219;;;-75,60020853
12,98269;;;-70,41190359
12,98319;;;-67,66515393
12,98369;;;-62,47684899
12,98419;;;-55,15218321
12,98469;;;-49,35348946
12,98519;;;-44,47037894
12,98569;;;-36,23012993
12,98619;;;-27,68468652
12,98669;;;-24,02235362
12,98719;;;-22,19118718
12,98769;;;-13,03535495
12,98819;;;4,971115108
12,98869;;;25,11394602
12,98919;;;42,81522166
12,98969;;;59,60091409
12,99019;;;73,63985684
12,99069;;;80,96452263
12,99119;;;84,0164667
12,99169;;;89,50996604
12,99219;;;92,86710453
12,99269;;;83,40607789
12,99319;;;65,09441342
12,99369;;;52,2762483
12,99419;;;50,75027626
12,99469;;;48,61391541
12,99519;;;39,15288877
12,99569;;;28,77627891
12,99619;;;24,5035572
12,99669;;;22,36719635
12,99719;;;15,95811378
12,99769;;;4,971115108
12,99819;;;-8,152244424
12,99869;;;-26,15871448
12,99919;;;-47,82751742
12,99969;;;-66,13918189
13,00019;;;-77,73656938
13,00069;;;-85,36642957
13,00119;;;-89,94434569
13,00169;;;-87,50279043
13,00219;;;-78,6521526
13,00269;;;-71,32748682
13,00319;;;-67,97034833
13,00369;;;-63,69762663
13,00419;;;-56,06776643
13,00469;;;-49,04829506
13,00519;;;-43,55479572
13,00569;;;-35,61974112
13,00619;;;-25,54832566
13,00669;;;-19,1392431
13,00719;;;-16,39249343
13,00769;;;-8,457438831
13,00819;;;9,854225631
13,00869;;;31,52302858
13,00919;;;49,52949863
13,00969;;;65,09441342
13,01019;;;80,35413381
13,01069;;;90,12035486
13,01119;;;91,03593808
13,01169;;;87,37360519
13,01219;;;84,32166111
13,01269;;;79,74374499
13,01319;;;72,72427362
13,01369;;;66,31519106
13,01419;;;62,65285816
13,01469;;;58,38013646
13,01519;;;50,13988745
13,01569;;;41,59444403
13,01619;;;37,01652792
13,01669;;;34,26977825
13,01719;;;28,16589009
13,01769;;;17,48408582
13,01819;;;3,139948661
13,01869;;;-15,1717158
13,01919;;;-35,61974112
13,01968;;;-53,01582236
13,02018;;;-65,22359866
13,02068;;;-74,07423649
13,02118;;;-79,26254142
13,02168;;;-77,43137497
13,02218;;;-69,49632037
13,02268;;;-62,47684899
13,02318;;;-59,42490492
13,02368;;;-56,37296084
13,02418;;;-50,26907269
13,02468;;;-43,55479572
13,02518;;;-38,36649079
13,02568;;;-31,95740822
13,02618;;;-23,71715922
13,02668;;;-17,91846547
13,02718;;;-14,25613258
13,02768;;;-5,710689162
13,02818;;;11,99058648
13,02868;;;33,35419502
13,02918;;;52,2762483
13,02968;;;68,45155191
13,03018;;;84,0164667
13,03068;;;94,69827097
13,03118;;;95,9190486
13,03168;;;91,34113249
13,03218;;;85,84763315
13,03268;;;79,74374499
13,03318;;;72,1138848
13,03368;;;64,78921902
13,03418;;;60,2113029
13,03468;;;54,71780356
13,03518;;;44,95158252
13,03568;;;34,26977825
13,03618;;;27,55550128
13,03668;;;22,97758516
13,03718;;;16,5685026
13,03768;;;5,581503923
13,03818;;;-9,678216462
13,03868;;;-29,51585296
13,03918;;;-51,79504472
13,03968;;;-71,32748682
13,04018;;;-85,36642957
13,04068;;;-94,2170674
13,04118;;;-97,57420588
13,04168;;;-94,2170674
13,04218;;;-86,89240161
13,04268;;;-80,78851346
13,04318;;;-76,82098616
13,04368;;;-71,02229241
13,04418;;;-62,7820434
13,04468;;;-56,37296084
13,04518;;;-51,18465591
13,04568;;;-43,24960131
13,04618;;;-33,78857467
13,04668;;;-28,90546415
13,04718;;;-26,76910329
13,04768;;;-17,61327106
13,04818;;;1,308782215
13,04868;;;22,36719635
13,04918;;;39,45808318
13,04968;;;55,93858119
13,05018;;;73,02946802
13,05068;;;83,40607789
13,05118;;;83,40607789
13,05168;;;78,82816177
13,05218;;;75,47102329
13,05268;;;69,97752395
13,05318;;;60,51649731
13,05368;;;53,49702593
13,05418;;;49,83469304
13,05468;;;42,51002725
13,05518;;;29,08147332
13,05568;;;21,45161312
13,05618;;;26,02952924
13,05668;;;29,99705654
13,05718;;;18,39966905
13,05768;;;-5,405494754
13,05818;;;-27,37949211
13,05868;;;-43,85999012
13,05918;;;-60,95087696
13,05968;;;-80,78851346
13,06018;;;-96,35342825
13,06068;;;-103,3728996
13,06118;;;-103,678094
13,06168;;;-99,10017792
13,06218;;;-91,77551213
13,06268;;;-84,14565194
13,06318;;;-77,73656938
13,06368;;;-71,02229241
13,06418;;;-63,08723781
13,06468;;;-55,15218321
13,06518;;;-47,21712861
13,06568;;;-37,45090756
13,06618;;;-27,68468652
13,06668;;;-21,58079836
13,06718;;;-17,91846547
13,06768;;;-7,847050016
13,06818;;;11,68539208
13,06868;;;34,26977825
13,06918;;;53,80222034
13,06968;;;71,19830158
13,07018;;;87,67879959
13,07068;;;98,66579827
13,07118;;;100,1917703
13,07168;;;96,22424301
13,07218;;;91,34113249
13,07268;;;85,84763315
13,07318;;;78,82816177
13,07368;;;72,41907921
13,07418;;;67,53596869
13,07468;;;61,43208053
13,07518;;;51,66585949
13,07568;;;42,81522166
13,07617;;;37,32172232
13,07667;;;33,04900062
13,07717;;;26,02952924
13,07767;;;14,43214175
13,07817;;;-1,743161862
13,07867;;;-23,1067704
13,07917;;;-45,69115657
13,07967;;;-64,30801544
13,08017;;;-77,43137497
13,08067;;;-87,19759602
13,08117;;;-92,08070654
13,08167;;;-89,63915128
13,08217;;;-82,3144855
13,08267;;;-76,21059734
13,08317;;;-72,24307004
13,08367;;;-67,35995952
13,08417;;;-60,64568255
13,08467;;;-54,23659999
13,08517;;;-46,9119342
13,08567;;;-37,45090756
13,08617;;;-27,68468652
13,08667;;;-22,49638159
13,08717;;;-18,83404869
13,08767;;;-8,152244424
13,08817;;;11,07500326
13,08867;;;32,74380621
13,08917;;;51,97105389
13,08967;;;69,97752395
13,09017;;;86,45802196
13,09067;;;96,83463183
13,09117;;;98,36060386
13,09167;;;95,00346538
13,09217;;;90,12035486
13,09267;;;84,0164667
13,09317;;;77,30218973
13,09367;;;71,80869039
13,09417;;;66,92557987
13,09467;;;58,99052527
13,09517;;;48,61391541
13,09567;;;39,76327759
13,09617;;;34,26977825
13,09667;;;29,38666772
13,09717;;;22,36719635
13,09767;;;12,29578089
13,09817;;;-2,658745085
13,09867;;;-24,02235362
13,09917;;;-47,52232302
13,09967;;;-66,13918189
13,10017;;;-79,26254142
13,10067;;;-89,33395687
13,10117;;;-94,5222618
13,10167;;;-90,5547345
13,10217;;;-80,48331905
13,10267;;;-73,46384767
13,10317;;;-70,717098
13,10367;;;-67,05476511
13,10417;;;-59,11971051
13,10467;;;-50,8794615
13,10517;;;-43,55479572
13,10567;;;-35,0093523
13,10617;;;-26,15871448
13,10667;;;-20,97040955
13,10717;;;-17,91846547
13,10767;;;-7,847050016
13,10817;;;11,38019767
13,10867;;;34,26977825
13,10917;;;53,49702593
13,10967;;;70,89310717
13,11017;;;87,67879959
13,11067;;;99,27618709
13,11117;;;100,1917703
13,11167;;;94,39307656
13,11217;;;88,59438282
13,11267;;;83,40607789
13,11317;;;76,0814121
13,11367;;;68,45155191
13,11417;;;62,65285816
13,11467;;;55,93858119
13,11517;;;45,56197133
13,11567;;;34,88016706
13,11617;;;28,4710845
13,11667;;;24,5035572
13,11717;;;16,5685026
13,11767;;;2,529559846
13,11817;;;-14,25613258
13,11867;;;-33,48338026
13,11917;;;-56,37296084
13,11967;;;-79,87293023
13,12017;;;-93,91187299
13,12067;;;-94,82745621
13,12117;;;-89,63915128
13,12167;;;-88,41837365
13,12217;;;-92,08070654
13,12267;;;-93,30148417
13,12317;;;-86,5872072
13,12367;;;-76,82098616
13,12417;;;-69,49632037
13,12467;;;-64,91840426
13,12517;;;-57,28854406
13,12567;;;-45,99635098
13,12617;;;-36,84051875
13,12667;;;-32,26260263
13,12717;;;-27,37949211
13,12767;;;-14,86652139
13,12817;;;3,750337477
13,12867;;;24,19836279
13,12917;;;43,42561048
13,12967;;;61,73727494
13,13017;;;77,60738414
13,13067;;;86,45802196
13,13117;;;87,37360519
13,13167;;;84,32166111
13,13216;;;79,43855059
13,13266;;;73,02946802
13,13316;;;65,09441342
13,13366;;;57,76974764
13,13416;;;51,97105389
13,13466;;;44,64638811
13,13516;;;35,49055588
13,13566;;;26,63991805
13,13616;;;20,5360299
13,13666;;;15,34772497
13,13716;;;9,549031223
13,13766;;;0,6983933997
13,13816;;;-13,34054935
13,13866;;;-33,78857467
13,13916;;;-55,76257203
13,13966;;;-73,46384767
13,14016;;;-86,2820128
13,14066;;;-94,82745621
13,14116;;;-97,87940029
13,14166;;;-92,69109536
13,14216;;;-83,23006872
13,14266;;;-75,29501412
13,14316;;;-69,80151478
13,14366;;;-63,08723781
13,14416;;;-54,8469888
13,14466;;;-47,82751742
13,14516;;;-41,11324046
13,14566;;;-31,65221382
13,14616;;;-22,80157599
13,14666;;;-17,91846547
13,14716;;;-13,64574376
13,14766;;;-2,04835627
13,14816;;;17,78928023
13,14866;;;39,15288877
13,14916;;;57,76974764
13,14966;;;76,38660651
13,15016;;;94,08788216
13,15066;;;104,464492
13,15116;;;104,1592976
13,15166;;;98,66579827
13,15216;;;93,47749334
13,15266;;;87,06841078
13,15316;;;78,82816177
13,15366;;;71,50349599
13,15416;;;66,62038546
13,15466;;;61,12688612
13,15516;;;52,2762483
13,15566;;;42,81522166
13,15616;;;35,79575029
13,15666;;;30,91263976
13,15716;;;25,11394602
13,15766;;;14,43214175
13,15816;;;-2,353550677
13,15866;;;-24,32754803
13,15916;;;-45,99635098
13,15966;;;-63,69762663
13,16016;;;-77,12618056
13,16066;;;-87,50279043
13,16116;;;-91,77551213
13,16166;;;-87,50279043
13,16216;;;-79,56773583
13,16266;;;-73,76904208
13,16316;;;-70,10670919
13,16366;;;-64,61320985
13,16416;;;-57,28854406
13,16466;;;-50,8794615
13,16516;;;-45,08076776
13,16566;;;-37,45090756
13,16616;;;-30,12624178
13,16666;;;-26,76910329
13,16716;;;-24,02235362
13,16766;;;-14,56132699
13,16816;;;2,529559846
13,16866;;;21,75680753
13,16916;;;39,15288877
13,16966;;;55,63338679
13,17016;;;69,97752395
13,17066;;;78,52296736
13,17116;;;79,13335618
13,17166;;;75,47102329
13,17216;;;70,28271836
13,17266;;;63,87363579
13,17316;;;56,85416442
13,17366;;;50,44508186
13,17416;;;44,95158252
13,17466;;;38,23730555
13,17516;;;29,69186213
13,17566;;;21,45161312
13,17616;;;15,65291938
13,17666;;;11,38019767
13,17716;;;6,191892738
13,17766;;;-3,2691339
13,17816;;;-20,05482632
13,17866;;;-42,02882368
13,17916;;;-63,08723781
13,17966;;;-79,56773583
13,18016;;;-91,77551213
13,18066;;;-100,62615
13,18116;;;-102,7625108
13,18166;;;-97,87940029
13,18216;;;-89,33395687
13,18266;;;-82,00929109
13,18316;;;-75,60020853
13,18366;;;-69,19112596
13,18416;;;-63,39243222
13,18466;;;-55,76257203
13,18516;;;-43,24960131
13,18566;;;-26,46390889
13,18616;;;-13,03535495
13,18666;;;-6,321077977
13,18716;;;0,08800458433
13,18766;;;14,43214175
13,18816;;;34,26977825
13,18865;;;51,66585949
13,18915;;;67,53596869
13,18965;;;86,15282756
13,19015;;;104,464492
13,19065;;;110,8735746
13,19115;;;100,8021591
13,19165;;;83,40607789
13,19215;;;70,89310717
13,19265;;;65,39960783
13,19315;;;62,65285816
13,19365;;;58,68533086
13,19415;;;52,58144271
13,19465;;;45,86716574
13,19515;;;39,45808318
13,19565;;;33,04900062
13,19615;;;26,94511246
13,19665;;;22,36719635
13,19715;;;18,70486345
13,19765;;;11,07500326
13,19815;;;-4,489911531
13,19865;;;-27,37949211
13,19915;;;-49,04829506
13,19965;;;-64,61320985
13,20015;;;-76,51579175
13,20065;;;-85,97681839
13,20115;;;-89,02876246
13,20165;;;-82,92487431
13,20215;;;-73,76904208
13,20265;;;-67,97034833
13,20315;;;-63,69762663
13,20365;;;-56,06776643
13,20415;;;-46,9119342
13,20465;;;-40,19765723
13,20515;;;-33,78857467
13,20565;;;-24,63274244
13,20615;;;-15,78210462
13,20665;;;-11,81457732
13,20715;;;-8,152244424
13,20765;;;3,139948661
13,20815;;;23,28277957
13,20865;;;44,64638811
13,20915;;;63,26324698
13,20965;;;81,57491144
13,21015;;;97,75021505
13,21065;;;106,2956585
13,21115;;;105,9904641
13,21165;;;101,4125479
13,21215;;;96,52943742
13,21265;;;90,42554926
13,21315;;;82,49049466
13,21365;;;74,86063447
13,21415;;;67,84116309
13,21465;;;59,29571968
13,21515;;;49,52949863
13,21565;;;40,3736664
13,21615;;;33,04900062
13,21665;;;26,94511246
13,21715;;;20,23083549
13,21765;;;9,854225631
13,21815;;;-7,236661201
13,21865;;;-30,73663059
13,21915;;;-53,93140558
13,21965;;;-71,63268123
13,22015;;;-85,06123516
13,22065;;;-96,04823384
13,22115;;;-100,0157611
13,22165;;;-95,43784503
13,22215;;;-86,89240161
13,22265;;;-81,70409668
13,22315;;;-78,04176379
13,22365;;;-71,63268123
13,22415;;;-63,39243222
13,22465;;;-56,98334966
13,22515;;;-51,18465591
13,22565;;;-42,02882368
13,22615;;;-32,56779704
13,22665;;;-27,68468652
13,22715;;;-24,32754803
13,22765;;;-13,34054935
13,22815;;;6,802281554
13,22865;;;28,77627891
13,22915;;;48,00352659
13,22965;;;66,31519106
13,23015;;;83,10088348
13,23065;;;92,86710453
13,23115;;;94,08788216
13,23165;;;91,64632689
13,23215;;;87,67879959
13,23265;;;81,57491144
13,23315;;;73,33466243
13,23365;;;66,31519106
13,23415;;;61,43208053
13,23465;;;54,71780356
13,23515;;;44,64638811
13,23565;;;35,18536147
13,23615;;;29,69186213
13,23665;;;25,41914042
13,23715;;;19,01005786
13,23765;;;8,328253592
13,23815;;;-8,457438831
13,23865;;;-31,34701941
13,23915;;;-54,23659999
13,23965;;;-71,02229241
13,24015;;;-82,6196799
13,24065;;;-92,08070654
13,24115;;;-96,96381706
13,24165;;;-92,38590095
13,24215;;;-81,70409668
13,24265;;;-74,07423649
13,24315;;;-71,02229241
13,24365;;;-64,91840426
13,24415;;;-53,93140558
13,24464;;;-45,69115657
13,24514;;;-41,72362927
13,24564;;;-34,09376908
13,24614;;;-18,22365988
13,24664;;;-2,353550677
13,24714;;;2,834754254
13,24764;;;3,445143069
13,24814;;;11,68539208
13,24864;;;31,52302858
13,24914;;;55,02299797
13,24964;;;74,55544006
13,25014;;;87,983994
13,25064;;;95,30865979
13,25114;;;96,22424301
13,25164;;;91,34113249
13,25214;;;83,71127229
13,25264;;;75,77621769
13,25314;;;68,75674632
13,25364;;;62,04246935
13,25414;;;55,32819238
13,25464;;;46,78274896
13,25514;;;36,4061391
13,25564;;;26,02952924
13,25614;;;17,48408582
13,25664;;;11,68539208
13,25714;;;5,886698331
13,25764;;;-3,574328308
13,25814;;;-21,27560395
13,25864;;;-45,08076776
13,25914;;;-68,27554274
13,25964;;;-86,2820128
13,26014;;;-99,71056673
13,26064;;;-109,7819822
13,26114;;;-112,8339263
13,26164;;;-107,0352325
13,26214;;;-97,87940029
13,26264;;;-92,69109536
13,26314;;;-89,02876246
13,26364;;;-81,70409668
13,26414;;;-72,24307004
13,26464;;;-65,52879307
13,26514;;;-60,95087696
13,26564;;;-53,32101676
13,26614;;;-43,55479572
13,26664;;;-36,53532434
13,26714;;;-31,65221382
13,26764;;;-22,19118718
13,26814;;;-4,795105939
13,26864;;;15,95811378
13,26914;;;37,01652792
13,26964;;;55,93858119
13,27014;;;70,58791276
13,27064;;;78,21777296
13,27114;;;79,74374499
13,27164;;;78,21777296
13,27214;;;73,94505125
13,27264;;;66,00999665
13,27314;;;57,76974764
13,27364;;;52,58144271
13,27414;;;48,00352659
13,27464;;;39,45808318
13,27514;;;29,08147332
13,27564;;;21,45161312
13,27614;;;16,87369701
13,27664;;;12,29578089
13,27714;;;5,886698331
13,27764;;;-3,574328308
13,27814;;;-19,74963192
13,27864;;;-42,33401809
13,27914;;;-65,22359866
13,27964;;;-82,3144855
13,28014;;;-94,82745621
13,28064;;;-104,2884828
13,28114;;;-107,0352325
13,28164;;;-100,0157611
13,28214;;;-90,2495401
13,28264;;;-84,45084635
13,28314;;;-79,56773583
13,28364;;;-70,41190359
13,28414;;;-60,03529373
13,28464;;;-53,32101676
13,28514;;;-46,60673979
13,28564;;;-34,09376908
13,28614;;;-21,88599277
13,28664;;;-17,30807665
13,28714;;;-15,78210462
13,28764;;;-4,489911531
13,28814;;;16,5685026
13,28864;;;38,84769436
13,28914;;;57,46455323
13,28964;;;76,38660651
13,29014;;;93,78268775
13,29064;;;102,6333256
13,29114;;;101,1073535
13,29164;;;96,22424301
13,29214;;;92,25671571
13,29264;;;86,76321637
13,29314;;;78,21777296
13,29364;;;70,58791276
13,29414;;;64,48402461
13,29464;;;56,85416442
13,29514;;;47,08794337
13,29564;;;38,84769436
13,29614;;;33,65938943
13,29664;;;29,08147332
13,29714;;;22,36719635
13,29764;;;11,99058648
13,29814;;;-4,795105939
13,29864;;;-27,68468652
13,29914;;;-50,57426709
13,29964;;;-67,05476511
13,30014;;;-78,6521526
13,30064;;;-88,41837365
13,30113;;;-92,69109536
13,30163;;;-87,19759602
13,30213;;;-76,51579175
13,30263;;;-69,19112596
13,30313;;;-65,22359866
13,30363;;;-58,50932169
13,30413;;;-49,04829506
13,30463;;;-41,41843486
13,30513;;;-35,31454671
13,30563;;;-25,54832566
13,30613;;;-15,1717158
13,30663;;;-11,81457732
13,30713;;;-10,89899409
13,30763;;;0,08800458433
13,30813;;;22,36719635
13,30863;;;44,64638811
13,30913;;;60,2113029
13,30963;;;77,30218973
13,31013;;;101,7177423
13,31063;;;121,8605733
13,31113;;;122,4709621
13,31163;;;106,6008529
13,31213;;;90,42554926
13,31263;;;83,40607789
13,31313;;;80,0489394
13,31363;;;73,33466243
13,31413;;;63,87363579
13,31463;;;54,71780356
13,31513;;;47,39313778
13,31563;;;39,45808318
13,31613;;;31,52302858
13,31663;;;25,11394602
13,31713;;;20,23083549
13,31763;;;11,38019767
13,31813;;;-6,01588357
13,31863;;;-30,12624178
13,31913;;;-52,71062795
13,31963;;;-69,19112596
13,32013;;;-82,00929109
13,32063;;;-92,99628976
13,32113;;;-96,35342825
13,32163;;;-89,94434569
13,32213;;;-80,17812464
13,32263;;;-74,07423649
13,32313;;;-70,717098
13,32363;;;-64,30801544
13,32413;;;-56,06776643
13,32463;;;-49,04829506
13,32513;;;-41,41843486
13,32563;;;-30,73663059
13,32613;;;-21,27560395
13,32663;;;-17,91846547
13,32713;;;-15,47691021
13,32763;;;-4,489911531
13,32813;;;15,65291938
13,32863;;;37,93211114
13,32913;;;57,15935882
13,32963;;;75,77621769
13,33013;;;92,25671571
13,33063;;;100,8021591
13,33113;;;100,1917703
13,33163;;;95,9190486
13,33213;;;91,64632689
13,33263;;;85,84763315
13,33313;;;78,21777296
13,33363;;;71,19830158
13,33413;;;65,09441342
13,33463;;;57,46455323
13,33513;;;47,69833219
13,33563;;;38,84769436
13,33613;;;32,4386118
13,33663;;;27,55550128
13,33713;;;21,75680753
13,33763;;;11,07500326
13,33813;;;-6,321077977
13,33863;;;-29,82104737
13,33913;;;-52,10023913
13,33963;;;-70,10670919
13,34013;;;-84,14565194
13,34063;;;-95,13265062
13,34113;;;-98,1845947
13,34163;;;-92,69109536
13,34213;;;-84,75604076
13,34263;;;-80,17812464
13,34313;;;-76,51579175
13,34363;;;-69,80151478
13,34413;;;-61,56126577
13,34463;;;-54,8469888
13,34513;;;-47,82751742
13,34563;;;-38,36649079
13,34613;;;-29,82104737
13,34663;;;-26,76910329
13,34713;;;-24,02235362
13,34763;;;-13,34054935
13,34813;;;6,191892738
13,34863;;;28,77627891
13,34913;;;49,52949863
13,34963;;;68,1463575
13,35013;;;82,49049466
13,35063;;;90,42554926
13,35113;;;92,25671571
13,35163;;;91,34113249
13,35213;;;87,67879959
13,35263;;;80,35413381
13,35313;;;73,33466243
13,35363;;;68,75674632
13,35413;;;64,1788302
13,35463;;;56,2437756
13,35513;;;46,47755455
13,35563;;;38,84769436
13,35613;;;33,65938943
13,35663;;;28,16589009
13,35712;;;21,14641872
13,35762;;;11,07500326
13,35812;;;-5,405494754
13,35862;;;-28,90546415
13,35912;;;-52,71062795
13,35962;;;-70,10670919
13,36012;;;-82,6196799
13,36062;;;-92,99628976
13,36112;;;-97,87940029
13,36162;;;-92,38590095
13,36212;;;-81,70409668
13,36262;;;-74,37943089
13,36312;;;-71,63268123
13,36362;;;-66,44437629
13,36412;;;-57,59373847
13,36462;;;-49,65868387
13,36512;;;-43,55479572
13,36562;;;-35,0093523
13,36612;;;-24,32754803
13,36662;;;-17,61327106
13,36712;;;-16,69768784
13,36762;;;-13,03535495
13,36812;;;0,08800458433
13,36862;;;19,31525227
13,36912;;;39,15288877
13,36962;;;58,68533086
13,37012;;;78,82816177
13,37062;;;95,30865979
13,37112;;;103,2437144
13,37162;;;103,5489088
13,37212;;;101,1073535
13,37262;;;96,83463183
13,37312;;;89,81516045
13,37362;;;81,26971703
13,37412;;;75,16582888
13,37462;;;69,97752395
13,37512;;;61,12688612
13,37562;;;49,83469304
13,37612;;;41,59444403
13,37662;;;37,93211114
13,37712;;;33,04900062
13,37762;;;23,58797398
13,37812;;;12,6009753
13,37862;;;3,139948661
13,37912;;;-9,067827647
13,37962;;;-31,041825
13,38012;;;-59,73009933
13,38062;;;-84,45084635
13,38112;;;-96,04823384
13,38162;;;-94,5222618
13,38212;;;-88,41837365
13,38262;;;-83,84045753
13,38312;;;-80,17812464
13,38362;;;-73,76904208
13,38412;;;-65,22359866
13,38462;;;-58,20412729
13,38512;;;-52,40543354
13,38562;;;-44,47037894
13,38612;;;-33,48338026
13,38662;;;-25,54832566
13,38712;;;-24,02235362
13,38762;;;-21,88599277
13,38812;;;-10,28860528
13,38862;;;9,549031223
13,38912;;;30,91263976
13,38962;;;49,83469304
13,39012;;;67,23077428
13,39062;;;81,88010585
13,39112;;;89,81516045
13,39162;;;90,42554926
13,39212;;;87,06841078
13,39262;;;81,88010585
13,39312;;;74,55544006
13,39362;;;67,23077428
13,39412;;;61,12688612
13,39462;;;54,41260916
13,39512;;;44,95158252
13,39562;;;33,96458384
13,39612;;;24,5035572
13,39662;;;17,48408582
13,39712;;;11,68539208
13,39762;;;5,581503923
13,39812;;;-4,489911531
13,39862;;;-22,49638159
13,39912;;;-46,9119342
13,39962;;;-70,10670919
13,40012;;;-87,19759602
13,40062;;;-101,2365388
13,40112;;;-112,2235374
13,40162;;;-115,5806759
13,40212;;;-109,1715934
13,40262;;;-100,0157611
13,40312;;;-94,5222618
13,40362;;;-89,94434569
13,40412;;;-81,70409668
13,40462;;;-72,24307004
13,40512;;;-64,91840426
13,40562;;;-56,67815525
13,40612;;;-45,08076776
13,40662;;;-35,0093523
13,40712;;;-31,041825
13,40762;;;-26,76910329
13,40812;;;-12,73016054
13,40862;;;8,633448
13,40912;;;30,30225095
13,40962;;;50,13988745
13,41012;;;69,97752395
13,41062;;;87,06841078
13,41112;;;95,61385419
13,41162;;;95,61385419
13,41212;;;92,25671571
13,41262;;;87,67879959
13,41312;;;80,35413381
13,41361;;;72,41907921
13,41411;;;66,31519106
13,41461;;;60,51649731
13,41511;;;51,66585949
13,41561;;;41,59444403
13,41611;;;33,96458384
13,41661;;;27,55550128
13,41711;;;20,84122431
13,41761;;;13,51655852
13,41811;;;4,055531884
13,41861;;;-12,73016054
13,41911;;;-37,45090756
13,41961;;;-60,64568255
13,42011;;;-76,82098616
13,42061;;;-88,72356806
13,42111;;;-99,71056673
13,42161;;;-103,0677052
13,42211;;;-95,43784503
13,42261;;;-85,06123516
13,42311;;;-80,17812464
13,42361;;;-76,82098616
13,42411;;;-69,19112596
13,42461;;;-59,11971051
13,42511;;;-52,10023913
13,42561;;;-45,08076776
13,42611;;;-33,48338026
13,42661;;;-23,41196481
13,42711;;;-20,05482632
13,42761;;;-17,61327106
13,42811;;;-4,795105939
13,42861;;;15,95811378
13,42911;;;37,01652792
13,42961;;;56,2437756
13,43011;;;76,69180092
13,43061;;;94,69827097
13,43111;;;102,3281312
13,43161;;;100,8021591
13,43211;;;98,05540946
13,43261;;;95,61385419
13,43311;;;89,81516045
13,43361;;;81,88010585
13,43411;;;76,0814121
13,43461;;;71,19830158
13,43511;;;62,95805257
13,43561;;;53,19183152
13,43611;;;46,47755455
13,43661;;;42,20483285
13,43711;;;35,79575029
13,43761;;;28,4710845
13,43811;;;20,84122431
13,43861;;;4,971115108
13,43911;;;-21,58079836
13,43961;;;-47,21712861
13,44011;;;-58,50932169
13,44061;;;-60,95087696
13,44111;;;-69,49632037
13,44161;;;-83,84045753
13,44211;;;-89,94434569
13,44261;;;-83,53526313
13,44311;;;-75,29501412
13,44361;;;-71,63268123
13,44411;;;-68,58073715
13,44461;;;-62,17165459
13,44511;;;-55,76257203
13,44561;;;-49,96387828
13,44611;;;-43,24960131
13,44661;;;-37,45090756
13,44711;;;-35,31454671
13,44761;;;-33,17818586
13,44811;;;-22,80157599
13,44861;;;-3,574328308
13,44911;;;17,17889142
13,44961;;;35,79575029
13,45011;;;54,41260916
13,45061;;;71,19830158
13,45111;;;80,35413381
13,45161;;;81,88010585
13,45211;;;79,43855059
13,45261;;;76,0814121
13,45311;;;71,50349599
13,45361;;;66,31519106
13,45411;;;61,73727494
13,45461;;;56,85416442
13,45511;;;49,52949863
13,45561;;;41,89963844
13,45611;;;37,01652792
13,45661;;;33,65938943
13,45711;;;29,69186213
13,45761;;;24,19836279
13,45811;;;15,95811378
13,45861;;;0,08800458433
13,45911;;;-22,80157599
13,45961;;;-45,69115657
13,46011;;;-62,47684899
13,46061;;;-74,37943089
13,46111;;;-84,14565194
13,46161;;;-87,80798483
13,46211;;;-82,6196799
13,46261;;;-75,29501412
13,46311;;;-71,63268123
13,46361;;;-68,58073715
13,46411;;;-61,56126577
13,46461;;;-53,32101676
13,46511;;;-47,21712861
13,46561;;;-41,11324046
13,46611;;;-32,26260263
13,46661;;;-24,32754803
13,46711;;;-21,27560395
13,46761;;;-17,61327106
13,46811;;;-6,01588357
13,46861;;;12,90616971
13,46911;;;33,65938943
13,46960;;;53,19183152
13,47010;;;72,41907921
13,47060;;;87,67879959
13,47110;;;95,61385419
13,47160;;;96,52943742
13,47210;;;94,39307656
13,47260;;;89,81516045
13,47310;;;82,18530026
13,47360;;;74,25024566
13,47410;;;68,45155191
13,47460;;;62,04246935
13,47510;;;53,19183152
13,47560;;;43,73080489
13,47610;;;37,01652792
13,47660;;;31,21783417
13,47710;;;25,41914042
13,47760;;;19,01005786
13,47810;;;9,243836815
13,47860;;;-8,152244424
13,47910;;;-31,95740822
13,47960;;;-54,54179439
13,48010;;;-71,32748682
13,48060;;;-84,14565194
13,48110;;;-94,82745621
13,48160;;;-98,1845947
13,48210;;;-92,69109536
13,48260;;;-85,06123516
13,48310;;;-80,78851346
13,48360;;;-77,43137497
13,48410;;;-70,717098
13,48460;;;-62,17165459
13,48510;;;-54,8469888
13,48560;;;-47,82751742
13,48610;;;-38,9768796
13,48660;;;-32,26260263
13,48710;;;-29,51585296
13,48760;;;-25,24313125
13,48810;;;-13,34054935
13,48860;;;5,581503923
13,48910;;;26,33472365
13,48960;;;45,56197133
13,49010;;;63,87363579
13,49060;;;78,52296736
13,49110;;;85,84763315
13,49160;;;86,76321637
13,49210;;;84,32166111
13,49260;;;80,0489394
13,49310;;;73,02946802
13,49360;;;66,00999665
13,49410;;;60,82169172
13,49460;;;55,32819238
13,49510;;;46,78274896
13,49560;;;35,79575029
13,49610;;;27,25030687
13,49660;;;21,75680753
13,49710;;;17,17889142
13,49760;;;10,15942004
13,49810;;;-0,8275786388
13,49860;;;-17,61327106
13,49910;;;-39,58726842
13,49960;;;-62,47684899
13,50010;;;-80,78851346
13,50060;;;-92,99628976
13,50110;;;-101,2365388
13,50160;;;-105,5092605
13,50210;;;-101,8469276
13,50260;;;-89,02876246
13,50310;;;-72,85345886
13,50360;;;-63,08723781
13,50410;;;-62,47684899
13,50460;;;-64,61320985
13,50510;;;-60,64568255
13,50560;;;-48,43790624
13,50610;;;-35,31454671
13,50660;;;-27,37949211
13,50710;;;-23,1067704
13,50760;;;-16,39249343
13,50810;;;-2,963939493
13,50860;;;15,95811378
13,50910;;;37,32172232
13,50960;;;58,68533086
13,51010;;;77,91257855
13,51060;;;91,9515213
13,51110;;;99,8865759
13,51160;;;102,3281312
13,51210;;;99,5813815
13,51260;;;93,78268775
13,51310;;;87,06841078
13,51360;;;81,26971703
13,51410;;;75,16582888
13,51460;;;66,92557987
13,51510;;;56,85416442
13,51560;;;47,69833219
13,51610;;;39,76327759
13,51660;;;32,4386118
13,51710;;;26,02952924
13,51760;;;20,23083549
13,51810;;;10,15942004
13,51860;;;-8,762633239
13,51910;;;-33,48338026
13,51960;;;-55,76257203
13,52010;;;-71,63268123
13,52060;;;-84,75604076
13,52110;;;-95,43784503
13,52160;;;-98,4897891
13,52210;;;-93,30148417
13,52260;;;-86,2820128
13,52310;;;-82,00929109
13,52360;;;-77,73656938
13,52410;;;-70,10670919
13,52460;;;-61,56126577
13,52510;;;-54,8469888
13,52560;;;-48,13271183
13,52609;;;-39,58726842
13,52659;;;-32,26260263
13,52709;;;-28,60026974
13,52759;;;-24,32754803
13,52809;;;-13,34054935
13,52859;;;4,360726292
13,52909;;;24,5035572
13,52959;;;44,64638811
13,53009;;;63,87363579
13,53059;;;79,13335618
13,53109;;;86,76321637
13,53159;;;87,37360519
13,53209;;;84,32166111
13,53259;;;79,43855059
13,53309;;;73,33466243
13,53359;;;67,53596869
13,53409;;;62,04246935
13,53459;;;55,93858119
13,53509;;;47,69833219
13,53559;;;39,45808318
13,53609;;;32,4386118
13,53659;;;26,33472365
13,53709;;;21,45161312
13,53759;;;16,5685026
13,53809;;;7,412670369
13,53859;;;-9,98341087
13,53909;;;-33,17818586
13,53959;;;-53,93140558
13,54009;;;-69,19112596
13,54059;;;-81,70409668
13,54109;;;-91,47031773
13,54159;;;-92,99628976
13,54209;;;-86,5872072
13,54259;;;-78,95734701
13,54309;;;-75,29501412
13,54359;;;-71,02229241
13,54409;;;-62,7820434
13,54459;;;-53,62621117
13,54509;;;-46,9119342
13,54559;;;-39,89246282
13,54609;;;-30,73663059
13,54659;;;-22,80157599
13,54709;;;-19,1392431
13,54759;;;-15,1717158
13,54809;;;-3,2691339
13,54859;;;15,34772497
13,54909;;;36,4061391
13,54959;;;56,54897001
13,55009;;;75,16582888
13,55059;;;89,20477163
13,55109;;;95,61385419
13,55159;;;95,61385419
13,55209;;;93,47749334
13,55259;;;88,89957723
13,55309;;;82,49049466
13,55359;;;74,86063447
13,55409;;;68,1463575
13,55459;;;60,82169172
13,55509;;;51,97105389
13,55559;;;43,12041607
13,55609;;;35,49055588
13,55659;;;28,77627891
13,55709;;;23,28277957
13,55759;;;18,09447464
13,55809;;;8,328253592
13,55859;;;-10,28860528
13,55909;;;-34,70415789
13,55959;;;-56,06776643
13,56009;;;-71,63268123
13,56059;;;-85,06123516
13,56109;;;-96,65862266
13,56159;;;-99,40537233
13,56209;;;-92,08070654
13,56259;;;-84,14565194
13,56309;;;-81,09370786
13,56359;;;-78,04176379
13,56409;;;-69,80151478
13,56459;;;-61,25607136
13,56509;;;-56,67815525
13,56559;;;-50,8794615
13,56609;;;-40,50285164
13,56659;;;-31,95740822
13,56709;;;-30,73663059
13,56759;;;-28,90546415
13,56809;;;-14,86652139
13,56859;;;6,497087146
13,56909;;;25,72433483
13,56959;;;42,51002725
13,57009;;;65,09441342
13,57059;;;90,12035486
13,57109;;;102,3281312
13,57159;;;95,30865979
13,57209;;;81,57491144
13,57259;;;72,72427362
13,57309;;;69,06194072
13,57359;;;64,1788302
13,57409;;;56,2437756
13,57459;;;48,61391541
13,57509;;;41,28924962
13,57559;;;32,4386118
13,57609;;;23,58797398
13,57659;;;17,17889142
13,57709;;;14,12694734
13,57759;;;10,15942004
13,57809;;;0,08800458433
13,57859;;;-18,22365988
13,57909;;;-40,19765723
13,57959;;;-59,73009933
13,58009;;;-74,6846253
13,58059;;;-86,89240161
13,58109;;;-94,5222618
13,58159;;;-94,2170674
13,58208;;;-86,89240161
13,58258;;;-78,34695819
13,58308;;;-71,93787563
13,58358;;;-64,91840426
13,58408;;;-55,45737762
13,58458;;;-46,30154539
13,58508;;;-38,06129638
13,58558;;;-28,60026974
13,58608;;;-17,30807665
13,58658;;;-9,067827647
13,58708;;;-5,405494754
13,58758;;;-0,2171898234
13,58808;;;11,99058648
13,58858;;;30,30225095
13,58908;;;50,13988745
13,58958;;;69,97752395
13,59008;;;87,983994
13,59058;;;101,7177423
13,59108;;;108,1268249
13,59158;;;108,7372137
13,59208;;;105,6852696
13,59258;;;100,1917703
13,59308;;;93,47749334
13,59358;;;87,06841078
13,59408;;;80,0489394
13,59458;;;70,89310717
13,59508;;;60,82169172
13,59558;;;52,58144271
13,59608;;;45,86716574
13,59658;;;38,84769436
13,59708;;;31,82822299
13,59758;;;26,63991805
13,59808;;;18,09447464
13,59858;;;0,08800458433
13,59908;;;-24,93793685
13,59958;;;-47,21712861
13,60008;;;-62,7820434
13,60058;;;-74,98981971
13,60108;;;-84,75604076
13,60158;;;-86,2820128
13,60208;;;-79,56773583
13,60258;;;-72,24307004
13,60308;;;-68,27554274
13,60358;;;-63,39243222
13,60408;;;-55,15218321
13,60458;;;-46,9119342
13,60508;;;-40,80804605
13,60558;;;-33,17818586
13,60608;;;-23,71715922
13,60658;;;-17,00288225
13,60708;;;-15,1717158
13,60758;;;-11,2041885
13,60808;;;0,6983933997
13,60858;;;19,31525227
13,60908;;;39,45808318
13,60958;;;59,29571968
13,61008;;;78,21777296
13,61058;;;92,25671571
13,61108;;;98,36060386
13,61158;;;98,66579827
13,61208;;;95,61385419
13,61258;;;89,81516045
13,61308;;;82,49049466
13,61358;;;75,77621769
13,61408;;;69,97752395
13,61458;;;62,04246935
13,61508;;;51,36066508
13,61558;;;41,28924962
13,61608;;;33,65938943
13,61658;;;27,25030687
13,61708;;;21,45161312
13,61758;;;15,65291938
13,61808;;;4,6659207
13,61858;;;-14,56132699
13,61908;;;-39,28207401
13,61958;;;-61,56126577
13,62008;;;-78,34695819
13,62058;;;-92,38590095
13,62108;;;-102,7625108
13,62158;;;-104,8988717
13,62208;;;-99,40537233
13,62258;;;-92,38590095
13,62308;;;-88,11317924
13,62358;;;-84,14565194
13,62408;;;-76,51579175
13,62458;;;-67,97034833
13,62508;;;-60,64568255
13,62558;;;-53,01582236
13,62608;;;-43,55479572
13,62658;;;-35,0093523
13,62708;;;-30,73663059
13,62758;;;-27,37949211
13,62808;;;-17,61327106
13,62858;;;1,613976623
13,62908;;;24,80875161
13,62958;;;43,73080489
13,63008;;;57,46455323
13,63058;;;72,1138848
13,63108;;;89,50996604
13,63158;;;98,97099268
13,63208;;;91,64632689
13,63258;;;73,94505125
13,63308;;;61,12688612
13,63358;;;58,68533086
13,63408;;;56,2437756
13,63458;;;46,78274896
13,63508;;;35,18536147
13,63558;;;28,16589009
13,63608;;;22,97758516
13,63658;;;15,65291938
13,63708;;;9,243836815
13,63758;;;5,886698331
13,63808;;;-1,437967454
13,63857;;;-20,36002073
13,63907;;;-45,08076776
13,63957;;;-65,22359866
13,64007;;;-79,87293023
13,64057;;;-94,5222618
13,64107;;;-105,8144549
13,64157;;;-106,7300381
13,64207;;;-98,79498351
13,64257;;;-91,77551213
13,64307;;;-89,33395687
13,64357;;;-85,67162398
13,64407;;;-78,34695819
13,64457;;;-70,41190359
13,64507;;;-64,00282103
13,64557;;;-55,15218321
13,64607;;;-44,16518453
13,64657;;;-36,23012993
13,64707;;;-32,87299145
13,64757;;;-27,0742977
13,64807;;;-13,64574376
13,64857;;;6,191892738
13,64907;;;27,86069569
13,64957;;;49,52949863
13,65007;;;69,36713513
13,65057;;;84,0164667
13,65107;;;91,9515213
13,65157;;;95,30865979
13,65207;;;95,61385419
13,65257;;;91,64632689
13,65307;;;85,54243874
13,65357;;;80,0489394
13,65407;;;75,16582888
13,65457;;;68,45155191
13,65507;;;60,2113029
13,65557;;;51,97105389
13,65607;;;44,95158252
13,65657;;;38,23730555
13,65707;;;32,74380621
13,65757;;;27,86069569
13,65807;;;17,78928023
13,65857;;;-2,04835627
13,65907;;;-27,37949211
13,65957;;;-47,82751742
13,66007;;;-61,86646018
13,66057;;;-74,6846253
13,66107;;;-85,36642957
13,66157;;;-87,50279043
13,66207;;;-81,70409668
13,66257;;;-75,29501412
13,66307;;;-72,24307004
13,66357;;;-67,97034833
13,66407;;;-60,03529373
13,66457;;;-52,40543354
13,66507;;;-46,60673979
13,66557;;;-38,67168519
13,66607;;;-28,60026974
13,66657;;;-21,58079836
13,66707;;;-18,83404869
13,66757;;;-13,34054935
13,66807;;;0,08800458433
13,66857;;;18,09447464
13,66907;;;38,23730555
13,66957;;;58,99052527
13,67007;;;78,82816177
13,67057;;;92,25671571
13,67107;;;97,75021505
13,67157;;;98,36060386
13,67207;;;97,13982623
13,67257;;;92,86710453
13,67307;;;85,84763315
13,67357;;;79,74374499
13,67407;;;74,55544006
13,67457;;;66,92557987
13,67507;;;56,85416442
13,67557;;;47,69833219
13,67607;;;41,28924962
13,67657;;;35,49055588
13,67707;;;29,69186213
13,67757;;;24,5035572
13,67807;;;15,04253056
13,67857;;;-3,2691339
13,67907;;;-28,60026974
13,67957;;;-50,8794615
13,68007;;;-67,35995952
13,68057;;;-81,09370786
13,68107;;;-91,47031773
13,68157;;;-93,60667858
13,68207;;;-88,11317924
13,68257;;;-82,3144855
13,68307;;;-79,26254142
13,68357;;;-74,98981971
13,68407;;;-68,27554274
13,68457;;;-62,17165459
13,68507;;;-55,76257203
13,68557;;;-47,21712861
13,68607;;;-37,45090756
13,68657;;;-31,65221382
13,68707;;;-28,60026974
13,68757;;;-21,58079836
13,68807;;;-8,457438831
13,68857;;;8,633448
13,68907;;;28,77627891
13,68957;;;50,75027626
13,69007;;;69,97752395
13,69057;;;81,88010585
13,69107;;;88,59438282
13,69157;;;92,25671571
13,69207;;;91,03593808
13,69257;;;83,71127229
13,69307;;;76,99699533
13,69357;;;74,86063447
13,69407;;;69,97752395
13,69456;;;57,46455323
13,69506;;;46,47755455
13,69556;;;46,78274896
13,69606;;;49,83469304
13,69656;;;41,28924962
13,69706;;;22,97758516
13,69756;;;9,854225631
13,69806;;;1,613976623
13,69856;;;-14,25613258
13,69906;;;-40,50285164
13,69956;;;-63,69762663
13,70006;;;-77,73656938
13,70056;;;-89,94434569
13,70106;;;-101,5417332
13,70156;;;-104,5936773
13,70206;;;-97,26901147
13,70256;;;-90,2495401
13,70306;;;-89,02876246
13,70356;;;-87,19759602
13,70406;;;-78,95734701
13,70456;;;-69,49632037
13,70506;;;-62,7820434
13,70556;;;-55,76257203
13,70606;;;-46,30154539
13,70656;;;-39,89246282
13,70706;;;-37,75610197
13,70756;;;-33,48338026
13,70806;;;-20,66521514
13,70856;;;-1,437967454
13,70906;;;19,01005786
13,70956;;;39,76327759
13,71006;;;58,68533086
13,71056;;;72,1138848
13,71106;;;78,82816177
13,71156;;;80,96452263
13,71206;;;79,74374499
13,71256;;;74,55544006
13,71306;;;67,53596869
13,71356;;;62,65285816
13,71406;;;58,68533086
13,71456;;;51,66585949
13,71506;;;41,89963844
13,71556;;;33,35419502
13,71606;;;27,25030687
13,71656;;;20,84122431
13,71706;;;14,73733615
13,71756;;;9,854225631
13,71806;;;1,308782215
13,71856;;;-16,69768784
13,71906;;;-40,19765723
13,71956;;;-59,11971051
13,72006;;;-72,54826445
13,72056;;;-84,14565194
13,72106;;;-92,99628976
13,72156;;;-92,99628976
13,72206;;;-85,36642957
13,72256;;;-78,04176379
13,72306;;;-73,76904208
13,72356;;;-67,66515393
13,72406;;;-58,50932169
13,72456;;;-50,26907269
13,72506;;;-43,55479572
13,72556;;;-35,0093523
13,72606;;;-24,93793685
13,72656;;;-18,22365988
13,72706;;;-15,1717158
13,72756;;;-9,067827647
13,72806;;;4,6659207
13,72856;;;23,58797398
13,72906;;;43,73080489
13,72956;;;64,78921902
13,73006;;;84,32166111
13,73056;;;98,36060386
13,73106;;;105,0748808
13,73156;;;105,9904641
13,73206;;;103,8541032
13,73256;;;98,66579827
13,73306;;;91,9515213
13,73356;;;86,76321637
13,73406;;;81,57491144
13,73456;;;73,63985684
13,73506;;;64,1788302
13,73556;;;56,2437756
13,73606;;;49,52949863
13,73656;;;42,51002725
13,73706;;;36,71133351
13,73756;;;32,4386118
13,73806;;;23,58797398
13,73856;;;3,750337477
13,73906;;;-21,27560395
13,73956;;;-42,02882368
13,74006;;;-56,67815525
13,74056;;;-69,80151478
13,74106;;;-80,78851346
13,74156;;;-82,92487431
13,74206;;;-77,12618056
13,74256;;;-71,93787563
13,74306;;;-70,10670919
13,74356;;;-65,52879307
13,74406;;;-56,98334966
13,74456;;;-49,35348946
13,74506;;;-44,77557335
13,74556;;;-37,75610197
13,74606;;;-27,68468652
13,74656;;;-21,27560395
13,74706;;;-20,36002073
13,74756;;;-17,30807665
13,74806;;;-5,710689162
13,74856;;;11,68539208
13,74906;;;30,30225095
13,74956;;;49,52949863
13,75006;;;68,1463575
13,75056;;;81,57491144
13,75105;;;86,76321637
13,75155;;;86,76321637
13,75205;;;84,32166111
13,75255;;;78,52296736
13,75305;;;70,89310717
13,75355;;;64,78921902
13,75405;;;60,51649731
13,75455;;;52,58144271
13,75505;;;41,28924962
13,75555;;;32,13341739
13,75605;;;26,63991805
13,75655;;;20,84122431
13,75705;;;13,82175293
13,75755;;;8,023059185
13,75805;;;0,08800458433
13,75855;;;-18,83404869
13,75905;;;-46,9119342
13,75955;;;-68,88593156
13,76005;;;-76,21059734
13,76055;;;-78,6521526
13,76105;;;-88,11317924
13,76155;;;-100,3209555
13,76205;;;-104,2884828
13,76255;;;-97,57420588
13,76305;;;-89,33395687
13,76355;;;-83,84045753
13,76405;;;-78,04176379
13,76455;;;-69,49632037
13,76505;;;-60,03529373
13,76555;;;-50,8794615
13,76605;;;-42,63921249
13,76655;;;-36,53532434
13,76705;;;-31,95740822
13,76755;;;-24,93793685
13,76805;;;-11,50938291
13,76855;;;7,717864777
13,76905;;;29,99705654
13,76955;;;51,97105389
13,77005;;;70,89310717
13,77055;;;83,71127229
13,77105;;;90,73074367
13,77155;;;92,56191012
13,77205;;;90,73074367
13,77255;;;85,84763315
13,77305;;;80,0489394
13,77355;;;74,86063447
13,77405;;;68,75674632
13,77455;;;60,2113029
13,77505;;;50,44508186
13,77555;;;42,20483285
13,77605;;;35,18536147
13,77655;;;27,86069569
13,77705;;;22,06200194
13,77755;;;17,48408582
13,77805;;;7,717864777
13,77855;;;-11,50938291
13,77905;;;-36,23012993
13,77955;;;-56,98334966
13,78005;;;-72,54826445
13,78055;;;-85,97681839
13,78105;;;-95,74303943
13,78155;;;-97,26901147
13,78205;;;-91,47031773
13,78255;;;-85,36642957
13,78305;;;-81,09370786
13,78355;;;-75,90540293
13,78405;;;-68,88593156
13,78455;;;-61,86646018
13,78505;;;-54,8469888
13,78555;;;-45,38596216
13,78605;;;-35,61974112
13,78655;;;-29,82104737
13,78705;;;-27,0742977
13,78755;;;-20,97040955
13,78805;;;-7,541855608
13,78855;;;10,76980885
13,78905;;;31,21783417
13,78955;;;51,97105389
13,79005;;;69,97752395
13,79055;;;83,10088348
13,79105;;;90,42554926
13,79155;;;93,17229893
13,79205;;;91,34113249
13,79255;;;86,15282756
13,79305;;;80,65932822
13,79355;;;76,0814121
13,79405;;;69,97752395
13,79455;;;61,12688612
13,79505;;;52,2762483
13,79555;;;44,95158252
13,79605;;;37,32172232
13,79655;;;29,38666772
13,79705;;;24,80875161
13,79755;;;21,45161312
13,79805;;;11,07500326
13,79855;;;-9,98341087
13,79905;;;-34,09376908
13,79955;;;-53,32101676
13,80005;;;-68,58073715
13,80055;;;-83,53526313
13,80105;;;-92,99628976
13,80155;;;-91,77551213
13,80205;;;-85,06123516
13,80255;;;-81,09370786
13,80305;;;-79,26254142
13,80355;;;-73,46384767
13,80405;;;-64,61320985
13,80455;;;-57,59373847
13,80505;;;-51,18465591
13,80555;;;-42,02882368
13,80605;;;-32,26260263
13,80655;;;-27,0742977
13,80704;;;-25,24313125
13,80754;;;-18,83404869
13,80804;;;-4,184717123
13,80854;;;14,73733615
13,80904;;;35,49055588
13,80954;;;56,54897001
13,81004;;;75,47102329
13,81054;;;88,28918841
13,81104;;;94,69827097
13,81154;;;96,52943742
13,81204;;;95,00346538
13,81254;;;90,42554926
13,81304;;;84,93204993
13,81354;;;80,35413381
13,81404;;;74,86063447
13,81454;;;66,92557987
13,81504;;;58,07494205
13,81554;;;50,44508186
13,81604;;;44,03599929
13,81654;;;38,54249995
13,81704;;;33,65938943
13,81754;;;28,4710845
13,81804;;;17,78928023
13,81854;;;-0,5223842311
13,81904;;;-24,63274244
13,81954;;;-46,9119342
13,82004;;;-63,39243222
13,82054;;;-74,98981971
13,82104;;;-84,14565194
13,82154;;;-89,33395687
13,82204;;;-86,5872072
13,82254;;;-74,6846253
13,82304;;;-60,03529373
13,82354;;;-53,32101676
13,82404;;;-56,67815525
13,82454;;;-61,25607136
13,82504;;;-55,76257203
13,82554;;;-42,63921249
13,82604;;;-31,95740822
13,82654;;;-28,60026974
13,82704;;;-26,46390889
13,82754;;;-19,74963192
13,82804;;;-7,236661201
13,82854;;;8,938642408
13,82904;;;29,99705654
13,82954;;;52,2762483
13,83004;;;69,97752395
13,83054;;;80,65932822
13,83104;;;86,76321637
13,83154;;;89,81516045
13,83204;;;87,983994
13,83254;;;80,96452263
13,83304;;;73,63985684
13,83354;;;68,75674632
13,83404;;;63,87363579
13,83454;;;55,63338679
13,83504;;;46,47755455
13,83554;;;38,84769436
13,83604;;;32,74380621
13,83654;;;26,63991805
13,83704;;;21,75680753
13,83754;;;16,87369701
13,83804;;;5,886698331
13,83854;;;-13,64574376
13,83904;;;-37,14571316
13,83954;;;-57,28854406
13,84004;;;-74,07423649
13,84054;;;-88,11317924
13,84104;;;-96,65862266
13,84154;;;-96,04823384
13,84204;;;-90,5547345
13,84254;;;-85,67162398
13,84304;;;-81,39890227
13,84354;;;-74,6846253
13,84404;;;-67,05476511
13,84454;;;-61,56126577
13,84504;;;-55,15218321
13,84554;;;-44,47037894
13,84604;;;-33,78857467
13,84654;;;-28,29507533
13,84704;;;-26,46390889
13,84754;;;-19,1392431
13,84804;;;-4,489911531
13,84854;;;12,90616971
13,84904;;;32,4386118
13,84954;;;54,10741475
13,85004;;;73,94505125
13,85054;;;86,45802196
13,85104;;;91,34113249
13,85154;;;92,56191012
13,85204;;;91,34113249
13,85254;;;86,15282756
13,85304;;;79,74374499
13,85354;;;75,77621769
13,85404;;;72,1138848
13,85454;;;62,95805257
13,85504;;;51,36066508
13,85554;;;43,73080489
13,85604;;;40,06847199
13,85654;;;35,18536147
13,85704;;;28,77627891
13,85754;;;22,06200194
13,85804;;;11,68539208
13,85854;;;-7,236661201
13,85904;;;-31,95740822
13,85954;;;-52,40543354
13,86004;;;-67,05476511
13,86054;;;-79,87293023
13,86104;;;-89,63915128
13,86154;;;-91,16512332
13,86204;;;-85,36642957
13,86254;;;-80,17812464
13,86304;;;-77,73656938
13,86353;;;-73,15865326
13,86403;;;-64,61320985
13,86453;;;-56,67815525
13,86503;;;-49,96387828
13,86553;;;-42,02882368
13,86603;;;-33,78857467
13,86653;;;-29,21065856
13,86703;;;-27,68468652
13,86753;;;-22,80157599
13,86803;;;-9,678216462
13,86853;;;8,023059185
13,86903;;;27,55550128
13,86953;;;47,08794337
13,87003;;;64,48402461
13,87053;;;76,69180092
13,87103;;;82,18530026
13,87153;;;83,71127229
13,87203;;;81,26971703
13,87253;;;75,77621769
13,87303;;;69,06194072
13,87353;;;64,1788302
13,87403;;;58,99052527
13,87453;;;50,75027626
13,87503;;;41,28924962
13,87553;;;33,65938943
13,87603;;;27,55550128
13,87653;;;20,84122431
13,87703;;;15,34772497
13,87753;;;11,38019767
13,87803;;;1,308782215
13,87853;;;-19,44443751
13,87903;;;-44,77557335
13,87953;;;-64,61320985
13,88003;;;-78,04176379
13,88053;;;-91,16512332
13,88103;;;-101,5417332
13,88153;;;-101,2365388
13,88203;;;-93,30148417
13,88253;;;-88,11317924
13,88303;;;-86,89240161
13,88353;;;-81,39890227
13,88403;;;-68,88593156
13,88453;;;-59,42490492
13,88503;;;-56,06776643
13,88553;;;-48,74310065
13,88603;;;-30,73663059
13,88653;;;-13,64574376
13,88703;;;-10,59379969
13,88753;;;-16,69768784
13,88803;;;-13,64574376
13,88853;;;4,971115108
13,88903;;;30,91263976
13,88953;;;52,88663712
13,89003;;;69,67232954
13,89053;;;82,18530026
13,89103;;;90,42554926
13,89153;;;91,9515213
13,89203;;;88,28918841
13,89253;;;83,10088348
13,89303;;;78,82816177
13,89353;;;74,55544006
13,89403;;;67,53596869
13,89453;;;58,07494205
13,89503;;;48,61391541
13,89553;;;40,67886081
13,89603;;;32,74380621
13,89653;;;25,41914042
13,89703;;;21,14641872
13,89753;;;17,48408582
13,89803;;;6,497087146
13,89853;;;-14,56132699
13,89903;;;-38,9768796
13,89953;;;-58,20412729
13,90003;;;-72,85345886
13,90053;;;-86,89240161
13,90103;;;-97,26901147
13,90153;;;-97,87940029
13,90203;;;-91,16512332
13,90253;;;-86,2820128
13,90303;;;-84,14565194
13,90353;;;-79,87293023
13,90403;;;-71,93787563
13,90453;;;-64,00282103
13,90503;;;-57,28854406
13,90553;;;-49,04829506
13,90603;;;-39,58726842
13,90653;;;-33,17818586
13,90703;;;-30,73663059
13,90753;;;-25,54832566
13,90803;;;-12,73016054
13,90853;;;6,497087146
13,90903;;;28,77627891
13,90953;;;50,13988745
13,91003;;;67,23077428
13,91053;;;79,13335618
13,91103;;;87,06841078
13,91153;;;91,03593808
13,91203;;;88,89957723
13,91253;;;81,57491144
13,91303;;;75,47102329
13,91353;;;72,72427362
13,91403;;;68,1463575
13,91453;;;58,68533086
13,91503;;;48,308721
13,91553;;;42,20483285
13,91603;;;37,62691673
13,91653;;;31,52302858
13,91703;;;25,72433483
13,91753;;;21,75680753
13,91803;;;12,29578089
13,91853;;;-7,236661201
13,91903;;;-31,65221382
13,91952;;;-50,8794615
13,92002;;;-64,91840426
13,92052;;;-78,6521526
13,92102;;;-88,11317924
13,92152;;;-88,41837365
13,92202;;;-82,00929109
13,92252;;;-77,43137497
13,92302;;;-75,29501412
13,92352;;;-70,41190359
13,92402;;;-61,86646018
13,92452;;;-53,93140558
13,92502;;;-46,30154539
13,92552;;;-36,84051875
13,92602;;;-27,37949211
13,92652;;;-21,88599277
13,92702;;;-18,83404869
13,92752;;;-11,2041885
13,92802;;;2,529559846
13,92852;;;20,5360299
13,92902;;;40,98405522
13,92952;;;62,04246935
13,93002;;;80,0489394
13,93052;;;91,34113249
13,93102;;;96,83463183
13,93152;;;99,5813815
13,93202;;;98,66579827
13,93252;;;93,78268775
13,93302;;;87,67879959
13,93352;;;83,40607789
13,93402;;;78,52296736
13,93452;;;70,58791276
13,93502;;;61,12688612
13,93552;;;53,49702593
13,93602;;;46,47755455
13,93652;;;40,06847199
13,93702;;;35,49055588
13,93752;;;31,21783417
13,93802;;;19,62044668
13,93852;;;-2,04835627
13,93902;;;-25,85352007
13,93952;;;-44,16518453
13,94002;;;-58,8145161
13,94052;;;-73,46384767
13,94102;;;-83,53526313
13,94152;;;-83,23006872
13,94202;;;-76,82098616
13,94252;;;-71,93787563
13,94302;;;-68,88593156
13,94352;;;-62,7820434
13,94402;;;-53,93140558
13,94452;;;-46,9119342
13,94502;;;-42,63921249
13,94552;;;-36,23012993
13,94602;;;-27,37949211
13,94652;;;-19,44443751
13,94702;;;-14,56132699
13,94752;;;-10,89899409
13,94802;;;-5,405494754
13,94852;;;4,6659207
13,94902;;;23,58797398
13,94952;;;47,08794337
13,95002;;;66,62038546
13,95052;;;80,35413381
13,95102;;;95,00346538
13,95152;;;112,3995466
13,95202;;;119,7242124
13,95252;;;108,4320193
13,95302;;;89,20477163
13,95352;;;79,74374499
13,95402;;;78,82816177
13,95452;;;73,63985684
13,95502;;;60,82169172
13,95552;;;49,83469304
13,95602;;;43,73080489
13,95652;;;36,4061391
13,95702;;;26,63991805
13,95752;;;21,14641872
13,95802;;;18,70486345
13,95852;;;8,328253592
13,95902;;;-14,56132699
13,95952;;;-39,89246282
13,96002;;;-58,20412729
13,96052;;;-73,15865326
13,96102;;;-88,41837365
13,96152;;;-98,4897891
13,96202;;;-97,87940029
13,96252;;;-91,77551213
13,96302;;;-88,11317924
13,96352;;;-85,97681839
13,96402;;;-80,48331905
13,96452;;;-72,24307004
13,96502;;;-65,83398748
13,96552;;;-59,42490492
13,96602;;;-50,26907269
13,96652;;;-41,11324046
13,96702;;;-36,53532434
13,96752;;;-35,0093523
13,96802;;;-29,51585296
13,96852;;;-16,69768784
13,96902;;;1,613976623
13,96952;;;22,36719635
13,97002;;;43,42561048
13,97052;;;60,2113029
13,97102;;;70,89310717
13,97152;;;76,0814121
13,97202;;;77,60738414
13,97252;;;74,86063447
13,97302;;;68,75674632
13,97352;;;62,65285816
13,97402;;;57,76974764
13,97452;;;51,36066508
13,97502;;;41,59444403
13,97552;;;31,82822299
13,97601;;;24,80875161
13,97651;;;18,70486345
13,97701;;;12,29578089
13,97751;;;7,717864777
13,97801;;;4,055531884
13,97851;;;-6,01588357
13,97901;;;-26,46390889
13,97951;;;-49,65868387
13,98001;;;-68,27554274
13,98051;;;-82,92487431
13,98101;;;-96,04823384
13,98151;;;-104,5936773
13,98201;;;-104,2884828
13,98251;;;-98,4897891
13,98301;;;-93,60667858
13,98351;;;-89,63915128
13,98401;;;-82,92487431
13,98451;;;-74,6846253
13,98501;;;-67,05476511
13,98551;;;-58,8145161
13,98601;;;-48,13271183
13,98651;;;-38,9768796
13,98701;;;-35,31454671
13,98751;;;-33,48338026
13,98801;;;-26,46390889
13,98851;;;-12,42496613
13,98901;;;5,276309515
13,98951;;;26,02952924
13,99001;;;48,308721
13,99051;;;67,53596869
13,99101;;;79,43855059
13,99151;;;84,93204993
13,99201;;;86,45802196
13,99251;;;84,32166111
13,99301;;;78,82816177
13,99351;;;73,02946802
13,99401;;;69,67232954
13,99451;;;64,78921902
13,99501;;;55,93858119
13,99551;;;46,17236015
13,99601;;;38,54249995
13,99651;;;32,4386118
13,99701;;;26,63991805
13,99751;;;22,67239075
13,99801;;;19,31525227
13,99851;;;8,938642408
13,99901;;;-11,50938291
13,99951;;;-36,23012993
14,00001;;;-55,15218321
14,00051;;;-68,58073715
14,00101;;;-81,39890227
14,00151;;;-90,85992891
14,00201;;;-91,47031773
14,00251;;;-84,75604076
14,00301;;;-78,95734701
14,00351;;;-75,90540293
14,00401;;;-71,02229241
14,00451;;;-62,7820434
14,00501;;;-54,54179439
14,00551;;;-47,21712861
14,00601;;;-38,06129638
14,00651;;;-28,29507533
14,00701;;;-22,49638159
14,00751;;;-19,44443751
14,00801;;;-13,03535495
14,00851;;;0,393198992
14,00901;;;19,01005786
14,00951;;;40,06847199
14,01001;;;62,04246935
14,01051;;;81,26971703
14,01101;;;92,56191012
14,01151;;;97,13982623
14,01201;;;99,27618709
14,01251;;;99,5813815
14,01301;;;94,08788216
14,01351;;;84,32166111
14,01401;;;79,13335618
14,01451;;;82,18530026
14,01501;;;84,0164667
14,01551;;;74,25024566
14,01601;;;54,71780356
14,01651;;;38,54249995
14,01701;;;32,13341739
14,01751;;;31,82822299
14,01801;;;27,25030687
14,01851;;;13,82175293
14,01901;;;-5,710689162
14,01951;;;-27,0742977
14,02001;;;-46,60673979
14,02051;;;-63,39243222
14,02101;;;-76,21059734
14,02151;;;-83,23006872
14,02201;;;-82,92487431
14,02251;;;-78,6521526
14,02301;;;-73,15865326
14,02351;;;-68,58073715
14,02401;;;-62,7820434
14,02451;;;-55,76257203
14,02501;;;-47,82751742
14,02551;;;-39,28207401
14,02601;;;-30,43143619
14,02651;;;-22,80157599
14,02701;;;-17,30807665
14,02751;;;-13,34054935
14,02801;;;-7,541855608
14,02851;;;3,445143069
14,02901;;;21,75680753
14,02951;;;44,64638811
14,03001;;;66,00999665
14,03051;;;81,88010585
14,03101;;;92,56191012
14,03151;;;99,8865759
14,03200;;;102,6333256
14,03250;;;98,66579827
14,03300;;;91,64632689
14,03350;;;87,06841078
14,03400;;;83,71127229
14,03450;;;76,38660651
14,03500;;;65,09441342
14,03550;;;56,2437756
14,03600;;;51,05547067
14,03650;;;44,3411937
14,03700;;;36,10094469
14,03750;;;30,60744535
14,03800;;;26,94511246
14,03850;;;16,26330819
14,03900;;;-5,405494754
14,03950;;;-30,12624178
14,04000;;;-49,35348946
14,04050;;;-64,91840426
14,04100;;;-78,95734701
14,04150;;;-87,50279043
14,04200;;;-87,19759602
14,04250;;;-82,6196799
14,04300;;;-79,26254142
14,04350;;;-76,51579175
14,04400;;;-70,41190359
14,04450;;;-63,08723781
14,04500;;;-57,28854406
14,04550;;;-50,57426709
14,04600;;;-41,41843486
14,04650;;;-33,17818586
14,04700;;;-29,21065856
14,04750;;;-27,0742977
14,04800;;;-20,36002073
14,04850;;;-7,541855608
14,04900;;;9,243836815
14,04950;;;29,99705654
14,05000;;;52,2762483
14,05050;;;70,58791276
14,05100;;;81,57491144
14,05150;;;87,06841078
14,05200;;;89,50996604
14,05250;;;87,67879959
14,05300;;;81,88010585
14,05350;;;75,77621769
14,05400;;;71,50349599
14,05450;;;65,70480224
14,05500;;;56,54897001
14,05550;;;46,47755455
14,05600;;;38,54249995
14,05650;;;31,21783417
14,05700;;;24,80875161
14,05750;;;20,84122431
14,05800;;;16,26330819
14,05850;;;4,360726292
14,05900;;;-17,00288225
14,05950;;;-40,19765723
14,06000;;;-58,50932169
14,06050;;;-73,46384767
14,06100;;;-87,80798483
14,06150;;;-96,04823384
14,06200;;;-95,13265062
14,06250;;;-89,63915128
14,06300;;;-86,5872072
14,06350;;;-84,75604076
14,06400;;;-79,26254142
14,06450;;;-70,717098
14,06500;;;-63,08723781
14,06550;;;-56,06776643
14,06600;;;-47,52232302
14,06650;;;-38,67168519
14,06700;;;-33,17818586
14,06750;;;-31,041825
14,06800;;;-25,54832566
14,06850;;;-12,73016054
14,06900;;;5,886698331
14,06950;;;27,55550128
14,07000;;;48,61391541
14,07050;;;66,62038546
14,07100;;;79,13335618
14,07150;;;85,84763315
14,07200;;;87,37360519
14,07250;;;84,93204993
14,07300;;;80,35413381
14,07350;;;74,86063447
14,07400;;;68,1463575
14,07450;;;60,2113029
14,07500;;;51,97105389
14,07550;;;43,42561048
14,07600;;;34,57497265
14,07650;;;26,94511246
14,07700;;;22,36719635
14,07750;;;19,01005786
14,07800;;;11,38019767
14,07850;;;-1,132773046
14,07900;;;-14,86652139
14,07950;;;-27,98988092
14,08000;;;-47,21712861
14,08050;;;-74,37943089
14,08100;;;-98,1845947
14,08150;;;-106,4248437
14,08200;;;-101,5417332
14,08250;;;-96,04823384
14,08300;;;-95,13265062
14,08350;;;-92,38590095
14,08400;;;-84,14565194
14,08450;;;-75,90540293
14,08500;;;-70,41190359
14,08550;;;-63,39243222
14,08600;;;-53,01582236
14,08650;;;-44,16518453
14,08700;;;-39,89246282
14,08750;;;-35,92493552
14,08800;;;-27,68468652
14,08849;;;-13,95093817
14,08899;;;3,750337477
14,08949;;;25,72433483
14,08999;;;47,39313778
14,09049;;;63,56844139
14,09099;;;73,94505125
14,09149;;;81,57491144
14,09199;;;86,45802196
14,09249;;;85,23724433
14,09299;;;78,82816177
14,09349;;;72,72427362
14,09399;;;69,06194072
14,09449;;;62,95805257
14,09499;;;53,19183152
14,09549;;;44,03599929
14,09599;;;37,32172232
14,09649;;;30,60744535
14,09699;;;22,97758516
14,09749;;;18,09447464
14,09799;;;14,12694734
14,09849;;;2,834754254
14,09899;;;-18,83404869
14,09949;;;-43,24960131
14,09999;;;-62,47684899
14,10049;;;-77,43137497
14,10099;;;-90,85992891
14,10149;;;-98,1845947
14,10199;;;-96,65862266
14,10249;;;-91,47031773
14,10299;;;-88,11317924
14,10349;;;-84,75604076
14,10399;;;-77,73656938
14,10449;;;-68,88593156
14,10499;;;-62,17165459
14,10549;;;-55,15218321
14,10599;;;-44,47037894
14,10649;;;-34,09376908
14,10699;;;-28,90546415
14,10749;;;-25,85352007
14,10799;;;-17,91846547
14,10849;;;-2,963939493
14,10899;;;15,34772497
14,10949;;;36,4061391
14,10999;;;57,76974764
14,11049;;;75,47102329
14,11099;;;87,06841078
14,11149;;;93,47749334
14,11199;;;95,9190486
14,11249;;;93,78268775
14,11299;;;87,67879959
14,11349;;;81,88010585
14,11399;;;78,21777296
14,11449;;;72,41907921
14,11499;;;62,34766376
14,11549;;;51,97105389
14,11599;;;44,95158252
14,11649;;;39,15288877
14,11699;;;33,04900062
14,11749;;;27,86069569
14,11799;;;22,67239075
14,11849;;;10,46461445
14,11899;;;-10,59379969
14,11949;;;-34,09376908
14,11999;;;-52,71062795
14,12049;;;-68,27554274
14,12099;;;-82,3144855
14,12149;;;-90,2495401
14,12199;;;-88,72356806
14,12249;;;-82,92487431
14,12299;;;-79,26254142
14,12349;;;-76,51579175
14,12399;;;-70,10670919
14,12449;;;-60,95087696
14,12499;;;-53,32101676
14,12549;;;-45,69115657
14,12599;;;-36,53532434
14,12649;;;-27,98988092
14,12699;;;-24,02235362
14,12749;;;-21,88599277
14,12799;;;-15,1717158
14,12849;;;-0,8275786388
14,12899;;;18,39966905
14,12949;;;40,3736664
14,12999;;;61,43208053
14,13049;;;78,52296736
14,13099;;;90,12035486
14,13149;;;96,83463183
14,13199;;;99,27618709
14,13249;;;96,83463183
14,13299;;;90,73074367
14,13349;;;84,62685552
14,13399;;;79,43855059
14,13449;;;73,33466243
14,13499;;;65,09441342
14,13549;;;56,2437756
14,13599;;;48,308721
14,13649;;;40,98405522
14,13699;;;34,26977825
14,13749;;;29,08147332
14,13799;;;23,89316839
14,13849;;;11,99058648
14,13899;;;-9,373022054
14,13949;;;-35,0093523
14,13999;;;-56,37296084
14,14049;;;-70,10670919
14,14099;;;-80,78851346
14,14149;;;-90,5547345
14,14199;;;-93,91187299
14,14249;;;-85,97681839
14,14299;;;-70,10670919
14,14349;;;-58,8145161
14,14399;;;-59,11971051
14,14448;;;-64,30801544
14,14498;;;-62,47684899
14,14548;;;-50,8794615
14,14598;;;-38,67168519
14,14648;;;-32,56779704
14,14698;;;-30,12624178
14,14748;;;-24,93793685
14,14798;;;-16,08729902
14,14848;;;-3,574328308
14,14898;;;13,82175293
14,14948;;;36,4061391
14,14998;;;58,38013646
14,15048;;;73,94505125
14,15098;;;84,32166111
14,15148;;;92,25671571
14,15198;;;95,9190486
14,15248;;;92,56191012
14,15298;;;86,45802196
14,15348;;;82,49049466
14,15398;;;78,82816177
14,15448;;;71,19830158
14,15498;;;60,82169172
14,15548;;;52,88663712
14,15598;;;47,08794337
14,15648;;;39,45808318
14,15698;;;31,82822299
14,15748;;;28,4710845
14,15798;;;24,80875161
14,15848;;;11,99058648
14,15898;;;-10,59379969
14,15948;;;-33,48338026
14,15998;;;-50,8794615
14,16048;;;-66,7495707
14,16098;;;-82,3144855
14,16148;;;-91,16512332
14,16198;;;-89,63915128
14,16248;;;-84,14565194
14,16298;;;-81,39890227
14,16348;;;-78,6521526
14,16398;;;-72,24307004
14,16448;;;-64,00282103
14,16498;;;-57,59373847
14,16548;;;-50,26907269
14,16598;;;-40,50285164
14,16648;;;-31,95740822
14,16698;;;-28,29507533
14,16748;;;-26,76910329
14,16798;;;-20,36002073
14,16848;;;-6,626272385
14,16898;;;11,99058648
14,16948;;;34,26977825
14,16998;;;56,54897001
14,17048;;;73,63985684
14,17098;;;83,71127229
14,17148;;;88,89957723
14,17198;;;90,73074367
14,17248;;;88,28918841
14,17298;;;82,79568907
14,17348;;;77,30218973
14,17398;;;72,72427362
14,17448;;;66,00999665
14,17498;;;56,2437756
14,17548;;;47,39313778
14,17598;;;40,3736664
14,17648;;;33,35419502
14,17698;;;26,63991805
14,17748;;;22,36719635
14,17798;;;17,78928023
14,17848;;;5,276309515
14,17898;;;-16,69768784
14,17948;;;-40,80804605
14,17998;;;-59,73009933
14,18048;;;-75,60020853
14,18098;;;-89,94434569
14,18148;;;-98,4897891
14,18198;;;-98,1845947
14,18248;;;-92,99628976
14,18298;;;-89,33395687
14,18348;;;-86,5872072
14,18398;;;-80,78851346
14,18448;;;-72,24307004
14,18498;;;-63,69762663
14,18548;;;-56,06776643
14,18598;;;-48,13271183
14,18648;;;-41,41843486
14,18698;;;-36,84051875
14,18748;;;-33,17818586
14,18798;;;-26,76910329
14,18848;;;-14,56132699
14,18898;;;3,750337477
14,18948;;;26,63991805
14,18998;;;48,308721
14,19048;;;63,87363579
14,19098;;;74,55544006
14,19148;;;81,88010585
14,19198;;;84,93204993
14,19248;;;81,88010585
14,19298;;;75,77621769
14,19348;;;70,89310717
14,19398;;;66,92557987
14,19448;;;60,2113029
14,19498;;;50,75027626
14,19548;;;41,89963844
14,19598;;;34,88016706
14,19648;;;28,16589009
14,19698;;;21,75680753
14,19748;;;17,17889142
14,19798;;;11,38019767
14,19848;;;-0,8275786388
14,19898;;;-21,58079836
14,19948;;;-44,47037894
14,19998;;;-63,69762663
14,20048;;;-78,6521526
14,20097;;;-90,2495401
14,20147;;;-96,65862266
14,20197;;;-96,96381706
14,20247;;;-92,38590095
14,20297;;;-86,89240161
14,20347;;;-82,3144855
14,20397;;;-77,43137497
14,20447;;;-69,19112596
14,20497;;;-58,8145161
14,20547;;;-50,8794615
14,20597;;;-46,30154539
14,20647;;;-38,36649079
14,20697;;;-24,32754803
14,20747;;;-10,59379969
14,20797;;;-5,710689162
14,20847;;;-4,184717123
14,20897;;;8,023059185
14,20947;;;33,35419502
14,20997;;;58,68533086
14,21047;;;73,94505125
14,21097;;;83,10088348
14,21147;;;92,56191012
14,21197;;;98,36060386
14,21247;;;95,9190486
14,21297;;;89,20477163
14,21347;;;85,54243874
14,21397;;;82,79568907
14,21447;;;74,86063447
14,21497;;;64,48402461
14,21547;;;57,76974764
14,21597;;;52,88663712
14,21647;;;45,56197133
14,21697;;;38,54249995
14,21747;;;35,79575029
14,21797;;;31,82822299
14,21847;;;17,48408582
14,21897;;;-6,01588357
14,21947;;;-28,29507533
14,21997;;;-45,08076776
14,22047;;;-60,95087696
14,22097;;;-76,51579175
14,22147;;;-84,45084635
14,22197;;;-83,53526313
14,22247;;;-78,95734701
14,22297;;;-76,21059734
14,22347;;;-72,24307004
14,22397;;;-65,83398748
14,22447;;;-58,50932169
14,22497;;;-51,48985032
14,22547;;;-42,9444069
14,22597;;;-33,48338026
14,22647;;;-27,37949211
14,22697;;;-24,63274244
14,22747;;;-21,27560395
14,22797;;;-13,03535495
14,22847;;;0,08800458433
14,22897;;;17,48408582
14,22947;;;39,76327759
14,22997;;;61,43208053
14,23047;;;76,69180092
14,23097;;;85,84763315
14,23147;;;92,25671571
14,23197;;;95,61385419
14,23247;;;92,86710453
14,23297;;;86,15282756
14,23347;;;80,96452263
14,23397;;;77,60738414
14,23447;;;70,89310717
14,23497;;;59,90610849
14,23547;;;50,44508186
14,23597;;;44,03599929
14,23647;;;36,4061391
14,23697;;;29,08147332
14,23747;;;25,72433483
14,23797;;;22,67239075
14,23847;;;10,15942004
14,23897;;;-13,34054935
14,23947;;;-37,75610197
14,23997;;;-56,06776643
14,24047;;;-70,717098
14,24097;;;-84,45084635
14,24147;;;-91,77551213
14,24197;;;-89,63915128
14,24247;;;-84,14565194
14,24297;;;-81,09370786
14,24347;;;-78,95734701
14,24397;;;-72,54826445
14,24447;;;-64,00282103
14,24497;;;-56,06776643
14,24547;;;-47,52232302
14,24597;;;-37,45090756
14,24647;;;-29,21065856
14,24697;;;-25,85352007
14,24747;;;-23,71715922
14,24797;;;-16,08729902
14,24847;;;-1,743161862
14,24897;;;17,17889142
14,24947;;;39,15288877
14,24997;;;60,51649731
14,25047;;;77,30218973
14,25097;;;87,37360519
14,25147;;;93,17229893
14,25197;;;96,22424301
14,25247;;;94,08788216
14,25297;;;88,28918841
14,25347;;;82,79568907
14,25397;;;78,52296736
14,25447;;;71,80869039
14,25497;;;62,04246935
14,25547;;;52,88663712
14,25597;;;45,86716574
14,25647;;;38,23730555
14,25696;;;30,30225095
14,25746;;;25,72433483
14,25796;;;21,45161312
14,25846;;;8,328253592
14,25896;;;-15,1717158
14,25946;;;-40,50285164
14,25996;;;-58,50932169
14,26046;;;-73,15865326
14,26096;;;-87,80798483
14,26146;;;-97,26901147
14,26196;;;-97,57420588
14,26246;;;-92,69109536
14,26296;;;-90,2495401
14,26346;;;-88,11317924
14,26396;;;-82,00929109
14,26446;;;-73,15865326
14,26496;;;-66,44437629
14,26546;;;-60,03529373
14,26596;;;-50,57426709
14,26646;;;-42,02882368
14,26696;;;-38,67168519
14,26746;;;-36,23012993
14,26796;;;-27,0742977
14,26846;;;-11,81457732
14,26896;;;4,971115108
14,26946;;;25,41914042
14,26996;;;52,2762483
14,27046;;;79,13335618
14,27096;;;93,47749334
14,27146;;;91,9515213
14,27196;;;83,40607789
14,27246;;;78,52296736
14,27296;;;77,60738414
14,27346;;;75,47102329
14,27396;;;69,67232954
14,27446;;;61,43208053
14,27496;;;53,19183152
14,27546;;;46,17236015
14,27596;;;38,84769436
14,27646;;;30,91263976
14,27696;;;24,80875161
14,27746;;;22,67239075
14,27796;;;19,01005786
14,27846;;;6,191892738
14,27896;;;-16,08729902
14,27946;;;-39,28207401
14,27996;;;-56,98334966
14,28046;;;-71,32748682
14,28096;;;-84,75604076
14,28146;;;-92,69109536
14,28196;;;-91,77551213
14,28246;;;-86,5872072
14,28296;;;-82,92487431
14,28346;;;-80,48331905
14,28396;;;-75,29501412
14,28446;;;-67,35995952
14,28496;;;-59,11971051
14,28546;;;-50,8794615
14,28596;;;-42,02882368
14,28646;;;-34,09376908
14,28696;;;-30,12624178
14,28746;;;-27,0742977
14,28796;;;-20,36002073
14,28846;;;-6,626272385
14,28896;;;12,90616971
14,28946;;;35,49055588
14,28996;;;56,2437756
14,29046;;;72,41907921
14,29096;;;83,40607789
14,29146;;;90,73074367
14,29196;;;92,86710453
14,29246;;;89,50996604
14,29296;;;84,0164667
14,29346;;;80,0489394
14,29396;;;75,77621769
14,29446;;;67,84116309
14,29496;;;57,15935882
14,29546;;;48,91910982
14,29596;;;42,51002725
14,29646;;;35,79575029
14,29696;;;29,38666772
14,29746;;;25,41914042
14,29796;;;20,23083549
14,29846;;;6,802281554
14,29896;;;-15,1717158
14,29946;;;-37,75610197
14,29996;;;-55,76257203
14,30046;;;-71,02229241
14,30096;;;-84,45084635
14,30146;;;-91,77551213
14,30196;;;-90,85992891
14,30246;;;-86,5872072
14,30296;;;-84,14565194
14,30346;;;-81,70409668
14,30396;;;-75,90540293
14,30446;;;-67,66515393
14,30496;;;-59,73009933
14,30546;;;-52,40543354
14,30596;;;-44,47037894
14,30646;;;-38,06129638
14,30696;;;-34,09376908
14,30746;;;-30,43143619
14,30796;;;-23,1067704
14,30846;;;-9,067827647
14,30896;;;10,15942004
14,30946;;;32,74380621
14,30996;;;52,88663712
14,31046;;;68,1463575
14,31096;;;78,82816177
14,31146;;;85,84763315
14,31196;;;87,67879959
14,31246;;;84,62685552
14,31296;;;80,35413381
14,31345;;;76,99699533
14,31395;;;72,41907921
14,31445;;;63,87363579
14,31495;;;53,80222034
14,31545;;;46,17236015
14,31595;;;39,76327759
14,31645;;;32,13341739
14,31695;;;26,33472365
14,31745;;;23,89316839
14,31795;;;19,01005786
14,31845;;;4,055531884
14,31895;;;-18,83404869
14,31945;;;-40,80804605
14,31995;;;-58,20412729
14,32045;;;-73,76904208
14,32095;;;-86,89240161
14,32145;;;-93,30148417
14,32195;;;-91,47031773
14,32245;;;-87,19759602
14,32295;;;-83,53526313
14,32345;;;-79,26254142
14,32395;;;-72,54826445
14,32445;;;-65,22359866
14,32495;;;-57,28854406
14,32545;;;-48,74310065
14,32595;;;-39,58726842
14,32645;;;-32,26260263
14,32695;;;-26,76910329
14,32745;;;-21,58079836
14,32795;;;-14,25613258
14,32845;;;-1,743161862
14,32895;;;17,48408582
14,32945;;;40,67886081
14,32995;;;61,12688612
14,33045;;;76,0814121
14,33095;;;87,67879959
14,33145;;;95,61385419
14,33195;;;96,83463183
14,33245;;;92,25671571
14,33295;;;87,37360519
14,33345;;;84,62685552
14,33395;;;78,52296736
14,33445;;;68,1463575
14,33495;;;58,99052527
14,33545;;;52,58144271
14,33595;;;43,73080489
14,33645;;;33,96458384
14,33695;;;32,13341739
14,33745;;;38,84769436
14,33795;;;35,79575029
14,33845;;;11,68539208
14,33895;;;-21,58079836
14,33945;;;-45,38596216
14,33995;;;-59,42490492
14,34045;;;-74,98981971
14,34095;;;-91,16512332
14,34145;;;-97,57420588
14,34195;;;-93,30148417
14,34245;;;-88,72356806
14,34295;;;-87,80798483
14,34345;;;-84,45084635
14,34395;;;-76,51579175
14,34445;;;-67,66515393
14,34495;;;-60,64568255
14,34545;;;-52,10023913
14,34595;;;-42,33401809
14,34645;;;-35,31454671
14,34695;;;-31,65221382
14,34745;;;-27,68468652
14,34795;;;-19,74963192
14,34845;;;-7,541855608
14,34895;;;10,46461445
14,34945;;;34,57497265
14,34995;;;56,85416442
14,35045;;;71,50349599
14,35095;;;80,0489394
14,35145;;;87,06841078
14,35195;;;90,42554926
14,35245;;;87,06841078
14,35295;;;80,0489394
14,35345;;;75,47102329
14,35395;;;71,80869039
14,35445;;;63,87363579
14,35495;;;52,58144271
14,35545;;;44,3411937
14,35595;;;38,54249995
14,35645;;;31,82822299
14,35695;;;25,72433483
14,35745;;;22,97758516
14,35795;;;19,01005786
14,35845;;;5,276309515
14,35895;;;-16,69768784
14,35945;;;-38,36649079
14,35995;;;-55,15218321
14,36045;;;-71,02229241
14,36095;;;-85,06123516
14,36145;;;-91,47031773
14,36195;;;-89,33395687
14,36245;;;-85,06123516
14,36295;;;-82,6196799
14,36345;;;-78,95734701
14,36395;;;-71,93787563
14,36445;;;-63,69762663
14,36495;;;-55,76257203
14,36545;;;-46,9119342
14,36595;;;-37,45090756
14,36645;;;-30,43143619
14,36695;;;-27,0742977
14,36745;;;-23,71715922
14,36795;;;-16,39249343
14,36845;;;-2,658745085
14,36895;;;17,17889142
14,36944;;;40,67886081
14,36994;;;61,73727494
14,37044;;;76,38660651
14,37094;;;86,45802196
14,37144;;;94,39307656
14,37194;;;97,44502064
14,37244;;;94,08788216
14,37294;;;87,983994
14,37344;;;84,0164667
14,37394;;;79,74374499
14,37444;;;71,19830158
14,37494;;;60,82169172
14,37544;;;52,88663712
14,37594;;;46,78274896
14,37644;;;38,84769436
14,37694;;;32,4386118
14,37744;;;29,99705654
14,37794;;;25,72433483
14,37844;;;11,07500326
14,37894;;;-11,81457732
14,37944;;;-34,09376908
14,37994;;;-51,48985032
14,38044;;;-66,44437629
14,38094;;;-79,26254142
14,38144;;;-85,06123516
14,38194;;;-83,84045753
14,38244;;;-80,17812464
14,38294;;;-76,82098616
14,38344;;;-72,24307004
14,38394;;;-65,22359866
14,38444;;;-57,28854406
14,38494;;;-49,35348946
14,38544;;;-39,89246282
14,38594;;;-30,12624178
14,38644;;;-23,1067704
14,38694;;;-19,74963192
14,38744;;;-17,00288225
14,38794;;;-9,98341087
14,38844;;;3,139948661
14,38894;;;22,36719635
14,38944;;;44,03599929
14,38994;;;63,26324698
14,39044;;;77,60738414
14,39094;;;87,67879959
14,39144;;;94,08788216
14,39194;;;95,61385419
14,39244;;;92,56191012
14,39294;;;88,28918841
14,39344;;;83,71127229
14,39394;;;78,21777296
14,39444;;;69,97752395
14,39494;;;60,82169172
14,39544;;;52,58144271
14,39594;;;45,86716574
14,39644;;;40,06847199
14,39694;;;35,18536147
14,39744;;;29,38666772
14,39794;;;21,75680753
14,39844;;;12,90616971
14,39894;;;1,003587807
14,39944;;;-17,61327106
14,39994;;;-45,08076776
14,40044;;;-72,24307004
14,40094;;;-87,50279043
14,40144;;;-89,02876246
14,40194;;;-87,50279043
14,40244;;;-87,50279043
14,40294;;;-85,67162398
14,40344;;;-78,34695819
14,40394;;;-70,10670919
14,40444;;;-64,30801544
14,40494;;;-57,89893288
14,40544;;;-47,52232302
14,40594;;;-37,14571316
14,40644;;;-31,041825
14,40694;;;-27,98988092
14,40744;;;-23,1067704
14,40794;;;-14,86652139
14,40844;;;-2,04835627
14,40894;;;16,87369701
14,40944;;;40,67886081
14,40994;;;61,12688612
14,41044;;;74,55544006
14,41094;;;84,0164667
14,41144;;;92,25671571
14,41194;;;95,30865979
14,41244;;;90,12035486
14,41294;;;82,79568907
14,41344;;;78,82816177
14,41394;;;74,25024566
14,41444;;;63,87363579
14,41494;;;51,66585949
14,41544;;;44,3411937
14,41594;;;39,45808318
14,41644;;;31,52302858
14,41694;;;22,36719635
14,41744;;;18,39966905
14,41794;;;15,34772497
14,41844;;;2,529559846
14,41894;;;-20,66521514
14,41944;;;-44,16518453
14,41994;;;-62,17165459
14,42044;;;-77,43137497
14,42094;;;-91,77551213
14,42144;;;-99,71056673
14,42194;;;-97,26901147
14,42244;;;-91,16512332
14,42294;;;-87,50279043
14,42344;;;-85,36642957
14,42394;;;-80,78851346
14,42444;;;-73,15865326
14,42494;;;-64,30801544
14,42544;;;-56,06776643
14,42593;;;-48,43790624
14,42643;;;-41,72362927
14,42693;;;-36,23012993
14,42743;;;-31,65221382
14,42793;;;-25,24313125
14,42843;;;-12,73016054
14,42893;;;7,107475961
14,42943;;;30,60744535
14,42993;;;50,44508186
14,43043;;;63,56844139
14,43093;;;73,02946802
14,43143;;;81,26971703
14,43193;;;84,32166111
14,43243;;;80,65932822
14,43293;;;74,86063447
14,43343;;;71,50349599
14,43393;;;67,53596869
14,43443;;;58,38013646
14,43493;;;48,308721
14,43543;;;41,59444403
14,43593;;;35,79575029
14,43643;;;27,55550128
14,43693;;;20,23083549
14,43743;;;17,48408582
14,43793;;;12,90616971
14,43843;;;-1,437967454
14,43893;;;-23,71715922
14,43943;;;-44,77557335
14,43993;;;-61,25607136
14,44043;;;-75,90540293
14,44093;;;-88,41837365
14,44143;;;-93,30148417
14,44193;;;-91,16512332
14,44243;;;-87,50279043
14,44293;;;-85,06123516
14,44343;;;-80,48331905
14,44393;;;-72,85345886
14,44443;;;-64,91840426
14,44493;;;-56,98334966
14,44543;;;-47,52232302
14,44593;;;-38,36649079
14,44643;;;-32,26260263
14,44693;;;-29,21065856
14,44743;;;-24,93793685
14,44793;;;-16,69768784
14,44843;;;-3,574328308
14,44893;;;14,73733615
14,44943;;;37,93211114
14,44993;;;59,60091409
14,45043;;;73,94505125
14,45093;;;82,18530026
14,45143;;;87,983994
14,45193;;;90,12035486
14,45243;;;86,45802196
14,45293;;;80,96452263
14,45343;;;76,99699533
14,45393;;;73,02946802
14,45443;;;63,87363579
14,45493;;;52,2762483
14,45543;;;44,64638811
14,45593;;;40,06847199
14,45643;;;33,35419502
14,45693;;;25,72433483
14,45743;;;22,36719635
14,45793;;;18,70486345
14,45843;;;4,360726292
14,45893;;;-20,66521514
14,45943;;;-44,47037894
14,45993;;;-60,03529373
14,46043;;;-73,15865326
14,46093;;;-88,41837365
14,46143;;;-97,87940029
14,46193;;;-92,69109536
14,46243;;;-78,95734701
14,46293;;;-72,24307004
14,46343;;;-77,12618056
14,46393;;;-82,92487431
14,46443;;;-79,26254142
14,46493;;;-68,58073715
14,46543;;;-58,50932169
14,46593;;;-52,40543354
14,46643;;;-46,60673979
14,46693;;;-40,19765723
14,46743;;;-34,70415789
14,46793;;;-29,51585296
14,46843;;;-18,22365988
14,46893;;;2,224365438
14,46943;;;26,33472365
14,46993;;;44,64638811
14,47043;;;56,54897001
14,47093;;;66,92557987
14,47143;;;75,77621769
14,47193;;;77,30218973
14,47243;;;72,72427362
14,47293;;;68,45155191
14,47343;;;67,23077428
14,47393;;;62,65285816
14,47443;;;52,88663712
14,47493;;;43,42561048
14,47543;;;38,84769436
14,47593;;;33,65938943
14,47643;;;24,80875161
14,47693;;;18,09447464
14,47743;;;16,5685026
14,47793;;;12,6009753
14,47843;;;-2,658745085
14,47893;;;-25,24313125
14,47943;;;-44,77557335
14,47993;;;-60,34048814
14,48043;;;-75,90540293
14,48093;;;-88,72356806
14,48143;;;-92,69109536
14,48192;;;-88,41837365
14,48242;;;-84,45084635
14,48292;;;-83,23006872
14,48342;;;-80,17812464
14,48392;;;-73,76904208
14,48442;;;-65,83398748
14,48492;;;-57,89893288
14,48542;;;-48,13271183
14,48592;;;-38,36649079
14,48642;;;-31,95740822
14,48692;;;-28,29507533
14,48742;;;-24,02235362
14,48792;;;-15,78210462
14,48842;;;-2,353550677
14,48892;;;16,26330819
14,48942;;;38,23730555
14,48992;;;57,76974764
14,49042;;;71,50349599
14,49092;;;81,26971703
14,49142;;;88,59438282
14,49192;;;91,03593808
14,49242;;;87,983994
14,49292;;;83,71127229
14,49342;;;80,96452263
14,49392;;;77,30218973
14,49442;;;69,36713513
14,49492;;;59,90610849
14,49542;;;53,49702593
14,49592;;;48,61391541
14,49642;;;42,51002725
14,49692;;;36,71133351
14,49742;;;33,65938943
14,49792;;;28,4710845
14,49842;;;14,43214175
14,49892;;;-5,710689162
14,49942;;;-25,54832566
14,49992;;;-41,41843486
14,50042;;;-54,54179439
14,50092;;;-63,69762663
14,50142;;;-66,13918189
14,50192;;;-64,30801544
14,50242;;;-63,69762663
14,50292;;;-64,00282103
14,50342;;;-61,25607136
14,50392;;;-54,8469888
14,50442;;;-48,74310065
14,50492;;;-43,55479572
14,50542;;;-36,23012993
14,50592;;;-26,76910329
14,50642;;;-19,1392431
14,50692;;;-14,86652139
14,50742;;;-11,2041885
14,50792;;;-6,01588357
14,50842;;;0,6983933997
14,50892;;;11,99058648
14,50942;;;29,99705654
14,50992;;;51,66585949
14,51042;;;69,67232954
14,51092;;;81,26971703
14,51142;;;90,12035486
14,51192;;;96,83463183
14,51242;;;97,75021505
14,51292;;;93,17229893
14,51342;;;88,59438282
14,51392;;;85,23724433
14,51442;;;79,74374499
14,51492;;;70,58791276
14,51542;;;62,04246935
14,51592;;;55,93858119
14,51642;;;49,22430422
14,51692;;;41,89963844
14,51742;;;37,01652792
14,51792;;;35,18536147
14,51842;;;29,08147332
14,51892;;;14,12694734
14,51942;;;-5,100300347
14,51992;;;-24,02235362
14,52042;;;-40,80804605
14,52092;;;-55,45737762
14,52142;;;-65,52879307
14,52192;;;-69,19112596
14,52242;;;-69,19112596
14,52292;;;-67,05476511
14,52342;;;-63,39243222
14,52392;;;-59,42490492
14,52442;;;-56,06776643
14,52492;;;-50,8794615
14,52542;;;-41,41843486
14,52592;;;-32,56779704
14,52642;;;-29,21065856
14,52692;;;-25,54832566
14,52742;;;-13,03535495
14,52792;;;2,224365438
14,52842;;;7,717864777
14,52892;;;4,971115108
14,52942;;;11,38019767
14,52992;;;33,04900062
14,53042;;;55,02299797
14,53092;;;65,09441342
14,53142;;;68,75674632
14,53192;;;73,94505125
14,53242;;;76,69180092
14,53292;;;71,19830158
14,53342;;;64,48402461
14,53392;;;61,73727494
14,53442;;;58,38013646
14,53492;;;48,91910982
14,53542;;;37,93211114
14,53592;;;31,82822299
14,53642;;;27,55550128
14,53692;;;19,62044668
14,53742;;;12,6009753
14,53792;;;11,38019767
14,53841;;;7,717864777
14,53891;;;-6,321077977
14,53941;;;-27,68468652
14,53991;;;-45,99635098
14,54041;;;-60,03529373
14,54091;;;-74,6846253
14,54141;;;-86,89240161
14,54191;;;-91,47031773
14,54241;;;-89,63915128
14,54291;;;-87,80798483
14,54341;;;-86,5872072
14,54391;;;-83,23006872
14,54441;;;-77,43137497
14,54491;;;-72,24307004
14,54541;;;-66,13918189
14,54591;;;-57,89893288
14,54641;;;-50,26907269
14,54691;;;-45,99635098
14,54741;;;-43,55479572
14,54791;;;-39,28207401
14,54841;;;-31,95740822
14,54891;;;-20,97040955
14,54941;;;-4,795105939
14,54991;;;14,12694734
14,55041;;;29,99705654
14,55091;;;40,06847199
14,55141;;;47,69833219
14,55191;;;54,71780356
14,55241;;;56,54897001
14,55291;;;52,58144271
14,55341;;;48,308721
14,55391;;;47,39313778
14,55441;;;44,64638811
14,55491;;;35,79575029
14,55541;;;26,33472365
14,55591;;;21,14641872
14,55641;;;17,48408582
14,55691;;;11,38019767
14,55741;;;6,497087146
14,55791;;;5,581503923
14,55841;;;2,224365438
14,55891;;;-10,59379969
14,55941;;;-30,43143619
14,55991;;;-47,82751742
14,56041;;;-60,95087696
14,56091;;;-72,54826445
14,56141;;;-81,70409668
14,56191;;;-83,53526313
14,56241;;;-80,78851346
14,56291;;;-78,6521526
14,56341;;;-78,04176379
14,56391;;;-74,37943089
14,56441;;;-67,66515393
14,56491;;;-60,95087696
14,56541;;;-54,23659999
14,56591;;;-45,69115657
14,56641;;;-36,84051875
14,56691;;;-31,65221382
14,56741;;;-29,82104737
14,56791;;;-27,0742977
14,56841;;;-19,44443751
14,56891;;;-7,236661201
14,56941;;;8,938642408
14,56991;;;27,25030687
14,57041;;;43,12041607
14,57091;;;55,02299797
14,57141;;;64,48402461
14,57191;;;71,50349599
14,57241;;;72,72427362
14,57291;;;69,36713513
14,57341;;;66,62038546
14,57391;;;66,31519106
14,57441;;;63,87363579
14,57491;;;56,54897001
14,57541;;;49,22430422
14,57591;;;45,86716574
14,57641;;;42,51002725
14,57691;;;37,01652792
14,57741;;;34,26977825
14,57791;;;35,79575029
14,57841;;;33,35419502
14,57891;;;19,62044668
14,57941;;;0,393198992
14,57991;;;-14,25613258
14,58041;;;-25,24313125
14,58091;;;-36,84051875
14,58141;;;-46,9119342
14,58191;;;-48,74310065
14,58241;;;-45,08076776
14,58291;;;-42,63921249
14,58341;;;-42,33401809
14,58391;;;-38,67168519
14,58441;;;-31,95740822
14,58491;;;-26,46390889
14,58541;;;-22,19118718
14,58591;;;-14,56132699
14,58641;;;-5,710689162
14,58691;;;-1,743161862
14,58741;;;-2,353550677
14,58791;;;1,003587807
14,58841;;;9,854225631
14,58891;;;19,31525227
14,58941;;;29,08147332
14,58991;;;46,17236015
14,59041;;;70,28271836
14,59091;;;90,12035486
14,59141;;;94,08788216
14,59191;;;85,84763315
14,59241;;;77,30218973
14,59291;;;73,63985684
14,59341;;;73,02946802
14,59391;;;70,28271836
14,59440;;;63,87363579
14,59490;;;55,93858119
14,59540;;;48,91910982
14,59590;;;43,42561048
14,59640;;;37,32172232
14,59690;;;29,69186213
14,59740;;;25,11394602
14,59790;;;23,89316839
14,59840;;;20,23083549
14,59890;;;7,717864777
14,59940;;;-11,50938291
14,59990;;;-29,82104737
14,60040;;;-43,55479572
14,60090;;;-54,54179439
14,60140;;;-63,39243222
14,60190;;;-67,35995952
14,60240;;;-66,13918189
14,60290;;;-63,08723781
14,60340;;;-61,56126577
14,60390;;;-59,42490492
14,60440;;;-54,8469888
14,60490;;;-48,74310065
14,60540;;;-41,41843486
14,60590;;;-34,09376908
14,60640;;;-27,98988092
14,60690;;;-24,32754803
14,60740;;;-21,58079836
14,60790;;;-17,30807665
14,60840;;;-10,59379969
14,60890;;;-0,5223842311
14,60940;;;14,12694734
14,60990;;;31,82822299
14,61040;;;47,39313778
14,61090;;;57,76974764
14,61140;;;64,78921902
14,61190;;;69,97752395
14,61240;;;72,1138848
14,61290;;;70,28271836
14,61340;;;67,84116309
14,61390;;;66,62038546
14,61440;;;62,95805257
14,61490;;;55,93858119
14,61540;;;49,22430422
14,61590;;;45,56197133
14,61640;;;41,89963844
14,61690;;;36,4061391
14,61740;;;33,04900062
14,61790;;;32,13341739
14,61840;;;28,16589009
14,61890;;;15,95811378
14,61940;;;0,08800458433
14,61990;;;-13,64574376
14,62040;;;-25,54832566
14,62090;;;-37,75610197
14,62140;;;-46,30154539
14,62190;;;-48,13271183
14,62240;;;-47,21712861
14,62290;;;-47,52232302
14,62340;;;-48,13271183
14,62390;;;-44,77557335
14,62440;;;-39,58726842
14,62490;;;-35,92493552
14,62540;;;-31,95740822
14,62590;;;-25,54832566
14,62640;;;-18,83404869
14,62690;;;-15,78210462
14,62740;;;-14,56132699
14,62790;;;-11,81457732
14,62840;;;-6,321077977
14,62890;;;1,003587807
14,62940;;;13,51655852
14,62990;;;29,99705654
14,63040;;;44,3411937
14,63090;;;52,2762483
14,63140;;;56,54897001
14,63190;;;60,82169172
14,63240;;;62,65285816
14,63290;;;59,60091409
14,63340;;;55,32819238
14,63390;;;52,88663712
14,63440;;;49,22430422
14,63490;;;41,28924962
14,63540;;;32,4386118
14,63590;;;27,25030687
14,63640;;;22,97758516
14,63690;;;16,87369701
14,63740;;;11,68539208
14,63790;;;9,854225631
14,63840;;;5,886698331
14,63890;;;-6,01588357
14,63940;;;-23,41196481
14,63990;;;-37,75610197
14,64040;;;-47,52232302
14,64090;;;-57,59373847
14,64140;;;-66,13918189
14,64190;;;-68,88593156
14,64240;;;-66,7495707
14,64290;;;-65,22359866
14,64340;;;-65,83398748
14,64390;;;-64,30801544
14,64440;;;-58,50932169
14,64490;;;-52,40543354
14,64540;;;-46,60673979
14,64590;;;-39,89246282
14,64640;;;-32,56779704
14,64690;;;-27,68468652
14,64740;;;-25,24313125
14,64790;;;-22,19118718
14,64840;;;-16,39249343
14,64890;;;-7,847050016
14,64940;;;4,360726292
14,64990;;;20,23083549
14,65040;;;34,88016706
14,65089;;;43,73080489
14,65139;;;48,00352659
14,65189;;;52,88663712
14,65239;;;56,85416442
14,65289;;;54,71780356
14,65339;;;47,69833219
14,65389;;;45,25677692
14,65439;;;50,13988745
14,65489;;;54,10741475
14,65539;;;47,39313778
14,65589;;;30,91263976
14,65639;;;15,95811378
14,65689;;;9,854225631
14,65739;;;10,76980885
14,65789;;;10,46461445
14,65839;;;3,750337477
14,65889;;;-8,457438831
14,65939;;;-22,80157599
14,65989;;;-36,53532434
14,66039;;;-49,35348946
14,66089;;;-60,34048814
14,66139;;;-67,66515393
14,66189;;;-70,10670919
14,66239;;;-69,80151478
14,66289;;;-68,88593156
14,66339;;;-67,05476511
14,66389;;;-64,30801544
14,66439;;;-60,64568255
14,66489;;;-56,37296084
14,66539;;;-49,96387828
14,66589;;;-42,63921249
14,66639;;;-36,84051875
14,66689;;;-33,78857467
14,66739;;;-31,34701941
14,66789;;;-27,68468652
14,66839;;;-22,49638159
14,66889;;;-14,25613258
14,66939;;;-0,8275786388
14,66989;;;14,73733615
14,67039;;;27,55550128
14,67089;;;35,49055588
14,67139;;;41,89963844
14,67189;;;48,308721
14,67239;;;50,44508186
14,67289;;;47,69833219
14,67339;;;44,3411937
14,67389;;;43,73080489
14,67439;;;41,28924962
14,67489;;;34,88016706
14,67539;;;28,16589009
14,67589;;;24,5035572
14,67639;;;21,14641872
14,67689;;;16,26330819
14,67739;;;12,90616971
14,67789;;;12,6009753
14,67839;;;10,15942004
14,67889;;;0,08800458433
14,67939;;;-14,25613258
14,67989;;;-26,76910329
14,68039;;;-37,14571316
14,68089;;;-47,21712861
14,68139;;;-54,54179439
14,68189;;;-56,37296084
14,68239;;;-55,15218321
14,68289;;;-54,54179439
14,68339;;;-54,23659999
14,68389;;;-51,79504472
14,68439;;;-47,21712861
14,68489;;;-42,63921249
14,68539;;;-37,14571316
14,68589;;;-31,041825
14,68639;;;-26,76910329
14,68689;;;-25,54832566
14,68739;;;-24,32754803
14,68789;;;-20,97040955
14,68839;;;-15,1717158
14,68889;;;-6,931466793
14,68939;;;5,276309515
14,68989;;;20,23083549
14,69039;;;32,74380621
14,69089;;;40,67886081
14,69139;;;45,86716574
14,69189;;;50,13988745
14,69239;;;51,05547067
14,69289;;;48,61391541
14,69339;;;46,47755455
14,69389;;;45,25677692
14,69439;;;40,98405522
14,69489;;;33,65938943
14,69539;;;27,55550128
14,69589;;;24,19836279
14,69639;;;19,92564108
14,69689;;;14,12694734
14,69739;;;11,07500326
14,69789;;;11,99058648
14,69839;;;9,243836815
14,69889;;;-2,04835627
14,69939;;;-17,30807665
14,69989;;;-30,12624178
14,70039;;;-39,89246282
14,70089;;;-49,35348946
14,70139;;;-56,67815525
14,70189;;;-58,50932169
14,70239;;;-56,67815525
14,70289;;;-55,15218321
14,70339;;;-54,23659999
14,70389;;;-52,10023913
14,70439;;;-47,52232302
14,70489;;;-41,72362927
14,70539;;;-34,70415789
14,70589;;;-28,60026974
14,70639;;;-24,63274244
14,70688;;;-21,58079836
14,70738;;;-17,61327106
14,70788;;;-13,34054935
14,70838;;;-8,762633239
14,70888;;;-0,8275786388
14,70938;;;13,51655852
14,70988;;;29,99705654
14,71038;;;42,20483285
14,71088;;;49,52949863
14,71138;;;57,15935882
14,71188;;;64,1788302
14,71238;;;66,00999665
14,71288;;;63,87363579
14,71338;;;62,95805257
14,71388;;;62,95805257
14,71438;;;59,90610849
14,71488;;;53,80222034
14,71538;;;49,52949863
14,71588;;;46,47755455
14,71638;;;42,20483285
14,71688;;;39,15288877
14,71738;;;40,67886081
14,71788;;;41,28924962
14,71838;;;33,65938943
14,71888;;;22,67239075
14,71938;;;18,09447464
14,71988;;;15,65291938
14,72038;;;2,834754254
14,72088;;;-18,83404869
14,72138;;;-34,09376908
14,72188;;;-35,0093523
14,72238;;;-31,95740822
14,72288;;;-34,70415789
14,72338;;;-37,75610197
14,72388;;;-34,70415789
14,72438;;;-30,12624178
14,72488;;;-28,60026974
14,72538;;;-27,0742977
14,72588;;;-21,88599277
14,72638;;;-17,00288225
14,72688;;;-16,08729902
14,72738;;;-16,69768784
14,72788;;;-15,1717158
14,72838;;;-12,11977172
14,72888;;;-6,931466793
14,72938;;;3,445143069
14,72988;;;17,48408582
14,73038;;;28,16589009
14,73088;;;32,74380621
14,73138;;;37,01652792
14,73188;;;42,20483285
14,73238;;;43,12041607
14,73288;;;38,54249995
14,73338;;;34,88016706
14,73388;;;34,26977825
14,73438;;;31,21783417
14,73488;;;22,67239075
14,73538;;;14,43214175
14,73588;;;10,46461445
14,73638;;;7,412670369
14,73688;;;2,224365438
14,73738;;;-0,5223842311
14,73788;;;-0,8275786388
14,73838;;;-4,489911531
14,73888;;;-16,08729902
14,73938;;;-31,041825
14,73988;;;-43,55479572
14,74038;;;-54,23659999
14,74088;;;-64,30801544
14,74138;;;-71,32748682
14,74188;;;-72,85345886
14,74238;;;-72,85345886
14,74288;;;-74,07423649
14,74338;;;-73,46384767
14,74388;;;-69,49632037
14,74438;;;-64,61320985
14,74488;;;-61,25607136
14,74538;;;-56,67815525
14,74588;;;-49,65868387
14,74638;;;-43,85999012
14,74688;;;-41,41843486
14,74738;;;-40,19765723
14,74788;;;-36,53532434
14,74838;;;-30,73663059
14,74888;;;-21,88599277
14,74938;;;-8,762633239
14,74988;;;5,581503923
14,75038;;;17,17889142
14,75088;;;24,19836279
14,75138;;;30,30225095
14,75188;;;36,71133351
14,75238;;;39,15288877
14,75288;;;36,71133351
14,75338;;;34,26977825
14,75388;;;33,65938943
14,75438;;;31,52302858
14,75488;;;25,41914042
14,75538;;;19,92564108
14,75588;;;17,17889142
14,75638;;;14,43214175
14,75688;;;10,15942004
14,75738;;;7,717864777
14,75788;;;8,328253592
14,75838;;;4,971115108
14,75888;;;-5,100300347
14,75938;;;-18,52885429
14,75988;;;-29,21065856
14,76038;;;-38,06129638
14,76088;;;-47,21712861
14,76138;;;-53,01582236
14,76188;;;-53,62621117
14,76238;;;-51,79504472
14,76288;;;-50,26907269
14,76337;;;-48,13271183
14,76387;;;-43,55479572
14,76437;;;-38,06129638
14,76487;;;-32,26260263
14,76537;;;-24,63274244
14,76587;;;-15,78210462
14,76637;;;-9,678216462
14,76687;;;-6,626272385
14,76737;;;-3,574328308
14,76787;;;0,393198992
14,76837;;;6,191892738
14,76887;;;15,34772497
14,76937;;;29,99705654
14,76987;;;46,78274896
14,77037;;;59,29571968
14,77087;;;66,00999665
14,77137;;;73,02946802
14,77187;;;80,65932822
14,77237;;;83,71127229
14,77287;;;81,26971703
14,77337;;;79,13335618
14,77387;;;79,43855059
14,77437;;;77,60738414
14,77487;;;70,89310717
14,77537;;;64,1788302
14,77587;;;60,82169172
14,77637;;;57,46455323
14,77687;;;52,58144271
14,77737;;;48,61391541
14,77787;;;47,08794337
14,77837;;;42,81522166
14,77887;;;31,21783417
14,77937;;;15,34772497
14,77987;;;1,308782215
14,78037;;;-9,067827647
14,78087;;;-19,1392431
14,78137;;;-27,37949211
14,78187;;;-30,73663059
14,78237;;;-30,43143619
14,78287;;;-30,73663059
14,78337;;;-32,56779704
14,78387;;;-33,17818586
14,78437;;;-29,21065856
14,78487;;;-23,41196481
14,78537;;;-20,66521514
14,78587;;;-19,1392431
14,78637;;;-12,42496613
14,78687;;;0,08800458433
14,78737;;;8,328253592
14,78787;;;3,750337477
14,78837;;;-6,01588357
14,78887;;;-5,710689162
14,78937;;;8,938642408
14,78987;;;26,02952924
14,79037;;;34,88016706
14,79087;;;39,15288877
14,79137;;;45,86716574
14,79187;;;51,66585949
14,79237;;;50,75027626
14,79287;;;45,86716574
14,79337;;;43,42561048
14,79387;;;42,81522166
14,79437;;;37,93211114
14,79487;;;29,69186213
14,79537;;;23,28277957
14,79587;;;19,31525227
14,79637;;;14,12694734
14,79687;;;8,328253592
14,79737;;;6,497087146
14,79787;;;5,886698331
14,79837;;;-0,2171898234
14,79887;;;-13,34054935
14,79937;;;-27,0742977
14,79987;;;-38,67168519
14,80037;;;-50,26907269
14,80087;;;-62,47684899
14,80137;;;-69,49632037
14,80187;;;-70,10670919
14,80237;;;-69,19112596
14,80287;;;-69,80151478
14,80337;;;-70,10670919
14,80387;;;-67,05476511
14,80437;;;-62,47684899
14,80487;;;-57,89893288
14,80537;;;-52,40543354
14,80587;;;-45,99635098
14,80637;;;-40,50285164
14,80687;;;-36,53532434
14,80737;;;-33,48338026
14,80787;;;-29,82104737
14,80837;;;-24,63274244
14,80887;;;-14,86652139
14,80937;;;0,08800458433
14,80987;;;15,65291938
14,81037;;;26,63991805
14,81087;;;33,96458384
14,81137;;;41,89963844
14,81187;;;49,22430422
14,81237;;;50,75027626
14,81287;;;48,308721
14,81337;;;47,08794337
14,81387;;;47,69833219
14,81437;;;44,64638811
14,81487;;;37,01652792
14,81537;;;30,91263976
14,81587;;;27,55550128
14,81637;;;24,19836279
14,81687;;;19,31525227
14,81737;;;16,87369701
14,81787;;;16,26330819
14,81837;;;11,38019767
14,81887;;;-0,2171898234
14,81936;;;-14,25613258
14,81986;;;-26,76910329
14,82036;;;-38,36649079
14,82086;;;-49,96387828
14,82136;;;-58,20412729
14,82186;;;-60,95087696
14,82236;;;-60,64568255
14,82286;;;-60,34048814
14,82336;;;-59,42490492
14,82386;;;-56,98334966
14,82436;;;-53,62621117
14,82486;;;-49,96387828
14,82536;;;-44,47037894
14,82586;;;-38,67168519
14,82636;;;-35,31454671
14,82686;;;-33,78857467
14,82736;;;-31,65221382
14,82786;;;-27,68468652
14,82836;;;-22,49638159
14,82886;;;-13,95093817
14,82936;;;0,08800458433
14,82986;;;16,5685026
14,83036;;;28,77627891
14,83086;;;36,4061391
14,83136;;;43,12041607
14,83186;;;49,22430422
14,83236;;;50,44508186
14,83286;;;48,00352659
14,83336;;;46,78274896
14,83386;;;46,78274896
14,83436;;;43,12041607
14,83486;;;35,49055588
14,83536;;;29,69186213
14,83586;;;27,86069569
14,83636;;;25,11394602
14,83686;;;20,5360299
14,83736;;;19,31525227
14,83786;;;21,45161312
14,83836;;;18,09447464
14,83886;;;5,276309515
14,83936;;;-9,373022054
14,83986;;;-19,74963192
14,84036;;;-27,98988092
14,84086;;;-37,75610197
14,84136;;;-44,47037894
14,84186;;;-44,47037894
14,84236;;;-42,33401809
14,84286;;;-42,9444069
14,84336;;;-41,72362927
14,84386;;;-35,0093523
14,84436;;;-27,0742977
14,84486;;;-23,41196481
14,84536;;;-18,52885429
14,84586;;;-4,489911531
14,84636;;;12,90616971
14,84686;;;21,14641872
14,84736;;;16,5685026
14,84786;;;11,38019767
14,84836;;;16,26330819
14,84886;;;31,21783417
14,84936;;;49,22430422
14,84986;;;65,39960783
14,85036;;;78,82816177
14,85086;;;90,12035486
14,85136;;;98,97099268
14,85186;;;104,464492
14,85236;;;106,9060473
14,85286;;;107,5164361
14,85336;;;107,2112417
14,85386;;;105,9904641
14,85436;;;102,6333256
14,85486;;;97,44502064
14,85536;;;93,17229893
14,85586;;;90,12035486
14,85636;;;86,45802196
14,85686;;;82,18530026
14,85736;;;80,65932822
14,85786;;;80,35413381
14,85836;;;75,77621769
14,85886;;;64,1788302
14,85936;;;49,52949863
14,85986;;;36,10094469
14,86036;;;24,19836279
14,86086;;;13,51655852
14,86136;;;5,886698331
14,86186;;;2,834754254
14,86236;;;1,308782215
14,86286;;;0,393198992
14,86336;;;0,08800458433
14,86386;;;1,003587807
14,86436;;;3,750337477
14,86486;;;7,717864777
14,86536;;;13,21136412
14,86586;;;17,48408582
14,86636;;;19,01005786
14,86686;;;19,31525227
14,86736;;;20,84122431
14,86786;;;22,36719635
14,86836;;;23,58797398
14,86886;;;29,38666772
14,86936;;;42,20483285
14,86986;;;56,54897001
14,87036;;;65,39960783
14,87086;;;69,97752395
14,87136;;;75,16582888
14,87186;;;79,43855059
14,87236;;;77,60738414
14,87286;;;71,80869039
14,87336;;;68,1463575
14,87386;;;65,39960783
14,87436;;;57,76974764
14,87486;;;45,86716574
14,87536;;;36,71133351
14,87585;;;31,21783417
14,87635;;;24,19836279
14,87685;;;15,65291938
14,87735;;;9,854225631
14,87785;;;6,191892738
14,87835;;;-1,743161862
14,87885;;;-17,30807665
14,87935;;;-35,31454671
14,87985;;;-51,18465591
14,88035;;;-65,83398748
14,88085;;;-79,26254142
14,88135;;;-88,41837365
14,88185;;;-92,99628976
14,88235;;;-96,35342825
14,88285;;;-99,40537233
14,88335;;;-100,62615
14,88385;;;-99,10017792
14,88435;;;-97,26901147
14,88485;;;-95,43784503
14,88535;;;-91,47031773
14,88585;;;-85,97681839
14,88635;;;-82,92487431
14,88685;;;-82,3144855
14,88735;;;-81,39890227
14,88785;;;-78,6521526
14,88835;;;-74,37943089
14,88885;;;-66,13918189
14,88935;;;-52,40543354
14,88985;;;-36,53532434
14,89035;;;-24,93793685
14,89085;;;-18,22365988
14,89135;;;-12,73016054
14,89185;;;-7,541855608
14,89235;;;-6,626272385
14,89285;;;-9,067827647
14,89335;;;-11,50938291
14,89385;;;-13,03535495
14,89435;;;-17,30807665
14,89485;;;-24,32754803
14,89535;;;-30,43143619
14,89585;;;-34,70415789
14,89635;;;-39,28207401
14,89685;;;-43,55479572
14,89735;;;-44,77557335
14,89785;;;-45,08076776
14,89835;;;-50,8794615
14,89885;;;-63,39243222
14,89935;;;-77,12618056
14,89985;;;-88,11317924
14,90035;;;-99,10017792
14,90085;;;-110,0871766
14,90135;;;-116,8014536
14,90185;;;-117,106648
14,90235;;;-115,8858703
14,90285;;;-115,2754815
14,90335;;;-113,4443151
14,90385;;;-108,2560101
14,90435;;;-101,5417332
14,90485;;;-95,43784503
14,90535;;;-87,19759602
14,90585;;;-78,04176379
14,90635;;;-71,63268123
14,90685;;;-68,58073715
14,90735;;;-64,61320985
14,90785;;;-56,98334966
14,90835;;;-49,65868387
14,90885;;;-42,33401809
14,90935;;;-27,68468652
14,90985;;;-2,658745085
14,91035;;;22,06200194
14,91085;;;33,96458384
14,91135;;;32,74380621
14,91185;;;29,38666772
14,91235;;;30,30225095
14,91285;;;33,65938943
14,91335;;;34,57497265
14,91385;;;31,52302858
14,91435;;;26,63991805
14,91485;;;22,36719635
14,91535;;;19,01005786
14,91585;;;15,95811378
14,91635;;;11,99058648
14,91685;;;9,243836815
14,91735;;;8,938642408
14,91785;;;9,549031223
14,91835;;;5,276309515
14,91885;;;-5,100300347
14,91935;;;-18,83404869
14,91985;;;-31,041825
14,92035;;;-41,41843486
14,92085;;;-50,57426709
14,92135;;;-56,06776643
14,92185;;;-57,59373847
14,92235;;;-56,67815525
14,92285;;;-55,15218321
14,92335;;;-52,71062795
14,92385;;;-49,04829506
14,92435;;;-44,16518453
14,92485;;;-37,45090756
14,92535;;;-29,82104737
14,92585;;;-23,1067704
14,92635;;;-18,52885429
14,92685;;;-14,56132699
14,92735;;;-10,28860528
14,92785;;;-5,710689162
14,92835;;;-0,2171898234
14,92885;;;10,15942004
14,92935;;;26,63991805
14,92985;;;43,42561048
14,93035;;;54,71780356
14,93085;;;62,95805257
14,93135;;;71,80869039
14,93184;;;79,43855059
14,93234;;;81,26971703
14,93284;;;79,74374499
14,93334;;;78,82816177
14,93384;;;77,91257855
14,93434;;;73,33466243
14,93484;;;66,00999665
14,93534;;;60,51649731
14,93584;;;57,46455323
14,93634;;;53,49702593
14,93684;;;49,22430422
14,93734;;;46,78274896
14,93784;;;44,95158252
14,93834;;;38,23730555
14,93884;;;25,11394602
14,93934;;;10,46461445
14,93984;;;-2,658745085
14,94034;;;-15,47691021
14,94084;;;-26,46390889
14,94134;;;-33,78857467
14,94184;;;-37,45090756
14,94234;;;-39,58726842
14,94284;;;-40,19765723
14,94334;;;-38,67168519
14,94384;;;-35,61974112
14,94434;;;-31,65221382
14,94484;;;-25,85352007
14,94534;;;-18,83404869
14,94584;;;-13,03535495
14,94634;;;-9,678216462
14,94684;;;-6,626272385
14,94734;;;-2,963939493
14,94784;;;0,08800458433
14,94834;;;3,445143069
14,94884;;;13,51655852
14,94934;;;30,91263976
14,94984;;;48,308721
14,95034;;;59,29571968
14,95084;;;66,92557987
14,95134;;;75,47102329
14,95184;;;81,57491144
14,95234;;;81,57491144
14,95284;;;78,52296736
14,95334;;;76,99699533
14,95384;;;75,16582888
14,95434;;;68,75674632
14,95484;;;60,51649731
14,95534;;;55,32819238
14,95584;;;50,75027626
14,95634;;;44,3411937
14,95684;;;38,54249995
14,95734;;;37,32172232
14,95784;;;36,4061391
14,95834;;;29,08147332
14,95884;;;14,73733615
14,95934;;;-0,2171898234
14,95984;;;-15,1717158
14,96034;;;-29,51585296
14,96084;;;-41,11324046
14,96134;;;-47,21712861
14,96184;;;-49,35348946
14,96234;;;-51,48985032
14,96284;;;-52,40543354
14,96334;;;-50,26907269
14,96384;;;-45,69115657
14,96434;;;-40,80804605
14,96484;;;-35,61974112
14,96534;;;-29,51585296
14,96584;;;-24,02235362
14,96634;;;-20,36002073
14,96684;;;-17,00288225
14,96734;;;-12,42496613
14,96784;;;-8,152244424
14,96834;;;-2,963939493
14,96884;;;8,023059185
14,96934;;;25,41914042
14,96984;;;41,59444403
14,97034;;;52,88663712
14,97084;;;62,65285816
14,97134;;;71,80869039
14,97184;;;76,38660651
14,97234;;;76,38660651
14,97284;;;76,69180092
14,97334;;;77,91257855
14,97384;;;73,94505125
14,97434;;;66,62038546
14,97484;;;66,00999665
14,97534;;;71,50349599
14,97584;;;69,36713513
14,97634;;;53,19183152
14,97684;;;37,01652792
14,97734;;;34,26977825
14,97784;;;37,01652792
14,97834;;;29,69186213
14,97884;;;13,21136412
14,97934;;;-1,743161862
14,97984;;;-13,34054935
14,98034;;;-26,46390889
14,98084;;;-39,89246282
14,98134;;;-46,9119342
14,98184;;;-48,13271183
14,98234;;;-49,35348946
14,98284;;;-50,8794615
14,98334;;;-49,35348946
14,98384;;;-45,08076776
14,98434;;;-41,11324046
14,98484;;;-35,92493552
14,98534;;;-28,60026974
14,98584;;;-22,19118718
14,98634;;;-19,74963192
14,98684;;;-18,22365988
14,98734;;;-13,64574376
14,98784;;;-8,457438831
14,98833;;;-4,184717123
14,98883;;;4,360726292
14,98933;;;21,45161312
14,98983;;;39,15288877
14,99033;;;49,83469304
14,99083;;;55,63338679
14,99133;;;62,95805257
14,99183;;;69,67232954
14,99233;;;69,97752395
14,99283;;;65,70480224
14,99333;;;62,95805257
14,99383;;;60,82169172
14,99433;;;55,02299797
14,99483;;;46,47755455
14,99533;;;40,67886081
14,99583;;;36,71133351
14,99633;;;31,21783417
14,99683;;;24,80875161
14,99733;;;22,36719635
14,99783;;;20,84122431
14,99833;;;14,12694734
14,99883;;;0,393198992
14,99933;;;-14,86652139
14,99983;;;-29,21065856
15,00033;;;-42,9444069
15,00083;;;-54,23659999
15,00133;;;-60,64568255
15,00183;;;-63,08723781
15,00233;;;-65,22359866
15,00283;;;-66,13918189
15,00333;;;-63,39243222
15,00383;;;-59,11971051
15,00433;;;-56,06776643
15,00483;;;-52,10023913
15,00533;;;-45,69115657
15,00583;;;-38,67168519
15,00633;;;-35,61974112
15,00683;;;-34,09376908
15,00733;;;-31,34701941
15,00783;;;-27,0742977
15,00833;;;-21,88599277
15,00883;;;-12,11977172
15,00933;;;3,139948661
15,00983;;;18,70486345
15,01033;;;28,77627891
15,01083;;;35,79575029
15,01133;;;44,3411937
15,01183;;;51,05547067
15,01233;;;50,44508186
15,01283;;;46,78274896
15,01333;;;45,56197133
15,01383;;;44,64638811
15,01433;;;38,23730555
15,01483;;;29,08147332
15,01533;;;23,58797398
15,01583;;;20,5360299
15,01633;;;15,34772497
15,01683;;;9,854225631
15,01733;;;8,023059185
15,01783;;;7,107475961
15,01833;;;-0,5223842311
15,01883;;;-15,47691021
15,01933;;;-30,43143619
15,01983;;;-42,02882368
15,02033;;;-53,62621117
15,02083;;;-64,91840426
15,02133;;;-71,32748682
15,02183;;;-72,54826445
15,02233;;;-72,54826445
15,02283;;;-73,76904208
15,02333;;;-73,46384767
15,02383;;;-70,10670919
15,02433;;;-65,22359866
15,02483;;;-59,11971051
15,02533;;;-51,48985032
15,02583;;;-44,47037894
15,02633;;;-40,50285164
15,02683;;;-38,67168519
15,02733;;;-35,61974112
15,02783;;;-31,041825
15,02833;;;-24,93793685
15,02883;;;-14,86652139
15,02933;;;1,308782215
15,02983;;;19,01005786
15,03033;;;31,21783417
15,03083;;;37,93211114
15,03133;;;44,03599929
15,03183;;;50,44508186
15,03233;;;52,88663712
15,03283;;;50,44508186
15,03333;;;47,08794337
15,03383;;;44,95158252
15,03433;;;40,98405522
15,03483;;;33,35419502
15,03533;;;25,41914042
15,03583;;;21,75680753
15,03633;;;20,23083549
15,03683;;;16,5685026
15,03733;;;10,46461445
15,03783;;;7,412670369
15,03833;;;9,243836815
15,03883;;;8,633448
15,03933;;;-4,489911531
15,03983;;;-29,51585296
15,04033;;;-52,71062795
15,04083;;;-63,08723781
15,04133;;;-64,00282103
15,04183;;;-65,52879307
15,04233;;;-68,58073715
15,04283;;;-68,58073715
15,04333;;;-64,61320985
15,04383;;;-60,03529373
15,04432;;;-56,06776643
15,04482;;;-49,35348946
15,04532;;;-40,50285164
15,04582;;;-34,09376908
15,04632;;;-31,041825
15,04682;;;-27,37949211
15,04732;;;-22,49638159
15,04782;;;-18,83404869
15,04832;;;-14,86652139
15,04882;;;-4,489911531
15,04932;;;12,6009753
15,04982;;;29,08147332
15,05032;;;39,45808318
15,05082;;;47,08794337
15,05132;;;55,63338679
15,05182;;;62,04246935
15,05232;;;63,26324698
15,05282;;;61,73727494
15,05332;;;61,43208053
15,05382;;;60,2113029
15,05432;;;55,02299797
15,05482;;;48,308721
15,05532;;;44,3411937
15,05582;;;41,28924962
15,05632;;;36,71133351
15,05682;;;32,74380621
15,05732;;;31,82822299
15,05782;;;31,21783417
15,05832;;;25,11394602
15,05882;;;13,21136412
15,05932;;;0,08800458433
15,05982;;;-12,42496613
15,06032;;;-23,1067704
15,06082;;;-31,65221382
15,06132;;;-36,23012993
15,06182;;;-38,36649079
15,06232;;;-39,89246282
15,06282;;;-40,80804605
15,06332;;;-38,9768796
15,06382;;;-35,31454671
15,06432;;;-30,73663059
15,06482;;;-25,24313125
15,06532;;;-18,22365988
15,06582;;;-12,11977172
15,06632;;;-8,762633239
15,06682;;;-6,626272385
15,06732;;;-3,574328308
15,06782;;;0,08800458433
15,06832;;;5,276309515
15,06882;;;14,73733615
15,06932;;;28,4710845
15,06982;;;42,51002725
15,07032;;;51,97105389
15,07082;;;58,68533086
15,07132;;;65,39960783
15,07182;;;69,36713513
15,07232;;;67,53596869
15,07282;;;63,26324698
15,07332;;;62,65285816
15,07382;;;64,78921902
15,07432;;;62,34766376
15,07482;;;54,10741475
15,07532;;;46,78274896
15,07582;;;43,42561048
15,07632;;;40,06847199
15,07682;;;33,96458384
15,07732;;;29,69186213
15,07782;;;29,38666772
15,07832;;;27,86069569
15,07882;;;19,92564108
15,07932;;;7,107475961
15,07982;;;-4,489911531
15,08032;;;-16,08729902
15,08082;;;-27,68468652
15,08132;;;-36,84051875
15,08182;;;-41,41843486
15,08232;;;-43,24960131
15,08282;;;-45,69115657
15,08332;;;-47,82751742
15,08382;;;-46,9119342
15,08432;;;-43,85999012
15,08482;;;-40,80804605
15,08532;;;-36,53532434
15,08582;;;-30,73663059
15,08632;;;-25,54832566
15,08682;;;-23,1067704
15,08732;;;-21,88599277
15,08782;;;-19,44443751
15,08832;;;-16,69768784
15,08882;;;-13,03535495
15,08932;;;-4,795105939
15,08982;;;7,717864777
15,09032;;;20,84122431
15,09082;;;29,08147332
15,09132;;;34,88016706
15,09182;;;40,67886081
15,09232;;;44,03599929
15,09282;;;43,12041607
15,09332;;;40,67886081
15,09382;;;40,3736664
15,09432;;;39,15288877
15,09482;;;33,04900062
15,09532;;;25,11394602
15,09582;;;19,92564108
15,09632;;;16,5685026
15,09682;;;11,99058648
15,09732;;;7,717864777
15,09782;;;6,191892738
15,09832;;;5,276309515
15,09882;;;-0,5223842311
15,09932;;;-12,11977172
15,09982;;;-24,93793685
15,10032;;;-36,84051875
15,10081;;;-45,99635098
15,10131;;;-51,79504472
15,10181;;;-55,15218321
15,10231;;;-59,73009933
15,10281;;;-65,83398748
15,10331;;;-68,27554274
15,10381;;;-65,22359866
15,10431;;;-61,86646018
15,10481;;;-60,64568255
15,10531;;;-56,98334966
15,10581;;;-49,04829506
15,10631;;;-42,63921249
15,10681;;;-41,41843486
15,10731;;;-40,50285164
15,10781;;;-36,23012993
15,10831;;;-32,56779704
15,10881;;;-31,34701941
15,10931;;;-24,63274244
15,10981;;;-8,762633239
15,11031;;;5,581503923
15,11081;;;9,243836815
15,11131;;;12,29578089
15,11181;;;26,33472365
15,11231;;;43,12041607
15,11281;;;44,64638811
15,11331;;;31,82822299
15,11381;;;21,14641872
15,11431;;;20,23083549
15,11481;;;19,92564108
15,11531;;;13,82175293
15,11581;;;7,717864777
15,11631;;;6,191892738
15,11681;;;4,6659207
15,11731;;;1,308782215
15,11781;;;-0,2171898234
15,11831;;;-0,5223842311
15,11881;;;-4,489911531
15,11931;;;-14,56132699
15,11981;;;-26,15871448
15,12031;;;-35,92493552
15,12081;;;-43,85999012
15,12131;;;-50,8794615
15,12181;;;-54,54179439
15,12231;;;-55,45737762
15,12281;;;-56,06776643
15,12331;;;-56,06776643
15,12381;;;-53,62621117
15,12431;;;-49,65868387
15,12481;;;-46,60673979
15,12531;;;-42,33401809
15,12581;;;-35,92493552
15,12631;;;-29,82104737
15,12681;;;-27,0742977
15,12731;;;-25,24313125
15,12781;;;-21,58079836
15,12831;;;-17,00288225
15,12881;;;-13,03535495
15,12931;;;-5,100300347
15,12981;;;8,633448
15,13031;;;22,06200194
15,13081;;;29,69186213
15,13131;;;34,57497265
15,13181;;;41,89963844
15,13231;;;48,308721
15,13281;;;48,91910982
15,13331;;;46,78274896
15,13381;;;48,00352659
15,13431;;;49,52949863
15,13481;;;45,25677692
15,13531;;;37,62691673
15,13581;;;33,96458384
15,13631;;;33,04900062
15,13681;;;29,69186213
15,13731;;;26,02952924
15,13781;;;26,02952924
15,13831;;;27,25030687
15,13881;;;22,06200194
15,13931;;;11,68539208
15,13981;;;1,919171031
15,14031;;;-5,710689162
15,14081;;;-14,56132699
15,14131;;;-23,41196481
15,14181;;;-27,0742977
15,14231;;;-26,76910329
15,14281;;;-27,37949211
15,14331;;;-29,51585296
15,14381;;;-29,21065856
15,14431;;;-25,54832566
15,14481;;;-21,58079836
15,14531;;;-18,52885429
15,14581;;;-13,95093817
15,14631;;;-8,762633239
15,14681;;;-6,321077977
15,14731;;;-5,405494754
15,14781;;;-3,574328308
15,14831;;;-0,2171898234
15,14881;;;3,750337477
15,14931;;;11,68539208
15,14981;;;23,58797398
15,15031;;;35,18536147
15,15081;;;42,81522166
15,15131;;;48,308721
15,15181;;;54,71780356
15,15231;;;58,99052527
15,15281;;;58,68533086
15,15331;;;56,85416442
15,15381;;;56,85416442
15,15431;;;55,63338679
15,15481;;;49,83469304
15,15531;;;42,81522166
15,15581;;;39,15288877
15,15631;;;37,01652792
15,15680;;;32,74380621
15,15730;;;28,4710845
15,15780;;;28,4710845
15,15830;;;29,08147332
15,15880;;;23,28277957
15,15930;;;11,68539208
15,15980;;;0,08800458433
15,16030;;;-8,457438831
15,16080;;;-17,00288225
15,16130;;;-25,24313125
15,16180;;;-29,51585296
15,16230;;;-29,51585296
15,16280;;;-29,51585296
15,16330;;;-31,95740822
15,16380;;;-33,78857467
15,16430;;;-31,65221382
15,16480;;;-26,76910329
15,16530;;;-22,80157599
15,16580;;;-19,44443751
15,16630;;;-14,86652139
15,16680;;;-10,59379969
15,16730;;;-9,678216462
15,16780;;;-11,81457732
15,16830;;;-10,28860528
15,16880;;;1,919171031
15,16930;;;20,23083549
15,16980;;;31,21783417
15,17030;;;29,69186213
15,17080;;;25,72433483
15,17130;;;31,21783417
15,17180;;;41,59444403
15,17230;;;45,86716574
15,17280;;;43,12041607
15,17330;;;41,59444403
15,17380;;;43,73080489
15,17430;;;43,73080489
15,17480;;;38,23730555
15,17530;;;32,74380621
15,17580;;;30,30225095
15,17630;;;27,55550128
15,17680;;;22,67239075
15,17730;;;19,62044668
15,17780;;;19,92564108
15,17830;;;18,39966905
15,17880;;;11,68539208
15,17930;;;1,919171031
15,17980;;;-6,626272385
15,18030;;;-15,78210462
15,18080;;;-25,85352007
15,18130;;;-33,78857467
15,18180;;;-36,53532434
15,18230;;;-36,84051875
15,18280;;;-38,06129638
15,18330;;;-38,9768796
15,18380;;;-38,06129638
15,18430;;;-35,61974112
15,18480;;;-32,87299145
15,18530;;;-27,98988092
15,18580;;;-21,88599277
15,18630;;;-17,61327106
15,18680;;;-16,08729902
15,18730;;;-14,25613258
15,18780;;;-11,50938291
15,18830;;;-9,067827647
15,18880;;;-5,710689162
15,18930;;;1,613976623
15,18980;;;13,21136412
15,19030;;;23,28277957
15,19080;;;29,38666772
15,19130;;;34,57497265
15,19180;;;39,15288877
15,19230;;;40,67886081
15,19280;;;38,84769436
15,19330;;;38,23730555
15,19380;;;40,06847199
15,19430;;;38,54249995
15,19480;;;31,82822299
15,19530;;;25,41914042
15,19580;;;23,28277957
15,19630;;;21,45161312
15,19680;;;17,48408582
15,19730;;;14,43214175
15,19780;;;15,04253056
15,19830;;;14,73733615
15,19880;;;8,023059185
15,19930;;;-1,437967454
15,19980;;;-9,678216462
15,20030;;;-17,61327106
15,20080;;;-27,0742977
15,20130;;;-34,09376908
15,20180;;;-35,92493552
15,20230;;;-35,92493552
15,20280;;;-38,06129638
15,20330;;;-40,80804605
15,20380;;;-40,19765723
15,20430;;;-36,84051875
15,20480;;;-33,78857467
15,20530;;;-30,73663059
15,20580;;;-26,76910329
15,20630;;;-23,71715922
15,20680;;;-22,49638159
15,20730;;;-21,88599277
15,20780;;;-19,74963192
15,20830;;;-17,30807665
15,20880;;;-14,56132699
15,20930;;;-7,847050016
15,20980;;;2,224365438
15,21030;;;11,99058648
15,21080;;;18,09447464
15,21130;;;22,97758516
15,21180;;;28,16589009
15,21230;;;30,91263976
15,21280;;;30,91263976
15,21329;;;30,60744535
15,21379;;;31,52302858
15,21429;;;29,99705654
15,21479;;;25,41914042
15,21529;;;20,84122431
15,21579;;;18,70486345
15,21629;;;16,26330819
15,21679;;;12,29578089
15,21729;;;9,854225631
15,21779;;;10,15942004
15,21829;;;9,243836815
15,21879;;;3,139948661
15,21929;;;-5,710689162
15,21979;;;-14,25613258
15,22029;;;-22,19118718
15,22079;;;-30,43143619
15,22129;;;-36,53532434
15,22179;;;-38,67168519
15,22229;;;-38,9768796
15,22279;;;-40,50285164
15,22329;;;-42,02882368
15,22379;;;-40,80804605
15,22429;;;-38,36649079
15,22479;;;-36,53532434
15,22529;;;-34,09376908
15,22579;;;-29,21065856
15,22629;;;-24,32754803
15,22679;;;-22,49638159
15,22729;;;-22,80157599
15,22779;;;-20,97040955
15,22829;;;-16,69768784
15,22879;;;-12,73016054
15,22929;;;-8,152244424
15,22979;;;1,613976623
15,23029;;;18,09447464
15,23079;;;34,26977825
15,23129;;;40,98405522
15,23179;;;36,71133351
15,23229;;;29,38666772
15,23279;;;26,94511246
15,23329;;;29,99705654
15,23379;;;32,13341739
15,23429;;;28,77627891
15,23479;;;23,28277957
15,23529;;;19,92564108
15,23579;;;18,70486345
15,23629;;;15,95811378
15,23679;;;11,99058648
15,23729;;;10,46461445
15,23779;;;11,68539208
15,23829;;;10,76980885
15,23879;;;5,276309515
15,23929;;;-2,963939493
15,23979;;;-11,81457732
15,24029;;;-21,27560395
15,24079;;;-29,82104737
15,24129;;;-35,31454671
15,24179;;;-37,45090756
15,24229;;;-38,67168519
15,24279;;;-40,50285164
15,24329;;;-41,11324046
15,24379;;;-39,58726842
15,24429;;;-37,14571316
15,24479;;;-34,39896349
15,24529;;;-30,73663059
15,24579;;;-25,85352007
15,24629;;;-22,80157599
15,24679;;;-21,27560395
15,24729;;;-20,05482632
15,24779;;;-18,22365988
15,24829;;;-17,00288225
15,24879;;;-14,25613258
15,24929;;;-6,931466793
15,24979;;;4,055531884
15,25029;;;13,51655852
15,25079;;;18,39966905
15,25129;;;22,67239075
15,25179;;;28,16589009
15,25229;;;31,82822299
15,25279;;;31,21783417
15,25329;;;29,69186213
15,25379;;;29,99705654
15,25429;;;28,77627891
15,25479;;;24,5035572
15,25529;;;19,31525227
15,25579;;;16,5685026
15,25629;;;14,43214175
15,25679;;;11,07500326
15,25729;;;8,938642408
15,25779;;;9,243836815
15,25829;;;8,023059185
15,25879;;;2,224365438
15,25929;;;-5,710689162
15,25979;;;-13,34054935
15,26029;;;-20,66521514
15,26079;;;-28,60026974
15,26129;;;-34,09376908
15,26179;;;-35,61974112
15,26229;;;-36,53532434
15,26279;;;-38,36649079
15,26329;;;-39,28207401
15,26379;;;-37,45090756
15,26429;;;-34,39896349
15,26479;;;-32,56779704
15,26529;;;-29,21065856
15,26579;;;-23,41196481
15,26629;;;-18,52885429
15,26679;;;-17,30807665
15,26729;;;-17,30807665
15,26779;;;-15,78210462
15,26829;;;-13,64574376
15,26879;;;-10,28860528
15,26928;;;-3,879522716
15,26978;;;6,191892738
15,27028;;;15,95811378
15,27078;;;21,75680753
15,27128;;;25,72433483
15,27178;;;30,60744535
15,27228;;;34,26977825
15,27278;;;34,88016706
15,27328;;;34,57497265
15,27378;;;34,26977825
15,27428;;;32,74380621
15,27478;;;28,16589009
15,27528;;;23,89316839
15,27578;;;21,14641872
15,27628;;;19,01005786
15,27678;;;16,5685026
15,27728;;;15,04253056
15,27778;;;14,73733615
15,27828;;;12,6009753
15,27878;;;6,802281554
15,27928;;;-0,2171898234
15,27978;;;-8,457438831
15,28028;;;-17,61327106
15,28078;;;-25,85352007
15,28128;;;-30,43143619
15,28178;;;-31,95740822
15,28228;;;-34,09376908
15,28278;;;-36,84051875
15,28328;;;-37,45090756
15,28378;;;-35,61974112
15,28428;;;-33,48338026
15,28478;;;-31,95740822
15,28528;;;-28,90546415
15,28578;;;-24,63274244
15,28628;;;-21,27560395
15,28678;;;-18,83404869
15,28728;;;-16,39249343
15,28778;;;-15,1717158
15,28828;;;-14,56132699
15,28878;;;-10,89899409
15,28928;;;-2,04835627
15,28978;;;8,633448
15,29028;;;16,26330819
15,29078;;;22,67239075
15,29128;;;30,30225095
15,29178;;;35,79575029
15,29228;;;36,4061391
15,29278;;;36,10094469
15,29328;;;37,93211114
15,29378;;;37,32172232
15,29428;;;31,82822299
15,29478;;;29,38666772
15,29528;;;36,10094469
15,29578;;;41,59444403
15,29628;;;33,04900062
15,29678;;;16,5685026
15,29728;;;9,243836815
15,29778;;;13,51655852
15,29828;;;14,43214175
15,29878;;;5,886698331
15,29928;;;-3,879522716
15,29978;;;-9,98341087
15,30028;;;-16,69768784
15,30078;;;-26,15871448
15,30128;;;-32,26260263
15,30178;;;-31,95740822
15,30228;;;-31,95740822
15,30278;;;-35,31454671
15,30328;;;-37,14571316
15,30378;;;-34,09376908
15,30428;;;-30,73663059
15,30478;;;-29,51585296
15,30528;;;-26,15871448
15,30578;;;-18,83404869
15,30628;;;-14,25613258
15,30678;;;-14,56132699
15,30728;;;-14,56132699
15,30778;;;-10,89899409
15,30828;;;-6,931466793
15,30878;;;-3,879522716
15,30928;;;2,834754254
15,30978;;;14,43214175
15,31028;;;24,80875161
15,31078;;;29,99705654
15,31128;;;33,96458384
15,31178;;;39,45808318
15,31228;;;43,12041607
15,31278;;;42,51002725
15,31328;;;42,20483285
15,31378;;;43,42561048
15,31428;;;42,20483285
15,31478;;;36,4061391
15,31528;;;30,60744535
15,31578;;;28,16589009
15,31628;;;26,02952924
15,31678;;;22,06200194
15,31728;;;19,01005786
15,31778;;;19,31525227
15,31828;;;18,09447464
15,31878;;;11,68539208
15,31928;;;2,224365438
15,31978;;;-6,321077977
15,32028;;;-13,95093817
15,32078;;;-21,88599277
15,32128;;;-27,0742977
15,32178;;;-28,90546415
15,32228;;;-30,43143619
15,32278;;;-32,56779704
15,32328;;;-33,48338026
15,32378;;;-31,041825
15,32428;;;-27,98988092
15,32478;;;-25,24313125
15,32528;;;-20,97040955
15,32577;;;-15,47691021
15,32627;;;-12,42496613
15,32677;;;-12,11977172
15,32727;;;-11,50938291
15,32777;;;-8,152244424
15,32827;;;-5,405494754
15,32877;;;-2,658745085
15,32927;;;3,445143069
15,32977;;;14,12694734
15,33027;;;23,28277957
15,33077;;;28,16589009
15,33127;;;32,13341739
15,33177;;;37,62691673
15,33227;;;40,67886081
15,33277;;;39,76327759
15,33327;;;38,23730555
15,33377;;;38,84769436
15,33427;;;37,32172232
15,33477;;;31,52302858
15,33527;;;25,72433483
15,33577;;;22,97758516
15,33627;;;21,45161312
15,33677;;;18,09447464
15,33727;;;15,65291938
15,33777;;;15,65291938
15,33827;;;14,12694734
15,33877;;;7,412670369
15,33927;;;-1,743161862
15,33977;;;-10,28860528
15,34027;;;-18,52885429
15,34077;;;-27,37949211
15,34127;;;-33,78857467
15,34177;;;-35,61974112
15,34227;;;-35,31454671
15,34277;;;-36,53532434
15,34327;;;-38,36649079
15,34377;;;-38,36649079
15,34427;;;-36,53532434
15,34477;;;-34,09376908
15,34527;;;-29,82104737
15,34577;;;-24,93793685
15,34627;;;-20,97040955
15,34677;;;-19,44443751
15,34727;;;-18,52885429
15,34777;;;-16,69768784
15,34827;;;-14,25613258
15,34877;;;-10,59379969
15,34927;;;-3,2691339
15,34977;;;7,107475961
15,35027;;;16,87369701
15,35077;;;22,36719635
15,35127;;;26,33472365
15,35177;;;30,91263976
15,35227;;;34,57497265
15,35277;;;35,18536147
15,35327;;;33,65938943
15,35377;;;33,04900062
15,35427;;;32,74380621
15,35477;;;29,38666772
15,35527;;;23,58797398
15,35577;;;19,01005786
15,35627;;;17,48408582
15,35677;;;16,87369701
15,35727;;;13,51655852
15,35777;;;10,15942004
15,35827;;;12,29578089
15,35877;;;17,48408582
15,35927;;;15,95811378
15,35977;;;1,003587807
15,36027;;;-19,44443751
15,36077;;;-32,87299145
15,36127;;;-35,61974112
15,36177;;;-35,0093523
15,36227;;;-37,75610197
15,36277;;;-40,80804605
15,36327;;;-40,80804605
15,36377;;;-38,36649079
15,36427;;;-36,23012993
15,36477;;;-33,48338026
15,36527;;;-27,68468652
15,36577;;;-22,49638159
15,36627;;;-20,36002073
15,36677;;;-19,74963192
15,36727;;;-17,00288225
15,36777;;;-13,64574376
15,36827;;;-11,50938291
15,36877;;;-7,847050016
15,36927;;;0,393198992
15,36977;;;11,38019767
15,37027;;;19,92564108
15,37077;;;25,41914042
15,37127;;;30,60744535
15,37177;;;36,10094469
15,37227;;;39,15288877
15,37277;;;39,76327759
15,37327;;;40,3736664
15,37377;;;40,67886081
15,37427;;;38,23730555
15,37477;;;33,04900062
15,37527;;;29,38666772
15,37577;;;27,25030687
15,37627;;;24,5035572
15,37677;;;21,45161312
15,37727;;;20,84122431
15,37777;;;21,45161312
15,37827;;;19,01005786
15,37877;;;12,29578089
15,37927;;;4,055531884
15,37977;;;-3,574328308
15,38027;;;-12,42496613
15,38077;;;-20,97040955
15,38127;;;-26,46390889
15,38176;;;-28,60026974
15,38226;;;-31,041825
15,38276;;;-34,39896349
15,38326;;;-35,61974112
15,38376;;;-34,09376908
15,38426;;;-32,26260263
15,38476;;;-30,12624178
15,38526;;;-25,54832566
15,38576;;;-19,74963192
15,38626;;;-16,08729902
15,38676;;;-15,47691021
15,38726;;;-14,86652139
15,38776;;;-12,73016054
15,38826;;;-11,2041885
15,38876;;;-8,762633239
15,38926;;;-2,04835627
15,38976;;;8,328253592
15,39026;;;17,78928023
15,39076;;;23,89316839
15,39126;;;29,08147332
15,39176;;;33,96458384
15,39226;;;36,71133351
15,39276;;;37,62691673
15,39326;;;38,23730555
15,39376;;;38,54249995
15,39426;;;35,18536147
15,39476;;;29,69186213
15,39526;;;26,33472365
15,39576;;;24,80875161
15,39626;;;21,75680753
15,39676;;;17,78928023
15,39726;;;15,95811378
15,39776;;;16,87369701
15,39826;;;14,73733615
15,39876;;;7,412670369
15,39926;;;-1,437967454
15,39976;;;-9,678216462
15,40026;;;-17,91846547
15,40076;;;-25,54832566
15,40126;;;-29,82104737
15,40176;;;-31,34701941
15,40226;;;-33,48338026
15,40276;;;-36,23012993
15,40326;;;-36,84051875
15,40376;;;-34,70415789
15,40426;;;-32,26260263
15,40476;;;-29,82104737
15,40526;;;-25,24313125
15,40576;;;-19,44443751
15,40626;;;-16,69768784
15,40676;;;-16,39249343
15,40726;;;-14,86652139
15,40776;;;-11,81457732
15,40826;;;-9,373022054
15,40876;;;-6,321077977
15,40926;;;1,613976623
15,40976;;;13,51655852
15,41026;;;22,67239075
15,41076;;;27,25030687
15,41126;;;31,82822299
15,41176;;;38,23730555
15,41226;;;41,59444403
15,41276;;;40,98405522
15,41326;;;40,06847199
15,41376;;;40,98405522
15,41426;;;39,45808318
15,41476;;;33,65938943
15,41526;;;28,4710845
15,41576;;;26,33472365
15,41626;;;23,28277957
15,41676;;;18,09447464
15,41726;;;15,65291938
15,41776;;;16,5685026
15,41826;;;13,82175293
15,41876;;;3,750337477
15,41926;;;-6,626272385
15,41976;;;-12,73016054
15,42026;;;-19,44443751
15,42076;;;-30,73663059
15,42126;;;-38,67168519
15,42176;;;-34,70415789
15,42226;;;-26,15871448
15,42276;;;-26,46390889
15,42326;;;-37,14571316
15,42376;;;-46,30154539
15,42426;;;-45,38596216
15,42476;;;-38,36649079
15,42526;;;-32,87299145
15,42576;;;-29,82104737
15,42626;;;-27,37949211
15,42676;;;-24,93793685
15,42726;;;-23,1067704
15,42776;;;-21,88599277
15,42826;;;-18,52885429
15,42876;;;-12,11977172
15,42926;;;-2,658745085
15,42976;;;6,802281554
15,43026;;;14,43214175
15,43076;;;20,5360299
15,43126;;;26,94511246
15,43176;;;32,74380621
15,43226;;;35,49055588
15,43276;;;35,79575029
15,43326;;;36,4061391
15,43376;;;37,01652792
15,43426;;;33,96458384
15,43476;;;28,16589009
15,43526;;;23,58797398
15,43576;;;21,75680753
15,43626;;;19,92564108
15,43676;;;16,5685026
15,43726;;;14,73733615
15,43776;;;15,04253056
15,43825;;;12,90616971
15,43875;;;6,191892738
15,43925;;;-2,353550677
15,43975;;;-11,2041885
15,44025;;;-20,05482632
15,44075;;;-27,98988092
15,44125;;;-31,95740822
15,44175;;;-33,48338026
15,44225;;;-35,61974112
15,44275;;;-38,67168519
15,44325;;;-39,58726842
15,44375;;;-37,75610197
15,44425;;;-35,31454671
15,44475;;;-32,56779704
15,44525;;;-27,68468652
15,44575;;;-22,19118718
15,44625;;;-19,1392431
15,44675;;;-17,91846547
15,44725;;;-15,47691021
15,44775;;;-12,42496613
15,44825;;;-11,2041885
15,44875;;;-8,152244424
15,44925;;;1,003587807
15,44975;;;13,51655852
15,45025;;;22,06200194
15,45075;;;25,72433483
15,45125;;;30,30225095
15,45175;;;36,4061391
15,45225;;;39,45808318
15,45275;;;38,54249995
15,45325;;;38,23730555
15,45375;;;39,15288877
15,45425;;;36,4061391
15,45475;;;30,30225095
15,45525;;;25,72433483
15,45575;;;23,89316839
15,45625;;;20,84122431
15,45675;;;16,5685026
15,45725;;;15,65291938
15,45775;;;17,48408582
15,45825;;;16,5685026
15,45875;;;8,938642408
15,45925;;;-0,8275786388
15,45975;;;-9,373022054
15,46025;;;-16,69768784
15,46075;;;-24,32754803
15,46125;;;-30,12624178
15,46175;;;-32,87299145
15,46225;;;-35,0093523
15,46275;;;-37,45090756
15,46325;;;-37,45090756
15,46375;;;-34,70415789
15,46425;;;-32,26260263
15,46475;;;-29,51585296
15,46525;;;-25,24313125
15,46575;;;-20,66521514
15,46625;;;-18,22365988
15,46675;;;-17,30807665
15,46725;;;-14,86652139
15,46775;;;-11,2041885
15,46825;;;-8,762633239
15,46875;;;-5,710689162
15,46925;;;2,224365438
15,46975;;;13,82175293
15,47025;;;22,67239075
15,47075;;;27,55550128
15,47125;;;32,13341739
15,47175;;;37,62691673
15,47225;;;40,98405522
15,47275;;;41,28924962
15,47325;;;41,28924962
15,47375;;;40,98405522
15,47425;;;37,62691673
15,47475;;;31,52302858
15,47525;;;27,25030687
15,47575;;;25,41914042
15,47625;;;22,36719635
15,47675;;;17,78928023
15,47725;;;15,34772497
15,47775;;;15,65291938
15,47825;;;12,6009753
15,47875;;;4,6659207
15,47925;;;-3,879522716
15,47975;;;-11,50938291
15,48025;;;-20,66521514
15,48075;;;-30,43143619
15,48125;;;-36,23012993
15,48175;;;-37,75610197
15,48225;;;-41,11324046
15,48275;;;-46,60673979
15,48325;;;-47,82751742
15,48375;;;-42,9444069
15,48425;;;-39,28207401
15,48475;;;-40,19765723
15,48525;;;-37,45090756
15,48575;;;-25,85352007
15,48625;;;-13,03535495
15,48675;;;-10,89899409
15,48725;;;-18,83404869
15,48775;;;-25,24313125
15,48825;;;-24,02235362
15,48875;;;-16,69768784
15,48925;;;-7,541855608
15,48975;;;1,308782215
15,49025;;;9,549031223
15,49075;;;16,26330819
15,49125;;;22,67239075
15,49175;;;28,4710845
15,49225;;;31,82822299
15,49275;;;32,13341739
15,49325;;;31,52302858
15,49375;;;30,91263976
15,49424;;;28,4710845
15,49474;;;24,5035572
15,49524;;;19,92564108
15,49574;;;16,87369701
15,49624;;;13,82175293
15,49674;;;11,07500326
15,49724;;;10,15942004
15,49774;;;10,15942004
15,49824;;;7,717864777
15,49874;;;1,003587807
15,49924;;;-7,236661201
15,49974;;;-15,47691021
15,50024;;;-23,71715922
15,50074;;;-31,65221382
15,50124;;;-37,14571316
15,50174;;;-40,19765723
15,50224;;;-42,9444069
15,50274;;;-45,38596216
15,50324;;;-45,69115657
15,50374;;;-43,55479572
15,50424;;;-40,19765723
15,50474;;;-35,92493552
15,50524;;;-30,12624178
15,50574;;;-24,63274244
15,50624;;;-21,88599277
15,50674;;;-20,66521514
15,50724;;;-18,52885429
15,50774;;;-15,47691021
15,50824;;;-12,73016054
15,50874;;;-7,847050016
15,50924;;;1,003587807
15,50974;;;12,6009753
15,51024;;;21,45161312
15,51074;;;27,86069569
15,51124;;;34,26977825
15,51174;;;39,45808318
15,51224;;;41,89963844
15,51274;;;42,51002725
15,51324;;;43,73080489
15,51374;;;43,42561048
15,51424;;;38,84769436
15,51474;;;33,35419502
15,51524;;;30,30225095
15,51574;;;28,77627891
15,51624;;;25,11394602
15,51674;;;21,14641872
15,51724;;;19,92564108
15,51774;;;20,23083549
15,51824;;;16,26330819
15,51874;;;8,023059185
15,51924;;;-0,8275786388
15,51974;;;-9,067827647
15,52024;;;-18,22365988
15,52074;;;-26,46390889
15,52124;;;-31,65221382
15,52174;;;-34,09376908
15,52224;;;-37,14571316
15,52274;;;-38,9768796
15,52324;;;-37,75610197
15,52374;;;-35,0093523
15,52424;;;-32,87299145
15,52474;;;-29,82104737
15,52524;;;-24,02235362
15,52574;;;-18,52885429
15,52624;;;-16,39249343
15,52674;;;-16,39249343
15,52724;;;-13,95093817
15,52774;;;-10,28860528
15,52824;;;-8,152244424
15,52874;;;-4,489911531
15,52924;;;4,055531884
15,52974;;;15,34772497
15,53024;;;23,58797398
15,53074;;;29,08147332
15,53124;;;35,79575029
15,53174;;;42,20483285
15,53224;;;44,64638811
15,53274;;;43,42561048
15,53324;;;44,03599929
15,53374;;;45,25677692
15,53424;;;41,59444403
15,53474;;;34,26977825
15,53524;;;29,08147332
15,53574;;;27,55550128
15,53624;;;25,11394602
15,53674;;;20,84122431
15,53724;;;18,70486345
15,53774;;;19,31525227
15,53824;;;17,17889142
15,53874;;;9,243836815
15,53924;;;-0,5223842311
15,53974;;;-9,373022054
15,54024;;;-17,91846547
15,54074;;;-26,46390889
15,54124;;;-31,65221382
15,54174;;;-33,78857467
15,54224;;;-36,84051875
15,54274;;;-40,80804605
15,54324;;;-41,72362927
15,54374;;;-38,36649079
15,54424;;;-34,70415789
15,54474;;;-31,95740822
15,54524;;;-27,98988092
15,54574;;;-22,80157599
15,54624;;;-20,36002073
15,54674;;;-20,66521514
15,54724;;;-18,83404869
15,54774;;;-14,56132699
15,54824;;;-12,42496613
15,54874;;;-11,50938291
15,54924;;;-2,353550677
15,54974;;;17,17889142
15,55024;;;35,79575029
15,55073;;;41,28924962
15,55123;;;37,32172232
15,55173;;;34,57497265
15,55223;;;37,93211114
15,55273;;;41,89963844
15,55323;;;42,51002725
15,55373;;;40,3736664
15,55423;;;37,01652792
15,55473;;;32,74380621
15,55523;;;28,4710845
15,55573;;;24,19836279
15,55623;;;19,92564108
15,55673;;;16,87369701
15,55723;;;15,34772497
15,55773;;;14,73733615
15,55823;;;11,38019767
15,55873;;;4,6659207
15,55923;;;-3,574328308
15,55973;;;-13,64574376
15,56023;;;-24,02235362
15,56073;;;-32,56779704
15,56123;;;-37,14571316
15,56173;;;-39,58726842
15,56223;;;-42,9444069
15,56273;;;-46,30154539
15,56323;;;-46,30154539
15,56373;;;-43,55479572
15,56423;;;-40,50285164
15,56473;;;-37,45090756
15,56523;;;-32,56779704
15,56573;;;-27,68468652
15,56623;;;-25,24313125
15,56673;;;-23,71715922
15,56723;;;-20,66521514
15,56773;;;-17,30807665
15,56823;;;-15,47691021
15,56873;;;-12,11977172
15,56923;;;-2,353550677
15,56973;;;10,15942004
15,57023;;;19,62044668
15,57073;;;24,80875161
15,57123;;;30,60744535
15,57173;;;37,01652792
15,57223;;;40,06847199
15,57273;;;39,45808318
15,57323;;;39,15288877
15,57373;;;39,15288877
15,57423;;;36,71133351
15,57473;;;31,52302858
15,57523;;;26,94511246
15,57573;;;24,19836279
15,57623;;;21,14641872
15,57673;;;18,09447464
15,57723;;;16,87369701
15,57773;;;15,65291938
15,57823;;;11,68539208
15,57873;;;4,360726292
15,57923;;;-3,574328308
15,57973;;;-12,11977172
15,58023;;;-21,27560395
15,58073;;;-29,82104737
15,58123;;;-35,0093523
15,58173;;;-37,75610197
15,58223;;;-39,89246282
15,58273;;;-40,80804605
15,58323;;;-39,58726842
15,58373;;;-37,45090756
15,58423;;;-35,31454671
15,58473;;;-31,34701941
15,58523;;;-25,24313125
15,58573;;;-20,36002073
15,58623;;;-17,61327106
15,58673;;;-15,78210462
15,58723;;;-12,42496613
15,58773;;;-10,28860528
15,58823;;;-8,762633239
15,58873;;;-3,574328308
15,58923;;;7,107475961
15,58973;;;18,39966905
15,59023;;;26,02952924
15,59073;;;31,82822299
15,59123;;;39,45808318
15,59173;;;45,25677692
15,59223;;;46,78274896
15,59273;;;46,47755455
15,59323;;;47,69833219
15,59373;;;47,69833219
15,59423;;;43,12041607
15,59473;;;37,01652792
15,59523;;;33,35419502
15,59573;;;31,21783417
15,59623;;;27,55550128
15,59673;;;23,89316839
15,59723;;;23,58797398
15,59773;;;23,28277957
15,59823;;;19,31525227
15,59873;;;11,68539208
15,59923;;;2,834754254
15,59973;;;-6,01588357
15,60023;;;-16,39249343
15,60073;;;-24,93793685
15,60123;;;-30,43143619
15,60173;;;-34,39896349
15,60223;;;-38,36649079
15,60273;;;-39,89246282
15,60323;;;-38,9768796
15,60373;;;-37,75610197
15,60423;;;-36,53532434
15,60473;;;-31,95740822
15,60523;;;-24,93793685
15,60573;;;-20,66521514
15,60623;;;-20,66521514
15,60672;;;-18,83404869
15,60722;;;-14,86652139
15,60772;;;-13,03535495
15,60822;;;-13,64574376
15,60872;;;-8,762633239
15,60922;;;3,445143069
15,60972;;;14,43214175
15,61022;;;19,92564108
15,61072;;;26,02952924
15,61122;;;35,79575029
15,61172;;;41,89963844
15,61222;;;41,28924962
15,61272;;;41,59444403
15,61322;;;45,56197133
15,61372;;;43,42561048
15,61422;;;33,96458384
15,61472;;;30,30225095
15,61522;;;38,54249995
15,61572;;;43,42561048
15,61622;;;31,82822299
15,61672;;;14,43214175
15,61722;;;9,549031223
15,61772;;;14,12694734
15,61822;;;12,90616971
15,61872;;;2,529559846
15,61922;;;-7,236661201
15,61972;;;-14,25613258
15,62022;;;-23,1067704
15,62072;;;-32,87299145
15,62122;;;-37,45090756
15,62172;;;-38,67168519
15,62222;;;-42,33401809
15,62272;;;-46,30154539
15,62322;;;-45,38596216
15,62372;;;-41,41843486
15,62422;;;-39,89246282
15,62472;;;-38,06129638
15,62522;;;-31,95740822
15,62572;;;-24,63274244
15,62622;;;-22,80157599
15,62672;;;-23,41196481
15,62722;;;-20,66521514
15,62772;;;-16,69768784
15,62822;;;-14,56132699
15,62872;;;-10,89899409
15,62922;;;0,08800458433
15,62972;;;12,90616971
15,63022;;;20,84122431
15,63072;;;25,41914042
15,63122;;;32,13341739
15,63172;;;39,15288877
15,63222;;;40,3736664
15,63272;;;37,93211114
15,63322;;;39,15288877
15,63372;;;41,59444403
15,63422;;;38,23730555
15,63472;;;30,30225095
15,63522;;;25,11394602
15,63572;;;23,89316839
15,63622;;;21,45161312
15,63672;;;16,87369701
15,63722;;;14,73733615
15,63772;;;15,04253056
15,63822;;;12,29578089
15,63872;;;4,360726292
15,63922;;;-4,795105939
15,63972;;;-13,95093817
15,64022;;;-23,41196481
15,64072;;;-31,65221382
15,64122;;;-36,53532434
15,64172;;;-39,58726842
15,64222;;;-43,24960131
15,64272;;;-46,30154539
15,64322;;;-45,69115657
15,64372;;;-42,63921249
15,64422;;;-39,58726842
15,64472;;;-36,23012993
15,64522;;;-31,34701941
15,64572;;;-26,15871448
15,64622;;;-23,71715922
15,64672;;;-22,80157599
15,64722;;;-20,66521514
15,64772;;;-18,22365988
15,64822;;;-16,39249343
15,64872;;;-11,2041885
15,64922;;;-1,132773046
15,64972;;;9,549031223
15,65022;;;17,48408582
15,65072;;;23,89316839
15,65122;;;31,52302858
15,65172;;;38,23730555
15,65222;;;40,67886081
15,65272;;;40,06847199
15,65322;;;40,3736664
15,65372;;;40,3736664
15,65422;;;37,01652792
15,65472;;;32,13341739
15,65522;;;28,16589009
15,65572;;;25,11394602
15,65622;;;21,45161312
15,65672;;;19,01005786
15,65722;;;18,70486345
15,65772;;;17,17889142
15,65822;;;11,99058648
15,65872;;;4,360726292
15,65922;;;-3,2691339
15,65972;;;-13,03535495
15,66022;;;-24,02235362
15,66072;;;-32,56779704
15,66122;;;-36,53532434
15,66172;;;-39,28207401
15,66222;;;-43,85999012
15,66272;;;-46,60673979
15,66321;;;-45,99635098
15,66371;;;-43,85999012
15,66421;;;-42,33401809
15,66471;;;-38,9768796
15,66521;;;-32,87299145
15,66571;;;-27,68468652
15,66621;;;-26,15871448
15,66671;;;-24,63274244
15,66721;;;-20,97040955
15,66771;;;-17,91846547
15,66821;;;-16,08729902
15,66871;;;-10,59379969
15,66921;;;1,308782215
15,66971;;;13,82175293
15,67021;;;21,75680753
15,67071;;;27,25030687
15,67121;;;34,26977825
15,67171;;;40,67886081
15,67221;;;42,81522166
15,67271;;;43,12041607
15,67321;;;43,73080489
15,67371;;;42,81522166
15,67421;;;37,93211114
15,67471;;;32,13341739
15,67521;;;28,77627891
15,67571;;;25,72433483
15,67621;;;21,45161312
15,67671;;;19,62044668
15,67721;;;20,23083549
15,67771;;;18,39966905
15,67821;;;11,68539208
15,67871;;;6,802281554
15,67921;;;7,107475961
15,67971;;;4,971115108
15,68021;;;-7,847050016
15,68071;;;-24,63274244
15,68121;;;-33,48338026
15,68171;;;-35,31454671
15,68221;;;-38,9768796
15,68271;;;-45,08076776
15,68321;;;-46,60673979
15,68371;;;-43,24960131
15,68421;;;-40,80804605
15,68471;;;-40,50285164
15,68521;;;-36,53532434
15,68571;;;-28,60026974
15,68621;;;-24,02235362
15,68671;;;-24,02235362
15,68721;;;-22,49638159
15,68771;;;-17,61327106
15,68821;;;-14,25613258
15,68871;;;-13,03535495
15,68921;;;-7,847050016
15,68971;;;4,055531884
15,69021;;;16,5685026
15,69071;;;23,89316839
15,69121;;;29,38666772
15,69171;;;37,32172232
15,69221;;;43,73080489
15,69271;;;45,25677692
15,69321;;;45,56197133
15,69371;;;47,39313778
15,69421;;;48,00352659
15,69471;;;44,03599929
15,69521;;;38,23730555
15,69571;;;35,18536147
15,69621;;;33,35419502
15,69671;;;29,69186213
15,69721;;;26,02952924
15,69771;;;25,11394602
15,69821;;;24,5035572
15,69871;;;20,5360299
15,69921;;;12,6009753
15,69971;;;3,445143069
15,70021;;;-6,01588357
15,70071;;;-16,08729902
15,70121;;;-24,32754803
15,70171;;;-29,21065856
15,70221;;;-33,17818586
15,70271;;;-37,14571316
15,70321;;;-39,89246282
15,70371;;;-39,58726842
15,70421;;;-37,75610197
15,70471;;;-35,0093523
15,70521;;;-30,43143619
15,70571;;;-24,32754803
15,70621;;;-20,05482632
15,70671;;;-18,52885429
15,70721;;;-17,30807665
15,70771;;;-13,95093817
15,70821;;;-11,50938291
15,70871;;;-9,678216462
15,70921;;;-4,184717123
15,70971;;;6,497087146
15,71021;;;17,78928023
15,71071;;;24,80875161
15,71121;;;29,99705654
15,71171;;;37,62691673
15,71221;;;44,3411937
15,71271;;;46,17236015
15,71321;;;45,25677692
15,71371;;;44,95158252
15,71421;;;44,03599929
15,71471;;;39,76327759
15,71521;;;33,65938943
15,71571;;;29,38666772
15,71621;;;26,02952924
15,71671;;;21,75680753
15,71721;;;18,09447464
15,71771;;;16,87369701
15,71821;;;15,34772497
15,71871;;;10,15942004
15,71920;;;1,919171031
15,71970;;;-6,321077977
15,72020;;;-16,39249343
15,72070;;;-27,0742977
15,72120;;;-35,61974112
15,72170;;;-39,28207401
15,72220;;;-41,72362927
15,72270;;;-45,69115657
15,72320;;;-48,43790624
15,72370;;;-46,60673979
15,72420;;;-42,9444069
15,72470;;;-40,19765723
15,72520;;;-36,84051875
15,72570;;;-30,12624178
15,72620;;;-24,32754803
15,72670;;;-22,80157599
15,72720;;;-22,49638159
15,72770;;;-18,52885429
15,72820;;;-13,95093817
15,72870;;;-11,50938291
15,72920;;;-6,931466793
15,72970;;;4,360726292
15,73020;;;18,09447464
15,73070;;;26,33472365
15,73120;;;31,21783417
15,73170;;;37,93211114
15,73220;;;45,56197133
15,73270;;;47,39313778
15,73320;;;46,17236015
15,73370;;;47,39313778
15,73420;;;49,22430422
15,73470;;;44,95158252
15,73520;;;36,4061391
15,73570;;;31,21783417
15,73620;;;29,99705654
15,73670;;;26,94511246
15,73720;;;22,06200194
15,73770;;;21,14641872
15,73820;;;22,36719635
15,73870;;;17,78928023
15,73920;;;6,497087146
15,73970;;;-3,2691339
15,74020;;;-9,373022054
15,74070;;;-18,52885429
15,74120;;;-31,041825
15,74170;;;-37,14571316
15,74220;;;-31,041825
15,74270;;;-23,1067704
15,74320;;;-26,15871448
15,74370;;;-38,06129638
15,74420;;;-45,38596216
15,74470;;;-42,33401809
15,74520;;;-34,39896349
15,74570;;;-28,90546415
15,74620;;;-27,0742977
15,74670;;;-25,85352007
15,74720;;;-23,1067704
15,74770;;;-20,05482632
15,74820;;;-19,1392431
15,74870;;;-18,52885429
15,74920;;;-12,73016054
15,74970;;;-0,5223842311
15,75020;;;11,99058648
15,75070;;;19,31525227
15,75120;;;22,97758516
15,75170;;;27,55550128
15,75220;;;33,04900062
15,75270;;;36,10094469
15,75320;;;36,4061391
15,75370;;;36,10094469
15,75420;;;34,88016706
15,75470;;;30,60744535
15,75520;;;25,41914042
15,75570;;;22,06200194
15,75620;;;19,62044668
15,75670;;;16,26330819
15,75720;;;13,21136412
15,75770;;;12,6009753
15,75820;;;11,68539208
15,75870;;;7,107475961
15,75920;;;-0,2171898234
15,75970;;;-8,762633239
15,76020;;;-17,91846547
15,76070;;;-27,37949211
15,76120;;;-35,31454671
15,76170;;;-39,89246282
15,76220;;;-42,9444069
15,76270;;;-46,30154539
15,76320;;;-47,82751742
15,76370;;;-46,60673979
15,76420;;;-44,16518453
15,76470;;;-42,33401809
15,76520;;;-38,06129638
15,76570;;;-31,95740822
15,76620;;;-27,98988092
15,76670;;;-27,37949211
15,76720;;;-25,24313125
15,76770;;;-19,74963192
15,76820;;;-16,08729902
15,76870;;;-15,78210462
15,76920;;;-11,50938291
15,76970;;;0,08800458433
15,77020;;;12,29578089
15,77070;;;19,31525227
15,77120;;;24,5035572
15,77170;;;32,4386118
15,77220;;;39,15288877
15,77270;;;40,3736664
15,77320;;;39,15288877
15,77370;;;40,67886081
15,77420;;;41,28924962
15,77470;;;36,4061391
15,77520;;;29,69186213
15,77569;;;26,63991805
15,77619;;;25,72433483
15,77669;;;22,36719635
15,77719;;;18,39966905
15,77769;;;17,48408582
15,77819;;;17,17889142
15,77869;;;12,90616971
15,77919;;;4,6659207
15,77969;;;-3,574328308
15,78019;;;-12,73016054
15,78069;;;-23,41196481
15,78119;;;-32,26260263
15,78169;;;-36,53532434
15,78219;;;-38,67168519
15,78269;;;-42,02882368
15,78319;;;-45,08076776
15,78369;;;-43,85999012
15,78419;;;-40,50285164
15,78469;;;-37,45090756
15,78519;;;-33,17818586
15,78569;;;-27,37949211
15,78619;;;-22,19118718
15,78669;;;-20,66521514
15,78719;;;-18,83404869
15,78769;;;-14,86652139
15,78819;;;-11,50938291
15,78869;;;-9,678216462
15,78919;;;-4,795105939
15,78969;;;6,191892738
15,79019;;;18,70486345
15,79069;;;26,33472365
15,79119;;;31,82822299
15,79169;;;39,45808318
15,79219;;;46,47755455
15,79269;;;48,308721
15,79319;;;47,08794337
15,79369;;;47,39313778
15,79419;;;47,39313778
15,79469;;;42,51002725
15,79519;;;35,49055588
15,79569;;;32,13341739
15,79619;;;30,91263976
15,79669;;;27,25030687
15,79719;;;22,36719635
15,79769;;;21,45161312
15,79819;;;22,36719635
15,79869;;;19,01005786
15,79919;;;10,15942004
15,79969;;;0,08800458433
15,80019;;;-7,847050016
15,80069;;;-17,00288225
15,80119;;;-26,46390889
15,80169;;;-32,26260263
15,80219;;;-34,39896349
15,80269;;;-37,14571316
15,80319;;;-40,50285164
15,80369;;;-40,19765723
15,80419;;;-36,23012993
15,80469;;;-33,17818586
15,80519;;;-32,26260263
15,80569;;;-27,68468652
15,80619;;;-16,08729902
15,80669;;;-4,795105939
15,80719;;;-2,658745085
15,80769;;;-10,28860528
15,80819;;;-17,91846547
15,80869;;;-17,30807665
15,80919;;;-7,847050016
15,80969;;;3,750337477
15,81019;;;12,6009753
15,81069;;;19,31525227
15,81119;;;26,63991805
15,81169;;;34,57497265
15,81219;;;40,06847199
15,81269;;;41,28924962
15,81319;;;41,28924962
15,81369;;;41,59444403
15,81419;;;39,76327759
15,81469;;;34,88016706
15,81519;;;29,38666772
15,81569;;;26,02952924
15,81619;;;23,58797398
15,81669;;;20,23083549
15,81719;;;17,48408582
15,81769;;;16,26330819
15,81819;;;15,04253056
15,81869;;;10,15942004
15,81919;;;2,529559846
15,81969;;;-6,321077977
15,82019;;;-16,08729902
15,82069;;;-26,15871448
15,82119;;;-34,70415789
15,82169;;;-39,58726842
15,82219;;;-43,24960131
15,82269;;;-46,9119342
15,82319;;;-49,04829506
15,82369;;;-48,43790624
15,82419;;;-45,99635098
15,82469;;;-43,55479572
15,82519;;;-39,58726842
15,82569;;;-34,09376908
15,82619;;;-29,21065856
15,82669;;;-26,76910329
15,82719;;;-25,24313125
15,82769;;;-22,49638159
15,82819;;;-20,36002073
15,82869;;;-17,91846547
15,82919;;;-11,2041885
15,82969;;;0,393198992
15,83019;;;12,29578089
15,83069;;;20,5360299
15,83119;;;27,25030687
15,83168;;;35,18536147
15,83218;;;41,89963844
15,83268;;;44,3411937
15,83318;;;44,64638811
15,83368;;;45,86716574
15,83418;;;45,25677692
15,83468;;;40,3736664
15,83518;;;33,96458384
15,83568;;;30,30225095
15,83618;;;28,77627891
15,83668;;;25,72433483
15,83718;;;21,75680753
15,83768;;;19,31525227
15,83818;;;17,17889142
15,83868;;;12,6009753
15,83918;;;5,276309515
15,83968;;;-3,2691339
15,84018;;;-12,73016054
15,84068;;;-22,80157599
15,84118;;;-30,43143619
15,84168;;;-35,0093523
15,84218;;;-38,67168519
15,84268;;;-42,63921249
15,84318;;;-44,16518453
15,84368;;;-42,63921249
15,84418;;;-40,80804605
15,84468;;;-38,9768796
15,84518;;;-35,0093523
15,84568;;;-28,90546415
15,84618;;;-24,63274244
15,84668;;;-23,71715922
15,84718;;;-21,88599277
15,84768;;;-18,22365988
15,84818;;;-15,78210462
15,84868;;;-14,86652139
15,84918;;;-9,98341087
15,84968;;;0,393198992
15,85018;;;12,29578089
15,85068;;;19,92564108
15,85118;;;25,72433483
15,85168;;;32,74380621
15,85218;;;38,23730555
15,85268;;;39,76327759
15,85318;;;39,45808318
15,85368;;;39,45808318
15,85418;;;37,93211114
15,85468;;;33,35419502
15,85518;;;28,4710845
15,85568;;;25,72433483
15,85618;;;23,28277957
15,85668;;;19,01005786
15,85718;;;15,65291938
15,85768;;;15,04253056
15,85818;;;14,43214175
15,85868;;;10,76980885
15,85918;;;3,445143069
15,85968;;;-5,100300347
15,86018;;;-14,86652139
15,86068;;;-23,71715922
15,86118;;;-30,12624178
15,86168;;;-35,0093523
15,86218;;;-39,58726842
15,86268;;;-43,55479572
15,86318;;;-44,16518453
15,86368;;;-42,33401809
15,86418;;;-40,19765723
15,86468;;;-36,84051875
15,86518;;;-31,65221382
15,86568;;;-26,46390889
15,86618;;;-24,02235362
15,86668;;;-21,58079836
15,86718;;;-17,61327106
15,86768;;;-14,86652139
15,86818;;;-14,56132699
15,86868;;;-11,2041885
15,86918;;;-1,437967454
15,86968;;;8,633448
15,87018;;;14,73733615
15,87068;;;23,89316839
15,87118;;;41,28924962
15,87168;;;56,54897001
15,87218;;;55,63338679
15,87268;;;44,3411937
15,87318;;;39,45808318
15,87368;;;43,73080489
15,87418;;;44,3411937
15,87468;;;36,4061391
15,87518;;;29,38666772
15,87568;;;28,4710845
15,87618;;;26,94511246
15,87668;;;20,84122431
15,87718;;;17,17889142
15,87768;;;18,39966905
15,87818;;;18,39966905
15,87868;;;11,38019767
15,87918;;;2,224365438
15,87968;;;-5,405494754
15,88018;;;-14,25613258
15,88068;;;-25,24313125
15,88118;;;-33,17818586
15,88168;;;-36,53532434
15,88218;;;-39,58726842
15,88268;;;-44,47037894
15,88318;;;-46,9119342
15,88368;;;-44,47037894
15,88418;;;-41,72362927
15,88468;;;-40,19765723
15,88518;;;-36,23012993
15,88568;;;-28,90546415
15,88618;;;-24,63274244
15,88668;;;-24,63274244
15,88718;;;-24,02235362
15,88768;;;-19,44443751
15,88817;;;-15,1717158
15,88867;;;-13,03535495
15,88917;;;-7,541855608
15,88967;;;3,750337477
15,89017;;;15,65291938
15,89067;;;22,67239075
15,89117;;;28,4710845
15,89167;;;36,71133351
15,89217;;;43,42561048
15,89267;;;44,95158252
15,89317;;;44,03599929
15,89367;;;44,64638811
15,89417;;;44,3411937
15,89467;;;39,15288877
15,89517;;;33,04900062
15,89567;;;29,38666772
15,89617;;;27,25030687
15,89667;;;23,58797398
15,89717;;;20,23083549
15,89767;;;19,01005786
15,89817;;;17,78928023
15,89867;;;13,21136412
15,89917;;;5,276309515
15,89967;;;-2,658745085
15,90017;;;-11,81457732
15,90067;;;-21,27560395
15,90117;;;-28,90546415
15,90167;;;-33,17818586
15,90217;;;-36,84051875
15,90267;;;-41,11324046
15,90317;;;-43,55479572
15,90367;;;-42,63921249
15,90417;;;-39,89246282
15,90467;;;-36,84051875
15,90517;;;-32,56779704
15,90567;;;-27,68468652
15,90617;;;-24,32754803
15,90667;;;-21,88599277
15,90717;;;-18,83404869
15,90767;;;-15,1717158
15,90817;;;-13,95093817
15,90867;;;-12,42496613
15,90917;;;-5,710689162
15,90967;;;5,581503923
15,91017;;;16,26330819
15,91067;;;23,28277957
15,91117;;;30,30225095
15,91167;;;38,54249995
15,91217;;;44,03599929
15,91267;;;44,95158252
15,91317;;;45,56197133
15,91367;;;47,08794337
15,91417;;;45,56197133
15,91467;;;39,15288877
15,91517;;;32,74380621
15,91567;;;29,69186213
15,91617;;;27,55550128
15,91667;;;24,19836279
15,91717;;;22,06200194
15,91767;;;21,45161312
15,91817;;;19,01005786
15,91867;;;11,99058648
15,91917;;;3,750337477
15,91967;;;-3,574328308
15,92017;;;-12,11977172
15,92067;;;-22,19118718
15,92117;;;-29,82104737
15,92167;;;-33,78857467
15,92217;;;-37,75610197
15,92267;;;-42,9444069
15,92317;;;-45,99635098
15,92367;;;-43,85999012
15,92417;;;-40,19765723
15,92467;;;-37,75610197
15,92517;;;-34,39896349
15,92567;;;-28,60026974
15,92617;;;-24,02235362
15,92667;;;-23,1067704
15,92717;;;-22,49638159
15,92767;;;-18,83404869
15,92817;;;-15,47691021
15,92867;;;-13,95093817
15,92917;;;-8,762633239
15,92967;;;2,834754254
15,93017;;;15,65291938
15,93067;;;22,97758516
15,93117;;;27,25030687
15,93167;;;35,18536147
15,93217;;;44,03599929
15,93267;;;46,17236015
15,93317;;;42,51002725
15,93367;;;43,12041607
15,93417;;;50,13988745
15,93467;;;54,10741475
15,93517;;;46,78274896
15,93567;;;32,4386118
15,93617;;;22,36719635
15,93667;;;19,62044668
15,93717;;;19,92564108
15,93767;;;18,09447464
15,93817;;;14,73733615
15,93867;;;10,76980885
15,93917;;;4,6659207
15,93967;;;-4,489911531
15,94017;;;-15,47691021
15,94067;;;-24,02235362
15,94117;;;-28,90546415
15,94167;;;-33,78857467
15,94217;;;-39,58726842
15,94267;;;-43,85999012
15,94317;;;-43,55479572
15,94367;;;-41,11324046
15,94416;;;-39,28207401
15,94466;;;-36,84051875
15,94516;;;-31,65221382
15,94566;;;-24,93793685
15,94616;;;-21,58079836
15,94666;;;-20,36002073
15,94716;;;-18,22365988
15,94766;;;-14,56132699
15,94816;;;-12,11977172
15,94866;;;-9,373022054
15,94916;;;-2,353550677
15,94966;;;8,328253592
15,95016;;;18,09447464
15,95066;;;25,41914042
15,95116;;;32,74380621
15,95166;;;40,67886081
15,95216;;;44,95158252
15,95266;;;45,56197133
15,95316;;;45,86716574
15,95366;;;47,08794337
15,95416;;;44,95158252
15,95466;;;38,54249995
15,95516;;;32,74380621
15,95566;;;29,69186213
15,95616;;;26,94511246
15,95666;;;22,97758516
15,95716;;;20,5360299
15,95766;;;20,23083549
15,95816;;;18,70486345
15,95866;;;13,51655852
15,95916;;;5,886698331
15,95966;;;-2,04835627
15,96016;;;-11,81457732
15,96066;;;-21,88599277
15,96116;;;-29,21065856
15,96166;;;-33,48338026
15,96216;;;-37,75610197
15,96266;;;-42,63921249
15,96316;;;-44,77557335
15,96366;;;-42,63921249
15,96416;;;-39,89246282
15,96466;;;-37,75610197
15,96516;;;-34,09376908
15,96566;;;-28,90546415
15,96616;;;-24,93793685
15,96666;;;-23,1067704
15,96716;;;-20,05482632
15,96766;;;-16,39249343
15,96816;;;-14,86652139
15,96866;;;-13,34054935
15,96916;;;-6,626272385
15,96966;;;4,971115108
15,97016;;;15,34772497
15,97066;;;22,06200194
15,97116;;;28,4710845
15,97166;;;36,10094469
15,97216;;;41,59444403
15,97266;;;42,81522166
15,97316;;;43,42561048
15,97366;;;44,3411937
15,97416;;;42,51002725
15,97466;;;37,01652792
15,97516;;;31,82822299
15,97566;;;29,38666772
15,97616;;;27,25030687
15,97666;;;23,58797398
15,97716;;;20,84122431
15,97766;;;19,62044668
15,97816;;;17,17889142
15,97866;;;11,38019767
15,97916;;;4,360726292
15,97966;;;-3,2691339
15,98016;;;-13,64574376
15,98066;;;-24,32754803
15,98116;;;-31,65221382
15,98166;;;-35,31454671
15,98216;;;-40,19765723
15,98266;;;-45,69115657
15,98316;;;-47,21712861
15,98366;;;-44,16518453
15,98416;;;-41,41843486
15,98466;;;-39,89246282
15,98516;;;-35,92493552
15,98566;;;-28,90546415
15,98616;;;-24,63274244
15,98666;;;-24,63274244
15,98716;;;-24,02235362
15,98766;;;-20,05482632
15,98816;;;-17,00288225
15,98866;;;-15,1717158
15,98916;;;-9,067827647
15,98966;;;2,529559846
15,99016;;;13,21136412
15,99066;;;18,70486345
15,99116;;;23,89316839
15,99166;;;32,74380621
15,99216;;;40,3736664
15,99266;;;41,28924962
15,99316;;;39,45808318
15,99366;;;40,06847199
15,99416;;;40,06847199
15,99466;;;34,57497265
15,99516;;;27,25030687
15,99566;;;24,80875161
15,99616;;;24,80875161
15,99666;;;20,23083549
15,99716;;;13,51655852
15,99766;;;14,43214175
15,99816;;;22,67239075
15,99866;;;25,41914042
15,99916;;;13,51655852
15,99966;;;-6,626272385
16,00016;;;-22,80157599
16,00065;;;-30,12624178
16,00115;;;-34,09376908
16,00165;;;-40,19765723
16,00215;;;-46,60673979
16,00265;;;-49,96387828
16,00315;;;-49,96387828
16,00365;;;-49,04829506
16,00415;;;-47,21712861
16,00465;;;-42,63921249
16,00515;;;-36,23012993
16,00565;;;-31,041825
16,00615;;;-29,21065856
16,00665;;;-27,68468652
16,00715;;;-24,63274244
16,00765;;;-21,88599277
16,00815;;;-20,66521514
16,00865;;;-17,61327106
16,00915;;;-9,678216462
16,00965;;;1,003587807
16,01015;;;10,15942004
16,01065;;;17,48408582
16,01115;;;25,41914042
16,01165;;;33,35419502
16,01215;;;38,23730555
16,01265;;;39,45808318
16,01315;;;40,3736664
16,01365;;;40,67886081
16,01415;;;37,93211114
16,01465;;;33,04900062
16,01515;;;28,77627891
16,01565;;;25,41914042
16,01615;;;21,14641872
16,01665;;;17,48408582
16,01715;;;16,26330819
16,01765;;;15,65291938
16,01815;;;12,29578089
16,01865;;;6,191892738
16,01915;;;0,08800458433
16,01965;;;-7,541855608
16,02015;;;-18,52885429
16,02065;;;-28,90546415
16,02115;;;-34,39896349
16,02165;;;-37,14571316
16,02215;;;-42,63921249
16,02265;;;-48,74310065
16,02315;;;-50,26907269
16,02365;;;-47,21712861
16,02415;;;-45,08076776
16,02465;;;-43,55479572
16,02515;;;-38,67168519
16,02565;;;-31,65221382
16,02615;;;-27,98988092
16,02665;;;-27,37949211
16,02715;;;-24,93793685
16,02765;;;-20,36002073
16,02815;;;-17,91846547
16,02865;;;-16,08729902
16,02915;;;-8,457438831
16,02965;;;4,055531884
16,03015;;;14,73733615
16,03065;;;20,5360299
16,03115;;;26,63991805
16,03165;;;34,57497265
16,03215;;;40,3736664
16,03265;;;41,89963844
16,03315;;;42,51002725
16,03365;;;43,73080489
16,03415;;;41,59444403
16,03465;;;34,88016706
16,03515;;;28,4710845
16,03565;;;25,41914042
16,03615;;;23,58797398
16,03665;;;20,84122431
16,03715;;;18,39966905
16,03765;;;17,17889142
16,03815;;;14,43214175
16,03865;;;9,243836815
16,03915;;;2,224365438
16,03965;;;-5,405494754
16,04015;;;-15,1717158
16,04065;;;-24,93793685
16,04115;;;-32,26260263
16,04165;;;-37,14571316
16,04215;;;-41,41843486
16,04265;;;-45,38596216
16,04315;;;-45,99635098
16,04365;;;-44,16518453
16,04415;;;-41,41843486
16,04465;;;-37,14571316
16,04515;;;-31,041825
16,04565;;;-25,54832566
16,04615;;;-23,41196481
16,04665;;;-22,49638159
16,04715;;;-19,1392431
16,04765;;;-14,56132699
16,04815;;;-12,42496613
16,04865;;;-10,59379969
16,04915;;;-2,963939493
16,04965;;;8,938642408
16,05015;;;19,92564108
16,05065;;;27,55550128
16,05115;;;34,88016706
16,05165;;;42,81522166
16,05215;;;48,61391541
16,05265;;;50,44508186
16,05315;;;50,75027626
16,05365;;;50,13988745
16,05415;;;46,78274896
16,05465;;;40,98405522
16,05515;;;37,32172232
16,05565;;;35,49055588
16,05615;;;32,74380621
16,05664;;;28,4710845
16,05714;;;25,72433483
16,05764;;;25,11394602
16,05814;;;22,67239075
16,05864;;;16,26330819
16,05914;;;8,938642408
16,05964;;;1,003587807
16,06014;;;-9,067827647
16,06064;;;-19,44443751
16,06114;;;-25,54832566
16,06164;;;-28,90546415
16,06214;;;-34,39896349
16,06264;;;-41,72362927
16,06314;;;-43,24960131
16,06364;;;-38,36649079
16,06414;;;-34,70415789
16,06464;;;-35,61974112
16,06514;;;-31,95740822
16,06564;;;-18,83404869
16,06614;;;-5,710689162
16,06664;;;-4,489911531
16,06714;;;-13,03535495
16,06764;;;-19,44443751
16,06814;;;-16,69768784
16,06864;;;-9,067827647
16,06914;;;-1,132773046
16,06964;;;7,107475961
16,07014;;;15,65291938
16,07064;;;24,19836279
16,07114;;;31,52302858
16,07164;;;38,23730555
16,07214;;;43,42561048
16,07264;;;45,86716574
16,07314;;;46,47755455
16,07364;;;45,56197133
16,07414;;;42,81522166
16,07464;;;38,54249995
16,07514;;;33,96458384
16,07564;;;29,99705654
16,07614;;;26,33472365
16,07664;;;23,58797398
16,07714;;;22,36719635
16,07764;;;21,45161312
16,07814;;;18,70486345
16,07864;;;13,51655852
16,07914;;;6,802281554
16,07964;;;-1,132773046
16,08014;;;-11,50938291
16,08064;;;-21,27560395
16,08114;;;-27,68468652
16,08164;;;-32,26260263
16,08214;;;-37,75610197
16,08264;;;-42,33401809
16,08314;;;-43,24960131
16,08364;;;-41,11324046
16,08414;;;-38,36649079
16,08464;;;-34,70415789
16,08514;;;-29,21065856
16,08564;;;-24,32754803
16,08614;;;-22,49638159
16,08664;;;-20,97040955
16,08714;;;-16,69768784
16,08764;;;-12,73016054
16,08814;;;-12,11977172
16,08864;;;-10,89899409
16,08914;;;-3,574328308
16,08964;;;7,717864777
16,09014;;;17,17889142
16,09064;;;23,58797398
16,09114;;;30,91263976
16,09164;;;39,15288877
16,09214;;;44,03599929
16,09264;;;45,25677692
16,09314;;;46,17236015
16,09364;;;46,17236015
16,09414;;;42,81522166
16,09464;;;37,01652792
16,09514;;;33,35419502
16,09564;;;31,52302858
16,09614;;;28,16589009
16,09664;;;24,19836279
16,09714;;;22,36719635
16,09764;;;21,45161312
16,09814;;;18,39966905
16,09864;;;12,90616971
16,09914;;;6,191892738
16,09964;;;-2,04835627
16,10014;;;-13,03535495
16,10064;;;-22,80157599
16,10114;;;-28,29507533
16,10164;;;-32,26260263
16,10214;;;-38,06129638
16,10264;;;-43,55479572
16,10314;;;-44,16518453
16,10364;;;-41,11324046
16,10414;;;-38,06129638
16,10464;;;-34,70415789
16,10514;;;-28,90546415
16,10564;;;-23,41196481
16,10614;;;-21,88599277
16,10664;;;-21,88599277
16,10714;;;-19,44443751
16,10764;;;-15,1717158
16,10814;;;-12,73016054
16,10864;;;-9,678216462
16,10914;;;-1,743161862
16,10964;;;8,938642408
16,11014;;;17,17889142
16,11064;;;23,58797398
16,11114;;;31,52302858
16,11164;;;39,15288877
16,11214;;;42,81522166
16,11264;;;43,12041607
16,11313;;;44,03599929
16,11363;;;44,3411937
16,11413;;;40,67886081
16,11463;;;34,88016706
16,11513;;;31,52302858
16,11563;;;29,69186213
16,11613;;;25,41914042
16,11663;;;20,23083549
16,11713;;;18,70486345
16,11763;;;19,01005786
16,11813;;;15,95811378
16,11863;;;8,633448
16,11913;;;1,308782215
16,11963;;;-5,710689162
16,12013;;;-16,08729902
16,12063;;;-27,68468652
16,12113;;;-34,70415789
16,12163;;;-37,45090756
16,12213;;;-42,33401809
16,12263;;;-49,04829506
16,12313;;;-50,26907269
16,12363;;;-45,38596216
16,12413;;;-42,02882368
16,12463;;;-42,33401809
16,12513;;;-38,06129638
16,12563;;;-24,93793685
16,12613;;;-12,73016054
16,12663;;;-11,50938291
16,12713;;;-19,1392431
16,12763;;;-24,93793685
16,12813;;;-23,71715922
16,12863;;;-17,30807665
16,12913;;;-9,067827647
16,12963;;;0,08800458433
16,13013;;;9,549031223
16,13063;;;17,78928023
16,13113;;;25,41914042
16,13163;;;32,4386118
16,13213;;;37,93211114
16,13263;;;40,98405522
16,13313;;;41,89963844
16,13363;;;41,59444403
16,13413;;;38,23730555
16,13463;;;32,4386118
16,13513;;;27,86069569
16,13563;;;24,80875161
16,13613;;;22,67239075
16,13663;;;19,92564108
16,13713;;;18,09447464
16,13763;;;17,17889142
16,13813;;;14,12694734
16,13863;;;8,328253592
16,13913;;;1,003587807
16,13963;;;-6,931466793
16,14013;;;-17,00288225
16,14063;;;-27,0742977
16,14113;;;-34,39896349
16,14163;;;-39,28207401
16,14213;;;-43,85999012
16,14263;;;-48,13271183
16,14313;;;-49,04829506
16,14363;;;-45,69115657
16,14413;;;-42,33401809
16,14463;;;-40,19765723
16,14513;;;-37,45090756
16,14563;;;-32,56779704
16,14613;;;-27,0742977
16,14663;;;-23,41196481
16,14713;;;-20,97040955
16,14763;;;-19,44443751
16,14813;;;-17,61327106
16,14863;;;-14,25613258
16,14913;;;-6,626272385
16,14963;;;3,750337477
16,15013;;;13,82175293
16,15063;;;22,06200194
16,15113;;;29,99705654
16,15163;;;36,4061391
16,15213;;;40,67886081
16,15263;;;43,42561048
16,15313;;;44,95158252
16,15363;;;43,73080489
16,15413;;;39,15288877
16,15463;;;33,35419502
16,15513;;;30,30225095
16,15563;;;28,16589009
16,15613;;;25,11394602
16,15663;;;21,45161312
16,15713;;;19,92564108
16,15763;;;18,39966905
16,15813;;;15,34772497
16,15863;;;10,15942004
16,15913;;;4,055531884
16,15963;;;-4,184717123
16,16013;;;-15,78210462
16,16063;;;-25,85352007
16,16113;;;-31,65221382
16,16163;;;-36,23012993
16,16213;;;-42,33401809
16,16263;;;-46,9119342
16,16313;;;-47,21712861
16,16363;;;-45,08076776
16,16413;;;-42,63921249
16,16463;;;-39,58726842
16,16513;;;-33,78857467
16,16563;;;-28,90546415
16,16613;;;-27,37949211
16,16663;;;-26,46390889
16,16713;;;-23,1067704
16,16763;;;-19,74963192
16,16813;;;-18,22365988
16,16863;;;-14,86652139
16,16912;;;-5,405494754
16,16962;;;6,497087146
16,17012;;;15,04253056
16,17062;;;21,45161312
16,17112;;;29,99705654
16,17162;;;38,54249995
16,17212;;;42,51002725
16,17262;;;43,73080489
16,17312;;;45,86716574
16,17362;;;47,39313778
16,17412;;;43,73080489
16,17462;;;36,4061391
16,17512;;;31,21783417
16,17562;;;28,77627891
16,17612;;;26,02952924
16,17662;;;22,97758516
16,17712;;;21,75680753
16,17762;;;21,75680753
16,17812;;;18,70486345
16,17862;;;12,29578089
16,17912;;;5,581503923
16,17962;;;-1,743161862
16,18012;;;-12,42496613
16,18062;;;-24,02235362
16,18112;;;-31,041825
16,18162;;;-35,31454671
16,18212;;;-40,80804605
16,18262;;;-46,30154539
16,18312;;;-46,9119342
16,18362;;;-43,55479572
16,18412;;;-40,50285164
16,18462;;;-38,36649079
16,18512;;;-33,17818586
16,18562;;;-26,76910329
16,18612;;;-24,63274244
16,18662;;;-25,54832566
16,18712;;;-23,1067704
16,18762;;;-17,00288225
16,18812;;;-14,25613258
16,18862;;;-14,86652139
16,18912;;;-8,762633239
16,18962;;;9,243836815
16,19012;;;29,38666772
16,19062;;;37,93211114
16,19112;;;35,79575029
16,19162;;;33,35419502
16,19212;;;37,01652792
16,19262;;;42,51002725
16,19312;;;44,64638811
16,19362;;;42,20483285
16,19412;;;38,54249995
16,19462;;;34,88016706
16,19512;;;31,21783417
16,19562;;;27,25030687
16,19612;;;23,28277957
16,19662;;;20,84122431
16,19712;;;19,92564108
16,19762;;;18,09447464
16,19812;;;14,12694734
16,19862;;;8,938642408
16,19912;;;3,139948661
16,19962;;;-5,100300347
16,20012;;;-16,69768784
16,20062;;;-26,76910329
16,20112;;;-32,26260263
16,20162;;;-35,92493552
16,20212;;;-41,11324046
16,20262;;;-46,60673979
16,20312;;;-48,13271183
16,20362;;;-46,9119342
16,20412;;;-44,77557335
16,20462;;;-41,72362927
16,20512;;;-35,61974112
16,20562;;;-30,12624178
16,20612;;;-28,29507533
16,20662;;;-28,29507533
16,20712;;;-25,85352007
16,20762;;;-21,58079836
16,20812;;;-18,83404869
16,20862;;;-15,78210462
16,20912;;;-7,847050016
16,20962;;;3,445143069
16,21012;;;13,51655852
16,21062;;;21,14641872
16,21112;;;28,77627891
16,21162;;;36,71133351
16,21212;;;41,59444403
16,21262;;;43,42561048
16,21312;;;44,3411937
16,21362;;;44,3411937
16,21412;;;41,28924962
16,21462;;;35,79575029
16,21512;;;31,21783417
16,21562;;;28,16589009
16,21612;;;24,80875161
16,21662;;;22,67239075
16,21712;;;22,36719635
16,21762;;;20,5360299
16,21812;;;14,73733615
16,21862;;;8,938642408
16,21912;;;6,802281554
16,21962;;;3,750337477
16,22012;;;-5,710689162
16,22062;;;-19,44443751
16,22112;;;-28,90546415
16,22162;;;-32,56779704
16,22212;;;-37,14571316
16,22262;;;-44,77557335
16,22312;;;-49,35348946
16,22362;;;-48,43790624
16,22412;;;-45,69115657
16,22462;;;-44,16518453
16,22512;;;-40,50285164
16,22561;;;-33,78857467
16,22611;;;-28,29507533
16,22661;;;-26,46390889
16,22711;;;-24,63274244
16,22761;;;-20,66521514
16,22811;;;-17,00288225
16,22861;;;-15,78210462
16,22911;;;-12,73016054
16,22961;;;-3,574328308
16,23011;;;7,412670369
16,23061;;;16,26330819
16,23111;;;23,58797398
16,23161;;;32,74380621
16,23211;;;40,98405522
16,23261;;;44,95158252
16,23311;;;46,78274896
16,23361;;;48,308721
16,23411;;;48,308721
16,23461;;;44,03599929
16,23511;;;37,93211114
16,23561;;;34,26977825
16,23611;;;32,4386118
16,23661;;;29,08147332
16,23711;;;25,72433483
16,23761;;;24,5035572
16,23811;;;23,89316839
16,23861;;;20,84122431
16,23911;;;14,43214175
16,23961;;;7,107475961
16,24011;;;-1,437967454
16,24061;;;-12,42496613
16,24111;;;-22,80157599
16,24161;;;-28,90546415
16,24211;;;-33,17818586
16,24261;;;-38,06129638
16,24311;;;-42,33401809
16,24361;;;-42,9444069
16,24411;;;-40,80804605
16,24461;;;-38,06129638
16,24511;;;-34,39896349
16,24561;;;-28,29507533
16,24611;;;-23,1067704
16,24661;;;-21,88599277
16,24711;;;-20,97040955
16,24761;;;-17,30807665
16,24811;;;-13,64574376
16,24861;;;-13,34054935
16,24911;;;-11,50938291
16,24961;;;-2,658745085
16,25011;;;9,549031223
16,25061;;;18,39966905
16,25111;;;23,89316839
16,25161;;;31,82822299
16,25211;;;40,98405522
16,25261;;;44,03599929
16,25311;;;42,81522166
16,25361;;;43,73080489
16,25411;;;46,17236015
16,25461;;;41,89963844
16,25511;;;33,04900062
16,25561;;;31,21783417
16,25611;;;37,93211114
16,25661;;;40,3736664
16,25711;;;31,52302858
16,25761;;;19,31525227
16,25811;;;14,73733615
16,25861;;;15,34772497
16,25911;;;11,99058648
16,25961;;;3,445143069
16,26011;;;-6,01588357
16,26061;;;-14,86652139
16,26111;;;-23,41196481
16,26161;;;-31,041825
16,26211;;;-37,45090756
16,26261;;;-42,63921249
16,26311;;;-46,60673979
16,26361;;;-47,52232302
16,26411;;;-45,69115657
16,26461;;;-42,63921249
16,26511;;;-38,67168519
16,26561;;;-33,78857467
16,26611;;;-29,21065856
16,26661;;;-27,0742977
16,26711;;;-25,24313125
16,26761;;;-21,88599277
16,26811;;;-18,22365988
16,26861;;;-15,78210462
16,26911;;;-11,50938291
16,26961;;;-2,04835627
16,27011;;;8,938642408
16,27061;;;17,78928023
16,27111;;;25,11394602
16,27161;;;33,96458384
16,27211;;;42,20483285
16,27261;;;45,86716574
16,27311;;;47,08794337
16,27361;;;48,308721
16,27411;;;48,308721
16,27461;;;44,03599929
16,27511;;;37,93211114
16,27561;;;33,96458384
16,27611;;;31,52302858
16,27661;;;27,86069569
16,27711;;;23,58797398
16,27761;;;22,06200194
16,27811;;;21,14641872
16,27861;;;16,87369701
16,27911;;;11,07500326
16,27961;;;4,971115108
16,28011;;;-3,574328308
16,28061;;;-16,39249343
16,28111;;;-27,0742977
16,28160;;;-31,95740822
16,28210;;;-35,31454671
16,28260;;;-42,02882368
16,28310;;;-48,74310065
16,28360;;;-49,04829506
16,28410;;;-45,69115657
16,28460;;;-43,55479572
16,28510;;;-41,41843486
16,28560;;;-35,31454671
16,28610;;;-28,90546415
16,28660;;;-27,68468652
16,28710;;;-28,60026974
16,28760;;;-25,85352007
16,28810;;;-20,97040955
16,28860;;;-18,83404869
16,28910;;;-17,00288225
16,28960;;;-9,067827647
16,29010;;;2,529559846
16,29060;;;11,99058648
16,29110;;;18,09447464
16,29160;;;25,72433483
16,29210;;;34,57497265
16,29260;;;39,76327759
16,29310;;;41,59444403
16,29360;;;43,42561048
16,29410;;;44,03599929
16,29460;;;39,76327759
16,29510;;;32,74380621
16,29560;;;28,77627891
16,29610;;;27,55550128
16,29660;;;24,5035572
16,29710;;;19,92564108
16,29760;;;17,78928023
16,29810;;;17,78928023
16,29860;;;14,73733615
16,29910;;;8,023059185
16,29960;;;0,393198992
16,30010;;;-7,236661201
16,30060;;;-17,00288225
16,30110;;;-27,0742977
16,30160;;;-33,17818586
16,30210;;;-37,45090756
16,30260;;;-43,24960131
16,30310;;;-48,74310065
16,30360;;;-49,04829506
16,30410;;;-45,99635098
16,30460;;;-43,24960131
16,30510;;;-40,80804605
16,30560;;;-35,61974112
16,30610;;;-29,51585296
16,30660;;;-26,76910329
16,30710;;;-26,15871448
16,30760;;;-23,1067704
16,30810;;;-18,52885429
16,30860;;;-16,08729902
16,30910;;;-13,34054935
16,30960;;;-4,489911531
16,31010;;;8,023059185
16,31060;;;17,48408582
16,31110;;;23,58797398
16,31160;;;31,21783417
16,31210;;;40,3736664
16,31260;;;45,25677692
16,31310;;;45,56197133
16,31360;;;47,08794337
16,31410;;;49,52949863
16,31460;;;45,86716574
16,31510;;;37,32172232
16,31560;;;32,74380621
16,31610;;;34,26977825
16,31660;;;32,74380621
16,31710;;;25,11394602
16,31760;;;21,45161312
16,31810;;;28,77627891
16,31860;;;36,10094469
16,31910;;;29,38666772
16,31960;;;9,854225631
16,32010;;;-8,762633239
16,32060;;;-19,1392431
16,32110;;;-24,02235362
16,32160;;;-30,12624178
16,32210;;;-37,75610197
16,32260;;;-43,85999012
16,32310;;;-46,9119342
16,32360;;;-47,21712861
16,32410;;;-45,69115657
16,32460;;;-43,24960131
16,32510;;;-38,67168519
16,32560;;;-33,17818586
16,32610;;;-28,60026974
16,32660;;;-26,15871448
16,32710;;;-24,02235362
16,32760;;;-20,66521514
16,32810;;;-17,30807665
16,32860;;;-15,47691021
16,32910;;;-11,50938291
16,32960;;;-2,963939493
16,33010;;;7,717864777
16,33060;;;17,17889142
16,33110;;;24,5035572
16,33160;;;32,4386118
16,33210;;;40,06847199
16,33260;;;45,25677692
16,33310;;;48,00352659
16,33360;;;49,52949863
16,33410;;;49,22430422
16,33460;;;44,95158252
16,33510;;;39,15288877
16,33560;;;35,49055588
16,33610;;;33,65938943
16,33660;;;30,60744535
16,33710;;;27,25030687
16,33760;;;25,72433483
16,33809;;;24,5035572
16,33859;;;21,14641872
16,33909;;;15,34772497
16,33959;;;8,023059185
16,34009;;;-0,5223842311
16,34059;;;-10,89899409
16,34109;;;-20,36002073
16,34159;;;-26,76910329
16,34209;;;-31,65221382
16,34259;;;-36,84051875
16,34309;;;-40,80804605
16,34359;;;-40,80804605
16,34409;;;-38,36649079
16,34459;;;-35,92493552
16,34509;;;-32,26260263
16,34559;;;-26,76910329
16,34609;;;-21,58079836
16,34659;;;-19,44443751
16,34709;;;-18,83404869
16,34759;;;-16,08729902
16,34809;;;-12,11977172
16,34859;;;-9,373022054
16,34909;;;-5,405494754
16,34959;;;1,919171031
16,35009;;;12,6009753
16,35059;;;22,36719635
16,35109;;;30,60744535
16,35159;;;37,93211114
16,35209;;;44,64638811
16,35259;;;49,22430422
16,35309;;;51,97105389
16,35359;;;52,88663712
16,35409;;;50,75027626
16,35459;;;45,56197133
16,35509;;;40,3736664
16,35559;;;36,71133351
16,35609;;;33,35419502
16,35659;;;29,38666772
16,35709;;;26,33472365
16,35759;;;24,5035572
16,35809;;;22,36719635
16,35859;;;18,70486345
16,35909;;;13,51655852
16,35959;;;6,191892738
16,36009;;;-3,574328308
16,36059;;;-15,1717158
16,36109;;;-24,32754803
16,36159;;;-30,12624178
16,36209;;;-35,92493552
16,36259;;;-42,9444069
16,36309;;;-47,52232302
16,36359;;;-47,21712861
16,36409;;;-45,08076776
16,36459;;;-43,55479572
16,36509;;;-40,50285164
16,36559;;;-35,61974112
16,36609;;;-31,34701941
16,36659;;;-29,82104737
16,36709;;;-27,98988092
16,36759;;;-24,93793685
16,36809;;;-22,19118718
16,36859;;;-20,97040955
16,36909;;;-17,00288225
16,36959;;;-8,152244424
16,37009;;;2,529559846
16,37059;;;11,07500326
16,37109;;;18,70486345
16,37159;;;27,25030687
16,37209;;;35,18536147
16,37259;;;39,15288877
16,37309;;;40,67886081
16,37359;;;42,20483285
16,37409;;;41,89963844
16,37459;;;37,62691673
16,37509;;;32,4386118
16,37559;;;29,38666772
16,37609;;;26,94511246
16,37659;;;22,67239075
16,37709;;;18,39966905
16,37759;;;17,48408582
16,37809;;;17,48408582
16,37859;;;13,21136412
16,37909;;;5,886698331
16,37959;;;-0,2171898234
16,38009;;;-7,236661201
16,38059;;;-19,1392431
16,38109;;;-32,26260263
16,38159;;;-37,45090756
16,38209;;;-32,87299145
16,38259;;;-29,51585296
16,38309;;;-35,92493552
16,38359;;;-47,82751742
16,38409;;;-53,62621117
16,38459;;;-49,65868387
16,38509;;;-42,33401809
16,38559;;;-37,14571316
16,38609;;;-34,70415789
16,38659;;;-32,56779704
16,38709;;;-29,51585296
16,38759;;;-26,46390889
16,38809;;;-24,93793685
16,38859;;;-23,1067704
16,38909;;;-18,52885429
16,38959;;;-9,98341087
16,39009;;;0,08800458433
16,39059;;;9,854225631
16,39109;;;19,01005786
16,39159;;;27,25030687
16,39209;;;33,96458384
16,39259;;;38,54249995
16,39309;;;41,89963844
16,39359;;;43,42561048
16,39408;;;41,89963844
16,39458;;;37,62691673
16,39508;;;33,04900062
16,39558;;;29,08147332
16,39608;;;25,11394602
16,39658;;;21,45161312
16,39708;;;19,31525227
16,39758;;;18,39966905
16,39808;;;15,65291938
16,39858;;;10,76980885
16,39908;;;5,581503923
16,39958;;;0,08800458433
16,40008;;;-9,067827647
16,40058;;;-20,36002073
16,40108;;;-29,21065856
16,40158;;;-34,09376908
16,40208;;;-39,28207401
16,40258;;;-46,30154539
16,40308;;;-49,65868387
16,40358;;;-48,13271183
16,40408;;;-45,99635098
16,40458;;;-44,77557335
16,40508;;;-40,80804605
16,40558;;;-33,48338026
16,40608;;;-27,98988092
16,40658;;;-27,37949211
16,40708;;;-27,37949211
16,40758;;;-23,1067704
16,40808;;;-18,22365988
16,40858;;;-16,39249343
16,40908;;;-13,03535495
16,40958;;;-4,489911531
16,41008;;;6,802281554
16,41058;;;15,65291938
16,41108;;;22,97758516
16,41158;;;32,4386118
16,41208;;;41,59444403
16,41258;;;46,78274896
16,41308;;;48,00352659
16,41358;;;48,308721
16,41408;;;46,47755455
16,41458;;;41,59444403
16,41508;;;36,4061391
16,41558;;;32,4386118
16,41608;;;29,08147332
16,41658;;;25,41914042
16,41708;;;22,67239075
16,41758;;;21,75680753
16,41808;;;19,31525227
16,41858;;;14,12694734
16,41908;;;7,717864777
16,41958;;;0,6983933997
16,42008;;;-8,457438831
16,42058;;;-20,36002073
16,42108;;;-29,21065856
16,42158;;;-34,09376908
16,42208;;;-39,28207401
16,42258;;;-46,60673979
16,42308;;;-51,18465591
16,42358;;;-50,26907269
16,42408;;;-47,52232302
16,42458;;;-45,99635098
16,42508;;;-42,9444069
16,42558;;;-36,84051875
16,42608;;;-31,041825
16,42658;;;-29,21065856
16,42708;;;-28,60026974
16,42758;;;-25,85352007
16,42808;;;-22,19118718
16,42858;;;-19,44443751
16,42908;;;-14,56132699
16,42958;;;-5,710689162
16,43008;;;4,6659207
16,43058;;;13,82175293
16,43108;;;22,36719635
16,43158;;;31,52302858
16,43208;;;38,84769436
16,43258;;;43,12041607
16,43308;;;45,56197133
16,43358;;;46,78274896
16,43408;;;45,86716574
16,43458;;;42,20483285
16,43508;;;37,62691673
16,43558;;;33,96458384
16,43608;;;30,60744535
16,43658;;;27,25030687
16,43708;;;25,11394602
16,43758;;;22,97758516
16,43808;;;20,5360299
16,43858;;;16,87369701
16,43908;;;12,29578089
16,43958;;;5,276309515
16,44008;;;-4,184717123
16,44058;;;-14,86652139
16,44108;;;-22,80157599
16,44158;;;-29,21065856
16,44208;;;-35,31454671
16,44258;;;-41,11324046
16,44308;;;-44,47037894
16,44358;;;-45,08076776
16,44408;;;-43,24960131
16,44458;;;-39,28207401
16,44508;;;-34,70415789
16,44558;;;-32,26260263
16,44608;;;-28,90546415
16,44658;;;-19,44443751
16,44708;;;-6,321077977
16,44758;;;-2,04835627
16,44808;;;-10,59379969
16,44858;;;-19,74963192
16,44908;;;-16,08729902
16,44958;;;-2,658745085
16,45008;;;8,023059185
16,45057;;;14,12694734
16,45107;;;22,36719635
16,45157;;;33,04900062
16,45207;;;40,67886081
16,45257;;;43,73080489
16,45307;;;46,47755455
16,45357;;;48,91910982
16,45407;;;47,39313778
16,45457;;;42,20483285
16,45507;;;37,62691673
16,45557;;;34,57497265
16,45607;;;29,99705654
16,45657;;;25,41914042
16,45707;;;23,58797398
16,45757;;;23,28277957
16,45807;;;20,23083549
16,45857;;;15,04253056
16,45907;;;10,76980885
16,45957;;;5,886698331
16,46007;;;-3,2691339
16,46057;;;-15,47691021
16,46107;;;-23,71715922
16,46157;;;-27,98988092
16,46207;;;-33,48338026
16,46257;;;-40,50285164
16,46307;;;-44,16518453
16,46357;;;-42,9444069
16,46407;;;-40,80804605
16,46457;;;-38,67168519
16,46507;;;-33,78857467
16,46557;;;-26,46390889
16,46607;;;-22,19118718
16,46657;;;-21,88599277
16,46707;;;-20,97040955
16,46757;;;-17,61327106
16,46807;;;-14,86652139
16,46857;;;-13,03535495
16,46907;;;-7,847050016
16,46957;;;1,613976623
16,47007;;;11,38019767
16,47057;;;19,01005786
16,47107;;;26,94511246
16,47157;;;36,71133351
16,47207;;;44,3411937
16,47257;;;48,00352659
16,47307;;;50,75027626
16,47357;;;52,58144271
16,47407;;;50,75027626
16,47457;;;44,64638811
16,47507;;;38,84769436
16,47557;;;36,10094469
16,47607;;;33,65938943
16,47657;;;29,69186213
16,47707;;;26,94511246
16,47757;;;25,72433483
16,47807;;;22,97758516
16,47857;;;16,5685026
16,47907;;;10,15942004
16,47957;;;4,360726292
16,48007;;;-4,184717123
16,48057;;;-16,69768784
16,48107;;;-26,76910329
16,48157;;;-32,26260263
16,48207;;;-37,45090756
16,48257;;;-45,08076776
16,48307;;;-50,8794615
16,48357;;;-50,57426709
16,48407;;;-47,21712861
16,48457;;;-44,47037894
16,48507;;;-41,11324046
16,48557;;;-35,61974112
16,48607;;;-31,34701941
16,48657;;;-30,12624178
16,48707;;;-28,29507533
16,48757;;;-24,32754803
16,48807;;;-20,05482632
16,48857;;;-17,91846547
16,48907;;;-13,95093817
16,48957;;;-5,405494754
16,49007;;;4,055531884
16,49057;;;12,6009753
16,49107;;;20,84122431
16,49157;;;30,60744535
16,49207;;;39,15288877
16,49257;;;43,73080489
16,49307;;;46,47755455
16,49357;;;48,61391541
16,49407;;;47,69833219
16,49457;;;42,51002725
16,49507;;;36,71133351
16,49557;;;33,35419502
16,49607;;;30,60744535
16,49657;;;26,94511246
16,49707;;;23,58797398
16,49757;;;22,36719635
16,49807;;;19,92564108
16,49857;;;14,73733615
16,49907;;;8,328253592
16,49957;;;1,919171031
16,50007;;;-6,626272385
16,50057;;;-18,22365988
16,50107;;;-28,29507533
16,50157;;;-33,78857467
16,50207;;;-38,06129638
16,50257;;;-44,47037894
16,50307;;;-49,65868387
16,50357;;;-49,35348946
16,50407;;;-45,38596216
16,50457;;;-42,02882368
16,50507;;;-38,9768796
16,50557;;;-33,78857467
16,50607;;;-28,29507533
16,50656;;;-26,15871448
16,50706;;;-26,15871448
16,50756;;;-23,41196481
16,50806;;;-17,61327106
16,50856;;;-13,03535495
16,50906;;;-11,50938291
16,50956;;;-6,01588357
16,51006;;;8,633448
16,51056;;;28,16589009
16,51106;;;40,67886081
16,51156;;;40,67886081
16,51206;;;36,71133351
16,51256;;;38,54249995
16,51306;;;44,64638811
16,51356;;;47,08794337
16,51406;;;43,12041607
16,51456;;;38,23730555
16,51506;;;35,49055588
16,51556;;;32,4386118
16,51606;;;27,55550128
16,51656;;;23,89316839
16,51706;;;23,28277957
16,51756;;;22,06200194
16,51806;;;17,78928023
16,51856;;;12,6009753
16,51906;;;9,243836815
16,51956;;;3,445143069
16,52006;;;-7,541855608
16,52056;;;-19,74963192
16,52106;;;-27,37949211
16,52156;;;-32,26260263
16,52206;;;-39,58726842
16,52256;;;-47,82751742
16,52306;;;-50,8794615
16,52356;;;-49,04829506
16,52406;;;-47,21712861
16,52456;;;-46,30154539
16,52506;;;-42,02882368
16,52556;;;-34,39896349
16,52606;;;-29,51585296
16,52656;;;-28,60026974
16,52706;;;-26,76910329
16,52756;;;-22,49638159
16,52806;;;-18,83404869
16,52856;;;-17,00288225
16,52906;;;-12,42496613
16,52956;;;-2,353550677
16,53006;;;8,328253592
16,53056;;;17,48408582
16,53106;;;25,72433483
16,53156;;;34,88016706
16,53206;;;43,12041607
16,53256;;;48,308721
16,53306;;;51,66585949
16,53356;;;53,19183152
16,53406;;;52,2762483
16,53456;;;48,00352659
16,53506;;;43,12041607
16,53556;;;38,84769436
16,53606;;;34,26977825
16,53656;;;30,30225095
16,53706;;;28,4710845
16,53756;;;27,55550128
16,53806;;;24,80875161
16,53856;;;20,23083549
16,53906;;;15,34772497
16,53956;;;8,938642408
16,54006;;;-0,8275786388
16,54056;;;-13,34054935
16,54106;;;-22,49638159
16,54156;;;-27,98988092
16,54206;;;-34,09376908
16,54256;;;-41,11324046
16,54306;;;-44,47037894
16,54356;;;-42,63921249
16,54406;;;-39,89246282
16,54456;;;-38,06129638
16,54506;;;-34,39896349
16,54556;;;-28,90546415
16,54606;;;-24,93793685
16,54656;;;-24,02235362
16,54706;;;-22,19118718
16,54756;;;-18,22365988
16,54806;;;-13,95093817
16,54856;;;-11,50938291
16,54906;;;-6,931466793
16,54956;;;1,003587807
16,55006;;;10,15942004
16,55056;;;18,70486345
16,55106;;;27,55550128
16,55156;;;37,01652792
16,55206;;;44,03599929
16,55256;;;47,69833219
16,55306;;;50,13988745
16,55356;;;51,36066508
16,55406;;;49,22430422
16,55456;;;43,73080489
16,55506;;;38,84769436
16,55556;;;36,4061391
16,55606;;;33,04900062
16,55656;;;28,16589009
16,55706;;;24,5035572
16,55756;;;22,36719635
16,55806;;;18,70486345
16,55856;;;12,6009753
16,55906;;;7,412670369
16,55956;;;1,919171031
16,56006;;;-7,541855608
16,56056;;;-20,66521514
16,56106;;;-30,43143619
16,56156;;;-35,92493552
16,56206;;;-42,02882368
16,56256;;;-50,57426709
16,56305;;;-55,45737762
16,56355;;;-54,54179439
16,56405;;;-51,18465591
16,56455;;;-48,43790624
16,56505;;;-44,47037894
16,56555;;;-38,9768796
16,56605;;;-36,23012993
16,56655;;;-35,92493552
16,56705;;;-33,78857467
16,56755;;;-28,29507533
16,56805;;;-24,93793685
16,56855;;;-24,32754803
16,56905;;;-19,44443751
16,56955;;;-7,541855608
16,57005;;;3,139948661
16,57055;;;8,633448
16,57105;;;15,34772497
16,57155;;;26,94511246
16,57205;;;37,32172232
16,57255;;;39,15288877
16,57305;;;38,84769436
16,57355;;;45,25677692
16,57405;;;53,49702593
16,57455;;;50,75027626
16,57505;;;35,79575029
16,57555;;;21,14641872
16,57605;;;16,5685026
16,57655;;;18,09447464
16,57705;;;17,48408582
16,57755;;;13,21136412
16,57805;;;8,938642408
16,57855;;;6,191892738
16,57905;;;2,529559846
16,57955;;;-5,100300347
16,58005;;;-16,39249343
16,58055;;;-26,46390889
16,58105;;;-33,17818586
16,58155;;;-38,9768796
16,58205;;;-45,38596216
16,58255;;;-51,48985032
16,58305;;;-54,54179439
16,58355;;;-54,54179439
16,58405;;;-52,40543354
16,58455;;;-48,43790624
16,58505;;;-42,33401809
16,58555;;;-36,53532434
16,58605;;;-33,78857467
16,58655;;;-31,95740822
16,58705;;;-28,60026974
16,58755;;;-24,63274244
16,58805;;;-22,80157599
16,58855;;;-20,66521514
16,58905;;;-14,25613258
16,58955;;;-4,795105939
16,59005;;;3,750337477
16,59055;;;11,38019767
16,59105;;;20,84122431
16,59155;;;31,21783417
16,59205;;;38,54249995
16,59255;;;42,51002725
16,59305;;;45,86716574
16,59355;;;47,39313778
16,59405;;;44,64638811
16,59455;;;38,84769436
16,59505;;;34,26977825
16,59555;;;31,82822299
16,59605;;;28,4710845
16,59655;;;24,80875161
16,59705;;;22,97758516
16,59755;;;21,75680753
16,59805;;;18,39966905
16,59855;;;13,82175293
16,59905;;;10,15942004
16,59955;;;4,360726292
16,60005;;;-5,710689162
16,60055;;;-17,30807665
16,60105;;;-25,24313125
16,60155;;;-30,12624178
16,60205;;;-36,84051875
16,60255;;;-44,47037894
16,60305;;;-47,21712861
16,60355;;;-45,38596216
16,60405;;;-42,63921249
16,60455;;;-40,19765723
16,60505;;;-35,31454671
16,60555;;;-29,21065856
16,60605;;;-25,85352007
16,60655;;;-24,02235362
16,60705;;;-20,36002073
16,60755;;;-15,47691021
16,60805;;;-13,64574376
16,60855;;;-13,34054935
16,60905;;;-7,847050016
16,60955;;;3,139948661
16,61005;;;13,82175293
16,61055;;;21,14641872
16,61105;;;28,77627891
16,61155;;;37,93211114
16,61205;;;44,95158252
16,61255;;;48,91910982
16,61305;;;51,36066508
16,61355;;;52,58144271
16,61405;;;50,13988745
16,61455;;;44,64638811
16,61505;;;40,06847199
16,61555;;;36,71133351
16,61605;;;33,35419502
16,61655;;;28,77627891
16,61705;;;26,02952924
16,61755;;;24,19836279
16,61805;;;20,23083549
16,61855;;;14,73733615
16,61904;;;9,549031223
16,61954;;;3,445143069
16,62004;;;-5,710689162
16,62054;;;-16,69768784
16,62104;;;-24,63274244
16,62154;;;-30,43143619
16,62204;;;-37,45090756
16,62254;;;-45,08076776
16,62304;;;-47,82751742
16,62354;;;-46,30154539
16,62404;;;-44,47037894
16,62454;;;-43,24960131
16,62504;;;-38,9768796
16,62554;;;-32,26260263
16,62604;;;-27,68468652
16,62654;;;-26,76910329
16,62704;;;-24,93793685
16,62754;;;-20,36002073
16,62804;;;-17,00288225
16,62854;;;-14,86652139
16,62904;;;-9,678216462
16,62954;;;-0,5223842311
16,63004;;;9,243836815
16,63054;;;17,48408582
16,63104;;;26,33472365
16,63154;;;36,4061391
16,63204;;;43,42561048
16,63254;;;47,08794337
16,63304;;;50,13988745
16,63354;;;52,2762483
16,63404;;;49,52949863
16,63454;;;42,81522166
16,63504;;;38,84769436
16,63554;;;38,23730555
16,63604;;;34,88016706
16,63654;;;26,94511246
16,63704;;;22,97758516
16,63754;;;28,77627891
16,63804;;;35,79575029
16,63854;;;32,13341739
16,63904;;;17,48408582
16,63954;;;1,308782215
16,64004;;;-9,067827647
16,64054;;;-16,69768784
16,64104;;;-23,71715922
16,64154;;;-31,34701941
16,64204;;;-38,67168519
16,64254;;;-44,47037894
16,64304;;;-46,9119342
16,64354;;;-46,30154539
16,64404;;;-44,16518453
16,64454;;;-40,50285164
16,64504;;;-35,31454671
16,64554;;;-29,51585296
16,64604;;;-26,15871448
16,64654;;;-23,71715922
16,64704;;;-20,05482632
16,64754;;;-15,47691021
16,64804;;;-12,11977172
16,64854;;;-9,98341087
16,64904;;;-4,489911531
16,64954;;;4,6659207
16,65004;;;14,43214175
16,65054;;;23,58797398
16,65104;;;33,04900062
16,65154;;;42,81522166
16,65204;;;50,13988745
16,65254;;;54,41260916
16,65304;;;56,85416442
16,65354;;;57,76974764
16,65404;;;55,32819238
16,65454;;;50,13988745
16,65504;;;45,56197133
16,65554;;;42,20483285
16,65604;;;38,84769436
16,65654;;;36,10094469
16,65704;;;34,26977825
16,65754;;;32,4386118
16,65804;;;28,4710845
16,65854;;;23,28277957
16,65904;;;18,09447464
16,65954;;;10,76980885
16,66004;;;-0,2171898234
16,66054;;;-11,50938291
16,66104;;;-19,1392431
16,66154;;;-24,93793685
16,66204;;;-33,17818586
16,66254;;;-41,11324046
16,66304;;;-43,85999012
16,66354;;;-42,33401809
16,66404;;;-40,80804605
16,66454;;;-39,28207401
16,66504;;;-34,39896349
16,66554;;;-28,60026974
16,66604;;;-26,46390889
16,66654;;;-26,15871448
16,66704;;;-23,41196481
16,66754;;;-18,83404869
16,66804;;;-16,69768784
16,66854;;;-15,1717158
16,66904;;;-9,98341087
16,66954;;;-1,132773046
16,67004;;;7,107475961
16,67054;;;14,73733615
16,67104;;;23,89316839
16,67154;;;33,65938943
16,67204;;;40,98405522
16,67254;;;44,95158252
16,67304;;;48,00352659
16,67354;;;49,52949863
16,67404;;;46,47755455
16,67454;;;40,67886081
16,67504;;;35,79575029
16,67553;;;32,13341739
16,67603;;;27,55550128
16,67653;;;23,58797398
16,67703;;;22,36719635
16,67753;;;21,75680753
16,67803;;;17,17889142
16,67853;;;10,46461445
16,67903;;;4,971115108
16,67953;;;-0,5223842311
16,68003;;;-10,28860528
16,68053;;;-21,88599277
16,68103;;;-30,12624178
16,68153;;;-35,31454671
16,68203;;;-42,02882368
16,68253;;;-49,96387828
16,68303;;;-54,23659999
16,68353;;;-53,32101676
16,68403;;;-50,8794615
16,68453;;;-48,43790624
16,68503;;;-43,55479572
16,68553;;;-38,06129638
16,68603;;;-35,0093523
16,68653;;;-34,39896349
16,68703;;;-31,65221382
16,68753;;;-26,76910329
16,68803;;;-23,71715922
16,68853;;;-21,88599277
16,68903;;;-17,30807665
16,68953;;;-7,847050016
16,69003;;;2,224365438
16,69053;;;11,07500326
16,69103;;;19,62044668
16,69153;;;28,4710845
16,69203;;;36,10094469
16,69253;;;40,3736664
16,69303;;;42,51002725
16,69353;;;42,51002725
16,69403;;;40,06847199
16,69453;;;34,88016706
16,69503;;;29,69186213
16,69553;;;25,72433483
16,69603;;;23,28277957
16,69653;;;20,84122431
16,69703;;;18,09447464
16,69753;;;16,26330819
16,69803;;;13,82175293
16,69853;;;9,854225631
16,69903;;;4,055531884
16,69953;;;-2,963939493
16,70003;;;-11,2041885
16,70053;;;-21,58079836
16,70103;;;-32,26260263
16,70153;;;-39,28207401
16,70203;;;-39,28207401
16,70253;;;-35,31454671
16,70303;;;-36,23012993
16,70353;;;-45,69115657
16,70403;;;-54,8469888
16,70453;;;-53,01582236
16,70503;;;-42,63921249
16,70553;;;-35,31454671
16,70603;;;-35,31454671
16,70653;;;-34,70415789
16,70703;;;-28,90546415
16,70753;;;-23,1067704
16,70803;;;-21,88599277
16,70853;;;-20,36002073
16,70903;;;-12,73016054
16,70953;;;-2,04835627
16,71003;;;5,276309515
16,71053;;;11,68539208
16,71103;;;22,06200194
16,71153;;;33,35419502
16,71203;;;40,06847199
16,71253;;;41,28924962
16,71303;;;42,81522166
16,71353;;;46,47755455
16,71403;;;48,00352659
16,71453;;;44,95158252
16,71503;;;39,45808318
16,71553;;;34,88016706
16,71603;;;31,82822299
16,71653;;;29,99705654
16,71703;;;29,08147332
16,71753;;;27,25030687
16,71803;;;24,19836279
16,71853;;;19,92564108
16,71903;;;14,73733615
16,71953;;;6,802281554
16,72003;;;-3,879522716
16,72053;;;-13,64574376
16,72103;;;-20,66521514
16,72153;;;-27,0742977
16,72203;;;-35,61974112
16,72253;;;-42,33401809
16,72303;;;-43,85999012
16,72353;;;-42,02882368
16,72403;;;-40,50285164
16,72453;;;-38,36649079
16,72503;;;-33,17818586
16,72553;;;-27,0742977
16,72603;;;-24,02235362
16,72653;;;-23,41196481
16,72703;;;-20,97040955
16,72753;;;-17,00288225
16,72803;;;-13,64574376
16,72853;;;-10,59379969
16,72903;;;-4,795105939
16,72953;;;3,139948661
16,73003;;;11,99058648
16,73053;;;20,5360299
16,73103;;;30,30225095
16,73152;;;38,84769436
16,73202;;;44,64638811
16,73252;;;48,308721
16,73302;;;51,05547067
16,73352;;;51,36066508
16,73402;;;46,78274896
16,73452;;;40,3736664
16,73502;;;35,49055588
16,73552;;;31,82822299
16,73602;;;27,86069569
16,73652;;;24,19836279
16,73702;;;22,06200194
16,73752;;;19,31525227
16,73802;;;13,82175293
16,73852;;;8,023059185
16,73902;;;2,834754254
16,73952;;;-3,879522716
16,74002;;;-14,56132699
16,74052;;;-25,24313125
16,74102;;;-32,26260263
16,74152;;;-37,75610197
16,74202;;;-45,38596216
16,74252;;;-53,32101676
16,74302;;;-56,98334966
16,74352;;;-56,37296084
16,74402;;;-54,54179439
16,74452;;;-51,48985032
16,74502;;;-46,30154539
16,74552;;;-41,41843486
16,74602;;;-38,9768796
16,74652;;;-37,14571316
16,74702;;;-33,48338026
16,74752;;;-28,90546415
16,74802;;;-25,85352007
16,74852;;;-22,80157599
16,74902;;;-17,00288225
16,74952;;;-7,847050016
16,75002;;;1,308782215
16,75052;;;11,07500326
16,75102;;;20,23083549
16,75152;;;28,4710845
16,75202;;;35,49055588
16,75252;;;41,89963844
16,75302;;;45,56197133
16,75352;;;44,3411937
16,75402;;;39,76327759
16,75452;;;35,18536147
16,75502;;;32,13341739
16,75552;;;28,16589009
16,75602;;;24,19836279
16,75652;;;22,36719635
16,75702;;;22,06200194
16,75752;;;19,31525227
16,75802;;;14,43214175
16,75852;;;10,76980885
16,75902;;;7,717864777
16,75952;;;0,08800458433
16,76002;;;-12,11977172
16,76052;;;-22,19118718
16,76102;;;-28,90546415
16,76152;;;-35,92493552
16,76202;;;-44,77557335
16,76252;;;-50,26907269
16,76302;;;-51,18465591
16,76352;;;-50,8794615
16,76402;;;-49,35348946
16,76452;;;-42,9444069
16,76502;;;-35,0093523
16,76552;;;-32,26260263
16,76602;;;-32,87299145
16,76652;;;-29,51585296
16,76702;;;-23,1067704
16,76752;;;-21,88599277
16,76802;;;-22,49638159
16,76852;;;-13,95093817
16,76902;;;3,750337477
16,76952;;;15,34772497
16,77002;;;13,21136412
16,77052;;;10,46461445
16,77102;;;18,70486345
16,77152;;;32,4386118
16,77202;;;39,45808318
16,77252;;;41,89963844
16,77302;;;45,56197133
16,77352;;;48,00352659
16,77402;;;44,3411937
16,77452;;;38,23730555
16,77502;;;35,49055588
16,77552;;;33,35419502
16,77602;;;28,4710845
16,77652;;;24,19836279
16,77702;;;24,19836279
16,77752;;;24,5035572
16,77802;;;19,31525227
16,77852;;;12,29578089
16,77902;;;8,328253592
16,77952;;;3,750337477
16,78002;;;-6,626272385
16,78052;;;-19,1392431
16,78102;;;-27,0742977
16,78152;;;-32,56779704
16,78202;;;-40,19765723
16,78252;;;-47,21712861
16,78302;;;-47,82751742
16,78352;;;-44,16518453
16,78402;;;-43,85999012
16,78452;;;-45,08076776
16,78502;;;-41,11324046
16,78552;;;-32,26260263
16,78602;;;-26,76910329
16,78652;;;-26,46390889
16,78702;;;-25,24313125
16,78752;;;-20,97040955
16,78801;;;-17,30807665
16,78851;;;-16,08729902
16,78901;;;-12,42496613
16,78951;;;-5,100300347
16,79001;;;2,529559846
16,79051;;;9,854225631
16,79101;;;19,01005786
16,79151;;;29,99705654
16,79201;;;38,54249995
16,79251;;;44,03599929
16,79301;;;48,91910982
16,79351;;;53,19183152
16,79401;;;52,88663712
16,79451;;;47,69833219
16,79501;;;43,12041607
16,79551;;;40,98405522
16,79601;;;37,62691673
16,79651;;;32,13341739
16,79701;;;29,08147332
16,79751;;;29,08147332
16,79801;;;27,86069569
16,79851;;;22,67239075
16,79901;;;18,09447464
16,79951;;;15,04253056
16,80001;;;8,328253592
16,80051;;;-3,2691339
16,80101;;;-13,95093817
16,80151;;;-19,74963192
16,80201;;;-25,85352007
16,80251;;;-35,61974112
16,80301;;;-42,63921249
16,80351;;;-42,9444069
16,80401;;;-40,19765723
16,80451;;;-39,58726842
16,80501;;;-37,75610197
16,80551;;;-31,95740822
16,80601;;;-25,54832566
16,80651;;;-23,41196481
16,80701;;;-22,80157599
16,80751;;;-18,83404869
16,80801;;;-13,95093817
16,80851;;;-12,42496613
16,80901;;;-10,59379969
16,80951;;;-3,879522716
16,81001;;;5,581503923
16,81051;;;13,82175293
16,81101;;;21,14641872
16,81151;;;30,91263976
16,81201;;;40,3736664
16,81251;;;46,47755455
16,81301;;;50,13988745
16,81351;;;54,10741475
16,81401;;;55,32819238
16,81451;;;51,36066508
16,81501;;;46,47755455
16,81551;;;43,42561048
16,81601;;;40,3736664
16,81651;;;35,18536147
16,81701;;;31,52302858
16,81751;;;31,82822299
16,81801;;;31,52302858
16,81851;;;26,02952924
16,81901;;;18,70486345
16,81951;;;13,21136412
16,82001;;;6,191892738
16,82051;;;-5,405494754
16,82101;;;-17,30807665
16,82151;;;-24,02235362
16,82201;;;-29,21065856
16,82251;;;-38,06129638
16,82301;;;-45,99635098
16,82351;;;-47,21712861
16,82401;;;-44,16518453
16,82451;;;-42,63921249
16,82501;;;-41,11324046
16,82551;;;-35,0093523
16,82601;;;-28,90546415
16,82651;;;-27,37949211
16,82701;;;-26,76910329
16,82751;;;-22,19118718
16,82801;;;-17,00288225
16,82851;;;-16,08729902
16,82901;;;-14,25613258
16,82951;;;-5,710689162
16,83001;;;3,750337477
16,83051;;;8,633448
16,83101;;;14,73733615
16,83151;;;31,82822299
16,83201;;;51,97105389
16,83251;;;58,99052527
16,83301;;;51,97105389
16,83351;;;44,95158252
16,83401;;;45,25677692
16,83451;;;45,56197133
16,83501;;;40,3736664
16,83551;;;33,96458384
16,83601;;;31,21783417
16,83651;;;29,38666772
16,83701;;;26,33472365
16,83751;;;23,58797398
16,83801;;;21,14641872
16,83851;;;16,87369701
16,83901;;;11,38019767
16,83951;;;6,802281554
16,84001;;;0,08800458433
16,84051;;;-10,59379969
16,84101;;;-22,49638159
16,84151;;;-30,12624178
16,84201;;;-35,61974112
16,84251;;;-43,24960131
16,84301;;;-50,26907269
16,84351;;;-51,48985032
16,84400;;;-49,04829506
16,84450;;;-46,60673979
16,84500;;;-44,16518453
16,84550;;;-38,67168519
16,84600;;;-33,48338026
16,84650;;;-31,95740822
16,84700;;;-30,73663059
16,84750;;;-25,85352007
16,84800;;;-20,97040955
16,84850;;;-19,74963192
16,84900;;;-18,22365988
16,84950;;;-9,98341087
16,85000;;;1,003587807
16,85050;;;9,549031223
16,85100;;;15,65291938
16,85150;;;24,5035572
16,85200;;;34,88016706
16,85250;;;41,59444403
16,85300;;;45,56197133
16,85350;;;49,83469304
16,85400;;;51,66585949
16,85450;;;47,69833219
16,85500;;;40,67886081
16,85550;;;36,4061391
16,85600;;;34,26977825
16,85650;;;30,30225095
16,85700;;;26,33472365
16,85750;;;25,72433483
16,85800;;;25,41914042
16,85850;;;21,14641872
16,85900;;;14,73733615
16,85950;;;8,938642408
16,86000;;;2,224365438
16,86050;;;-7,847050016
16,86100;;;-18,83404869
16,86150;;;-26,76910329
16,86200;;;-33,48338026
16,86250;;;-42,9444069
16,86300;;;-50,8794615
16,86350;;;-52,40543354
16,86400;;;-49,96387828
16,86450;;;-47,82751742
16,86500;;;-45,69115657
16,86550;;;-39,89246282
16,86600;;;-34,09376908
16,86650;;;-31,65221382
16,86700;;;-31,041825
16,86750;;;-27,98988092
16,86800;;;-23,1067704
16,86850;;;-20,66521514
16,86900;;;-18,52885429
16,86950;;;-11,81457732
16,87000;;;-1,743161862
16,87050;;;7,107475961
16,87100;;;15,04253056
16,87150;;;24,19836279
16,87200;;;33,04900062
16,87250;;;39,76327759
16,87300;;;44,03599929
16,87350;;;47,08794337
16,87400;;;47,08794337
16,87450;;;43,12041607
16,87500;;;37,93211114
16,87550;;;34,26977825
16,87600;;;30,91263976
16,87650;;;26,63991805
16,87700;;;23,89316839
16,87750;;;23,28277957
16,87800;;;21,45161312
16,87850;;;16,26330819
16,87900;;;10,76980885
16,87950;;;7,412670369
16,88000;;;1,308782215
16,88050;;;-9,98341087
16,88100;;;-21,58079836
16,88150;;;-28,29507533
16,88200;;;-33,17818586
16,88250;;;-41,11324046
16,88300;;;-49,65868387
16,88350;;;-51,48985032
16,88400;;;-48,43790624
16,88450;;;-45,99635098
16,88500;;;-43,85999012
16,88550;;;-38,67168519
16,88600;;;-32,26260263
16,88650;;;-29,82104737
16,88700;;;-29,51585296
16,88750;;;-26,15871448
16,88800;;;-20,97040955
16,88850;;;-18,83404869
16,88900;;;-17,30807665
16,88950;;;-10,28860528
16,89000;;;1,003587807
16,89050;;;9,549031223
16,89100;;;15,65291938
16,89150;;;25,11394602
16,89200;;;37,62691673
16,89250;;;44,3411937
16,89300;;;44,3411937
16,89350;;;47,69833219
16,89400;;;58,07494205
16,89450;;;63,87363579
16,89500;;;55,32819238
16,89550;;;38,84769436
16,89600;;;28,16589009
16,89650;;;26,33472365
16,89700;;;26,63991805
16,89750;;;24,19836279
16,89800;;;19,62044668
16,89850;;;15,65291938
16,89900;;;11,68539208
16,89950;;;6,802281554
16,90000;;;-0,5223842311
16,90049;;;-10,89899409
16,90099;;;-20,97040955
16,90149;;;-28,60026974
16,90199;;;-35,31454671
16,90249;;;-42,63921249
16,90299;;;-49,35348946
16,90349;;;-52,10023913
16,90399;;;-50,26907269
16,90449;;;-46,9119342
16,90499;;;-43,24960131
16,90549;;;-38,9768796
16,90599;;;-34,70415789
16,90649;;;-31,65221382
16,90699;;;-29,51585296
16,90749;;;-27,0742977
16,90799;;;-24,32754803
16,90849;;;-21,88599277
16,90899;;;-18,22365988
16,90949;;;-11,81457732
16,90999;;;-3,2691339
16,91049;;;5,276309515
16,91099;;;14,43214175
16,91149;;;23,89316839
16,91199;;;31,82822299
16,91249;;;37,93211114
16,91299;;;43,42561048
16,91349;;;47,08794337
16,91399;;;46,17236015
16,91449;;;41,28924962
16,91499;;;37,01652792
16,91549;;;34,57497265
16,91599;;;31,82822299
16,91649;;;27,55550128
16,91699;;;24,5035572
16,91749;;;23,58797398
16,91799;;;21,45161312
16,91849;;;16,5685026
16,91899;;;12,29578089
16,91949;;;8,328253592
16,91999;;;1,003587807
16,92049;;;-10,89899409
16,92099;;;-21,88599277
16,92149;;;-27,98988092
16,92199;;;-33,78857467
16,92249;;;-42,33401809
16,92299;;;-49,65868387
16,92349;;;-50,8794615
16,92399;;;-48,43790624
16,92449;;;-46,30154539
16,92499;;;-42,9444069
16,92549;;;-36,53532434
16,92599;;;-30,73663059
16,92649;;;-28,29507533
16,92699;;;-26,76910329
16,92749;;;-22,80157599
16,92799;;;-18,52885429
16,92849;;;-16,39249343
16,92899;;;-13,95093817
16,92949;;;-7,541855608
16,92999;;;1,613976623
16,93049;;;11,07500326
16,93099;;;20,23083549
16,93149;;;29,69186213
16,93199;;;38,54249995
16,93249;;;44,95158252
16,93299;;;49,83469304
16,93349;;;53,19183152
16,93399;;;52,2762483
16,93449;;;46,78274896
16,93499;;;41,59444403
16,93549;;;38,54249995
16,93599;;;35,49055588
16,93649;;;30,60744535
16,93699;;;26,63991805
16,93749;;;24,5035572
16,93799;;;22,06200194
16,93849;;;17,17889142
16,93899;;;12,29578089
16,93949;;;8,023059185
16,93999;;;1,003587807
16,94049;;;-9,678216462
16,94099;;;-20,05482632
16,94149;;;-27,0742977
16,94199;;;-34,39896349
16,94249;;;-43,85999012
16,94299;;;-51,18465591
16,94349;;;-52,10023913
16,94399;;;-48,74310065
16,94449;;;-46,30154539
16,94499;;;-43,55479572
16,94549;;;-38,36649079
16,94599;;;-32,87299145
16,94649;;;-30,43143619
16,94699;;;-29,51585296
16,94749;;;-26,76910329
16,94799;;;-23,1067704
16,94849;;;-20,36002073
16,94899;;;-17,30807665
16,94949;;;-10,59379969
16,94999;;;-1,437967454
16,95049;;;8,023059185
16,95099;;;17,78928023
16,95149;;;28,16589009
16,95199;;;36,4061391
16,95249;;;42,20483285
16,95299;;;47,69833219
16,95349;;;53,19183152
16,95399;;;53,49702593
16,95449;;;47,08794337
16,95499;;;40,3736664
16,95549;;;37,93211114
16,95599;;;36,71133351
16,95648;;;31,52302858
16,95698;;;26,63991805
16,95748;;;25,72433483
16,95798;;;25,11394602
16,95848;;;19,62044668
16,95898;;;12,90616971
16,95948;;;9,549031223
16,95998;;;5,276309515
16,96048;;;-7,236661201
16,96098;;;-22,49638159
16,96148;;;-27,0742977
16,96198;;;-22,19118718
16,96248;;;-22,80157599
16,96298;;;-35,92493552
16,96348;;;-50,57426709
16,96398;;;-54,54179439
16,96448;;;-49,65868387
16,96498;;;-43,55479572
16,96548;;;-39,58726842
16,96598;;;-36,23012993
16,96648;;;-32,87299145
16,96698;;;-30,43143619
16,96748;;;-27,98988092
16,96798;;;-24,93793685
16,96848;;;-20,97040955
16,96898;;;-17,00288225
16,96948;;;-11,50938291
16,96998;;;-3,574328308
16,97048;;;6,191892738
16,97098;;;16,5685026
16,97148;;;26,02952924
16,97198;;;33,96458384
16,97248;;;40,67886081
16,97298;;;45,86716574
16,97348;;;48,91910982
16,97398;;;47,39313778
16,97448;;;43,12041607
16,97498;;;39,15288877
16,97548;;;36,71133351
16,97598;;;33,65938943
16,97648;;;29,99705654
16,97698;;;27,55550128
16,97748;;;26,63991805
16,97798;;;23,89316839
16,97848;;;18,39966905
16,97898;;;13,82175293
16,97948;;;10,46461445
16,97998;;;4,055531884
16,98048;;;-6,931466793
16,98098;;;-17,61327106
16,98148;;;-24,63274244
16,98198;;;-31,65221382
16,98248;;;-41,11324046
16,98298;;;-48,13271183
16,98348;;;-49,04829506
16,98398;;;-46,60673979
16,98448;;;-44,16518453
16,98498;;;-40,80804605
16,98548;;;-34,70415789
16,98598;;;-29,21065856
16,98648;;;-26,76910329
16,98698;;;-25,24313125
16,98748;;;-21,27560395
16,98798;;;-17,61327106
16,98848;;;-15,78210462
16,98898;;;-13,03535495
16,98948;;;-6,321077977
16,98998;;;2,224365438
16,99048;;;10,76980885
16,99098;;;19,31525227
16,99148;;;28,77627891
16,99198;;;37,62691673
16,99248;;;43,73080489
16,99298;;;48,91910982
16,99348;;;52,88663712
16,99398;;;52,2762483
16,99448;;;47,39313778
16,99498;;;42,20483285
16,99548;;;38,84769436
16,99598;;;35,49055588
16,99648;;;31,21783417
16,99698;;;28,77627891
16,99748;;;28,4710845
16,99798;;;25,72433483
16,99848;;;19,01005786
16,99898;;;12,90616971
16,99948;;;9,243836815
16,99998;;;2,529559846
17,00048;;;-8,762633239
17,00098;;;-19,74963192
17,00148;;;-26,15871448
17,00198;;;-31,65221382
17,00248;;;-40,50285164
17,00298;;;-48,43790624
17,00348;;;-50,26907269
17,00398;;;-47,82751742
17,00448;;;-45,08076776
17,00498;;;-41,72362927
17,00548;;;-36,23012993
17,00598;;;-31,041825
17,00648;;;-28,90546415
17,00698;;;-27,0742977
17,00748;;;-22,80157599
17,00798;;;-19,1392431
17,00848;;;-17,91846547
17,00898;;;-15,47691021
17,00948;;;-9,067827647
17,00998;;;-0,2171898234
17,01048;;;7,107475961
17,01098;;;15,65291938
17,01148;;;26,33472365
17,01198;;;35,79575029
17,01248;;;41,89963844
17,01297;;;46,17236015
17,01347;;;50,44508186
17,01397;;;51,05547067
17,01447;;;46,78274896
17,01497;;;41,59444403
17,01547;;;38,84769436
17,01597;;;35,49055588
17,01647;;;30,30225095
17,01697;;;26,94511246
17,01747;;;27,55550128
17,01797;;;26,02952924
17,01847;;;20,23083549
17,01897;;;14,73733615
17,01947;;;12,90616971
17,01997;;;7,412670369
17,02047;;;-6,931466793
17,02097;;;-20,97040955
17,02147;;;-22,80157599
17,02197;;;-17,91846547
17,02247;;;-21,58079836
17,02297;;;-36,23012993
17,02347;;;-49,65868387
17,02397;;;-52,10023913
17,02447;;;-46,30154539
17,02497;;;-39,89246282
17,02547;;;-35,31454671
17,02597;;;-31,95740822
17,02647;;;-29,21065856
17,02697;;;-26,15871448
17,02747;;;-22,19118718
17,02797;;;-18,52885429
17,02847;;;-16,39249343
17,02897;;;-13,64574376
17,02947;;;-7,541855608
17,02997;;;0,08800458433
17,03047;;;8,023059185
17,03097;;;15,95811378
17,03147;;;25,72433483
17,03197;;;34,57497265
17,03247;;;40,98405522
17,03297;;;44,95158252
17,03347;;;48,00352659
17,03397;;;47,69833219
17,03447;;;43,12041607
17,03497;;;37,62691673
17,03547;;;33,96458384
17,03597;;;30,91263976
17,03647;;;26,94511246
17,03697;;;23,89316839
17,03747;;;22,06200194
17,03797;;;19,01005786
17,03847;;;14,12694734
17,03897;;;9,243836815
17,03947;;;5,886698331
17,03997;;;-0,5223842311
17,04047;;;-11,2041885
17,04097;;;-21,88599277
17,04147;;;-29,21065856
17,04197;;;-36,23012993
17,04247;;;-44,77557335
17,04297;;;-51,18465591
17,04347;;;-51,79504472
17,04397;;;-49,04829506
17,04447;;;-46,30154539
17,04497;;;-42,9444069
17,04547;;;-37,75610197
17,04597;;;-33,48338026
17,04647;;;-31,95740822
17,04697;;;-30,43143619
17,04747;;;-26,46390889
17,04797;;;-22,49638159
17,04847;;;-20,36002073
17,04897;;;-17,30807665
17,04947;;;-9,98341087
17,04997;;;-0,2171898234
17,05047;;;7,717864777
17,05097;;;15,34772497
17,05147;;;24,19836279
17,05197;;;33,35419502
17,05247;;;40,67886081
17,05297;;;46,17236015
17,05347;;;48,308721
17,05397;;;46,17236015
17,05447;;;40,67886081
17,05497;;;36,10094469
17,05547;;;33,96458384
17,05597;;;30,91263976
17,05647;;;26,63991805
17,05697;;;23,89316839
17,05747;;;22,97758516
17,05797;;;20,23083549
17,05847;;;14,73733615
17,05897;;;9,243836815
17,05947;;;4,360726292
17,05997;;;-2,658745085
17,06047;;;-13,03535495
17,06097;;;-23,1067704
17,06147;;;-29,82104737
17,06197;;;-36,23012993
17,06247;;;-44,77557335
17,06297;;;-51,48985032
17,06347;;;-53,32101676
17,06397;;;-51,18465591
17,06447;;;-48,43790624
17,06497;;;-45,08076776
17,06547;;;-39,89246282
17,06597;;;-35,92493552
17,06647;;;-33,78857467
17,06697;;;-31,95740822
17,06747;;;-27,68468652
17,06797;;;-23,71715922
17,06847;;;-21,27560395
17,06896;;;-17,91846547
17,06946;;;-11,2041885
17,06996;;;-2,04835627
17,07046;;;6,497087146
17,07096;;;15,34772497
17,07146;;;24,5035572
17,07196;;;33,04900062
17,07246;;;40,3736664
17,07296;;;46,17236015
17,07346;;;49,22430422
17,07396;;;47,39313778
17,07446;;;42,20483285
17,07496;;;37,93211114
17,07546;;;35,49055588
17,07596;;;31,82822299
17,07646;;;27,86069569
17,07696;;;26,33472365
17,07746;;;26,02952924
17,07796;;;22,36719635
17,07846;;;16,5685026
17,07896;;;13,21136412
17,07946;;;11,07500326
17,07996;;;3,139948661
17,08046;;;-9,373022054
17,08096;;;-20,05482632
17,08146;;;-25,85352007
17,08196;;;-32,87299145
17,08246;;;-42,63921249
17,08296;;;-49,04829506
17,08346;;;-48,74310065
17,08396;;;-47,52232302
17,08446;;;-46,9119342
17,08496;;;-43,24960131
17,08546;;;-35,61974112
17,08596;;;-32,56779704
17,08646;;;-35,31454671
17,08696;;;-32,56779704
17,08746;;;-18,83404869
17,08796;;;-6,321077977
17,08846;;;-6,931466793
17,08896;;;-15,47691021
17,08946;;;-16,08729902
17,08996;;;-6,01588357
17,09046;;;5,581503923
17,09096;;;14,43214175
17,09146;;;22,36719635
17,09196;;;31,82822299
17,09246;;;40,3736664
17,09296;;;46,17236015
17,09346;;;48,91910982
17,09396;;;47,39313778
17,09446;;;43,12041607
17,09496;;;39,15288877
17,09546;;;37,01652792
17,09596;;;34,26977825
17,09646;;;29,99705654
17,09696;;;27,86069569
17,09746;;;27,86069569
17,09796;;;26,33472365
17,09846;;;20,84122431
17,09896;;;15,04253056
17,09946;;;11,07500326
17,09996;;;5,581503923
17,10046;;;-3,879522716
17,10096;;;-14,56132699
17,10146;;;-22,49638159
17,10196;;;-29,82104737
17,10246;;;-38,36649079
17,10296;;;-44,77557335
17,10346;;;-46,30154539
17,10396;;;-43,85999012
17,10446;;;-39,89246282
17,10496;;;-35,31454671
17,10546;;;-30,12624178
17,10596;;;-26,76910329
17,10646;;;-25,54832566
17,10696;;;-23,41196481
17,10746;;;-19,74963192
17,10796;;;-16,69768784
17,10846;;;-14,56132699
17,10896;;;-10,28860528
17,10946;;;-3,574328308
17,10996;;;3,139948661
17,11046;;;10,46461445
17,11096;;;19,92564108
17,11146;;;30,60744535
17,11196;;;39,15288877
17,11246;;;45,25677692
17,11296;;;50,44508186
17,11346;;;53,19183152
17,11396;;;51,05547067
17,11446;;;45,86716574
17,11496;;;42,20483285
17,11546;;;39,76327759
17,11596;;;36,10094469
17,11646;;;31,82822299
17,11696;;;30,30225095
17,11746;;;29,69186213
17,11796;;;26,02952924
17,11846;;;20,5360299
17,11896;;;16,87369701
17,11946;;;13,21136412
17,11996;;;4,971115108
17,12046;;;-6,321077977
17,12096;;;-15,1717158
17,12146;;;-21,27560395
17,12196;;;-29,21065856
17,12246;;;-38,9768796
17,12296;;;-45,38596216
17,12346;;;-45,69115657
17,12396;;;-44,16518453
17,12446;;;-42,63921249
17,12496;;;-38,67168519
17,12545;;;-33,17818586
17,12595;;;-29,82104737
17,12645;;;-28,90546415
17,12695;;;-26,46390889
17,12745;;;-21,88599277
17,12795;;;-18,22365988
17,12845;;;-16,08729902
17,12895;;;-12,11977172
17,12945;;;-5,100300347
17,12995;;;1,919171031
17,13045;;;9,243836815
17,13095;;;18,70486345
17,13145;;;29,38666772
17,13195;;;37,62691673
17,13245;;;43,12041607
17,13295;;;48,61391541
17,13345;;;53,19183152
17,13395;;;52,2762483
17,13445;;;46,47755455
17,13495;;;41,28924962
17,13545;;;38,84769436
17,13595;;;36,4061391
17,13645;;;32,13341739
17,13695;;;29,08147332
17,13745;;;26,63991805
17,13795;;;22,97758516
17,13845;;;17,17889142
17,13895;;;12,6009753
17,13945;;;8,328253592
17,13995;;;1,003587807
17,14045;;;-9,373022054
17,14095;;;-18,83404869
17,14145;;;-25,54832566
17,14195;;;-33,48338026
17,14245;;;-42,9444069
17,14295;;;-48,74310065
17,14345;;;-48,74310065
17,14395;;;-46,60673979
17,14445;;;-44,77557335
17,14495;;;-41,41843486
17,14545;;;-35,61974112
17,14595;;;-31,95740822
17,14645;;;-31,65221382
17,14695;;;-29,82104737
17,14745;;;-24,93793685
17,14795;;;-21,58079836
17,14845;;;-20,97040955
17,14895;;;-17,61327106
17,14945;;;-9,373022054
17,14995;;;-1,437967454
17,15045;;;2,834754254
17,15095;;;10,46461445
17,15145;;;27,25030687
17,15195;;;46,17236015
17,15245;;;54,41260916
17,15295;;;50,75027626
17,15345;;;44,03599929
17,15395;;;40,67886081
17,15445;;;39,45808318
17,15495;;;37,01652792
17,15545;;;32,74380621
17,15595;;;28,4710845
17,15645;;;25,72433483
17,15695;;;24,19836279
17,15745;;;22,06200194
17,15795;;;18,39966905
17,15845;;;13,82175293
17,15895;;;9,854225631
17,15945;;;5,581503923
17,15995;;;-1,743161862
17,16045;;;-12,11977172
17,16095;;;-21,27560395
17,16145;;;-28,60026974
17,16195;;;-36,53532434
17,16245;;;-45,08076776
17,16295;;;-50,57426709
17,16345;;;-51,48985032
17,16395;;;-49,65868387
17,16445;;;-46,30154539
17,16495;;;-40,80804605
17,16545;;;-35,0093523
17,16595;;;-31,34701941
17,16645;;;-29,82104737
17,16695;;;-27,0742977
17,16745;;;-22,80157599
17,16795;;;-19,44443751
17,16845;;;-17,30807665
17,16895;;;-13,64574376
17,16945;;;-7,236661201
17,16995;;;0,08800458433
17,17045;;;8,633448
17,17095;;;18,39966905
17,17145;;;28,16589009
17,17195;;;35,79575029
17,17245;;;41,89963844
17,17295;;;48,00352659
17,17345;;;50,44508186
17,17395;;;47,08794337
17,17445;;;41,28924962
17,17495;;;37,93211114
17,17545;;;36,10094469
17,17595;;;32,4386118
17,17645;;;28,77627891
17,17695;;;27,25030687
17,17745;;;25,72433483
17,17795;;;20,23083549
17,17845;;;13,82175293
17,17895;;;10,15942004
17,17945;;;7,107475961
17,17995;;;-0,5223842311
17,18045;;;-12,11977172
17,18095;;;-21,27560395
17,18144;;;-27,68468652
17,18194;;;-35,92493552
17,18244;;;-45,38596216
17,18294;;;-51,48985032
17,18344;;;-52,40543354
17,18394;;;-50,8794615
17,18444;;;-47,82751742
17,18494;;;-42,9444069
17,18544;;;-37,45090756
17,18594;;;-34,09376908
17,18644;;;-31,95740822
17,18694;;;-28,90546415
17,18744;;;-25,24313125
17,18794;;;-22,49638159
17,18844;;;-19,44443751
17,18894;;;-13,64574376
17,18944;;;-6,931466793
17,18994;;;-0,8275786388
17,19044;;;7,107475961
17,19094;;;17,78928023
17,19144;;;27,55550128
17,19194;;;34,26977825
17,19244;;;40,3736664
17,19294;;;46,78274896
17,19344;;;49,83469304
17,19394;;;46,78274896
17,19444;;;41,89963844
17,19494;;;39,76327759
17,19544;;;37,62691673
17,19594;;;33,35419502
17,19644;;;29,99705654
17,19694;;;29,69186213
17,19744;;;28,77627891
17,19794;;;23,28277957
17,19844;;;16,87369701
17,19894;;;14,12694734
17,19944;;;11,99058648
17,19994;;;4,055531884
17,20044;;;-6,931466793
17,20094;;;-16,08729902
17,20144;;;-22,19118718
17,20194;;;-30,12624178
17,20244;;;-39,58726842
17,20294;;;-45,38596216
17,20344;;;-45,69115657
17,20394;;;-43,85999012
17,20444;;;-41,72362927
17,20494;;;-37,45090756
17,20544;;;-32,56779704
17,20594;;;-29,51585296
17,20644;;;-28,60026974
17,20694;;;-27,0742977
17,20744;;;-24,02235362
17,20794;;;-20,36002073
17,20844;;;-17,00288225
17,20894;;;-12,73016054
17,20944;;;-6,01588357
17,20994;;;1,613976623
17,21044;;;9,549031223
17,21094;;;17,17889142
17,21144;;;25,72433483
17,21194;;;35,49055588
17,21244;;;43,42561048
17,21294;;;46,17236015
17,21344;;;46,47755455
17,21394;;;50,13988745
17,21444;;;56,54897001
17,21494;;;55,63338679
17,21544;;;43,12041607
17,21594;;;28,16589009
17,21644;;;23,28277957
17,21694;;;26,33472365
17,21744;;;25,41914042
17,21794;;;18,09447464
17,21844;;;11,99058648
17,21894;;;10,76980885
17,21944;;;7,412670369
17,21994;;;-2,04835627
17,22044;;;-13,34054935
17,22094;;;-20,66521514
17,22144;;;-27,37949211
17,22194;;;-37,14571316
17,22244;;;-46,30154539
17,22294;;;-50,57426709
17,22344;;;-50,8794615
17,22394;;;-50,57426709
17,22444;;;-48,74310065
17,22494;;;-43,55479572
17,22544;;;-38,36649079
17,22594;;;-35,61974112
17,22644;;;-34,09376908
17,22694;;;-30,43143619
17,22744;;;-26,76910329
17,22794;;;-24,63274244
17,22844;;;-22,19118718
17,22894;;;-17,00288225
17,22944;;;-10,59379969
17,22994;;;-4,184717123
17,23044;;;3,445143069
17,23094;;;14,43214175
17,23144;;;24,80875161
17,23194;;;31,52302858
17,23244;;;37,93211114
17,23294;;;44,95158252
17,23344;;;48,91910982
17,23394;;;45,86716574
17,23444;;;39,45808318
17,23494;;;35,18536147
17,23544;;;32,74380621
17,23594;;;29,08147332
17,23644;;;25,41914042
17,23694;;;23,89316839
17,23744;;;22,06200194
17,23793;;;17,17889142
17,23843;;;11,99058648
17,23893;;;9,549031223
17,23943;;;6,497087146
17,23993;;;-1,437967454
17,24043;;;-12,42496613
17,24093;;;-20,97040955
17,24143;;;-27,98988092
17,24193;;;-37,14571316
17,24243;;;-46,60673979
17,24293;;;-50,57426709
17,24343;;;-49,04829506
17,24393;;;-47,21712861
17,24443;;;-45,38596216
17,24493;;;-40,80804605
17,24543;;;-34,39896349
17,24593;;;-31,34701941
17,24643;;;-30,73663059
17,24693;;;-27,68468652
17,24743;;;-22,19118718
17,24793;;;-19,44443751
17,24843;;;-19,74963192
17,24893;;;-16,69768784
17,24943;;;-8,762633239
17,24993;;;0,393198992
17,25043;;;8,633448
17,25093;;;17,17889142
17,25143;;;26,94511246
17,25193;;;35,79575029
17,25243;;;42,81522166
17,25293;;;48,61391541
17,25343;;;51,66585949
17,25393;;;49,52949863
17,25443;;;44,3411937
17,25493;;;39,45808318
17,25543;;;36,4061391
17,25593;;;32,74380621
17,25643;;;29,38666772
17,25693;;;27,86069569
17,25743;;;26,94511246
17,25793;;;22,67239075
17,25843;;;16,5685026
17,25893;;;11,99058648
17,25943;;;8,023059185
17,25993;;;1,003587807
17,26043;;;-9,067827647
17,26093;;;-18,22365988
17,26143;;;-24,93793685
17,26193;;;-32,56779704
17,26243;;;-41,41843486
17,26293;;;-47,52232302
17,26343;;;-48,74310065
17,26393;;;-46,60673979
17,26443;;;-42,9444069
17,26493;;;-38,06129638
17,26543;;;-33,17818586
17,26593;;;-30,12624178
17,26643;;;-28,29507533
17,26693;;;-25,54832566
17,26743;;;-20,97040955
17,26793;;;-16,69768784
17,26843;;;-13,34054935
17,26893;;;-9,678216462
17,26943;;;-4,184717123
17,26993;;;2,834754254
17,27043;;;11,38019767
17,27093;;;20,84122431
17,27143;;;30,91263976
17,27193;;;40,06847199
17,27243;;;48,00352659
17,27293;;;53,19183152
17,27343;;;55,02299797
17,27393;;;52,88663712
17,27443;;;48,61391541
17,27493;;;43,12041607
17,27543;;;39,15288877
17,27593;;;36,71133351
17,27643;;;34,88016706
17,27693;;;30,60744535
17,27743;;;26,02952924
17,27793;;;26,63991805
17,27843;;;32,4386118
17,27893;;;33,04900062
17,27943;;;20,23083549
17,27993;;;0,6983933997
17,28043;;;-11,50938291
17,28093;;;-15,78210462
17,28143;;;-21,58079836
17,28193;;;-33,17818586
17,28243;;;-43,55479572
17,28293;;;-47,21712861
17,28343;;;-47,21712861
17,28393;;;-46,60673979
17,28443;;;-43,85999012
17,28493;;;-38,67168519
17,28543;;;-34,39896349
17,28593;;;-33,17818586
17,28643;;;-31,65221382
17,28693;;;-27,37949211
17,28743;;;-23,71715922
17,28793;;;-21,88599277
17,28843;;;-18,83404869
17,28893;;;-12,42496613
17,28943;;;-5,710689162
17,28993;;;-0,5223842311
17,29043;;;6,802281554
17,29093;;;17,78928023
17,29143;;;28,16589009
17,29193;;;34,88016706
17,29243;;;40,67886081
17,29293;;;47,08794337
17,29343;;;49,83469304
17,29392;;;45,86716574
17,29442;;;39,76327759
17,29492;;;36,10094469
17,29542;;;33,35419502
17,29592;;;29,08147332
17,29642;;;25,41914042
17,29692;;;24,19836279
17,29742;;;22,36719635
17,29792;;;16,5685026
17,29842;;;10,46461445
17,29892;;;7,412670369
17,29942;;;3,750337477
17,29992;;;-4,489911531
17,30042;;;-14,86652139
17,30092;;;-22,80157599
17,30142;;;-29,82104737
17,30192;;;-39,28207401
17,30242;;;-49,04829506
17,30292;;;-54,23659999
17,30342;;;-54,23659999
17,30392;;;-52,10023913
17,30442;;;-48,43790624
17,30492;;;-42,63921249
17,30542;;;-37,75610197
17,30592;;;-35,92493552
17,30642;;;-34,39896349
17,30692;;;-30,12624178
17,30742;;;-24,63274244
17,30792;;;-21,27560395
17,30842;;;-18,22365988
17,30892;;;-13,03535495
17,30942;;;-6,626272385
17,30992;;;-0,8275786388
17,31042;;;6,497087146
17,31092;;;17,17889142
17,31142;;;26,94511246
17,31192;;;33,65938943
17,31242;;;39,45808318
17,31292;;;46,47755455
17,31342;;;50,13988745
17,31392;;;46,78274896
17,31442;;;40,98405522
17,31492;;;38,23730555
17,31542;;;37,01652792
17,31592;;;32,74380621
17,31642;;;27,86069569
17,31692;;;26,33472365
17,31742;;;25,41914042
17,31792;;;21,14641872
17,31842;;;15,04253056
17,31892;;;11,99058648
17,31942;;;8,633448
17,31992;;;0,08800458433
17,32042;;;-11,50938291
17,32092;;;-19,44443751
17,32142;;;-24,02235362
17,32192;;;-31,65221382
17,32242;;;-41,72362927
17,32292;;;-49,04829506
17,32342;;;-50,26907269
17,32392;;;-49,04829506
17,32442;;;-45,99635098
17,32492;;;-40,50285164
17,32542;;;-35,0093523
17,32592;;;-32,56779704
17,32642;;;-31,95740822
17,32692;;;-30,12624178
17,32742;;;-26,76910329
17,32792;;;-23,71715922
17,32842;;;-20,66521514
17,32892;;;-15,47691021
17,32942;;;-8,762633239
17,32992;;;-2,04835627
17,33042;;;5,886698331
17,33092;;;16,5685026
17,33142;;;26,63991805
17,33192;;;34,26977825
17,33242;;;40,98405522
17,33292;;;47,08794337
17,33342;;;49,52949863
17,33392;;;45,86716574
17,33442;;;40,98405522
17,33492;;;38,54249995
17,33542;;;36,10094469
17,33592;;;31,52302858
17,33642;;;28,16589009
17,33692;;;27,55550128
17,33742;;;26,02952924
17,33792;;;21,45161312
17,33842;;;16,87369701
17,33892;;;13,82175293
17,33942;;;8,328253592
17,33992;;;-0,5223842311
17,34042;;;-7,541855608
17,34092;;;-9,98341087
17,34142;;;-15,1717158
17,34192;;;-25,85352007
17,34242;;;-32,56779704
17,34292;;;-30,12624178
17,34342;;;-28,29507533
17,34392;;;-37,45090756
17,34442;;;-49,65868387
17,34492;;;-49,96387828
17,34542;;;-39,58726842
17,34592;;;-32,26260263
17,34642;;;-31,95740822
17,34692;;;-30,73663059
17,34742;;;-24,93793685
17,34792;;;-20,66521514
17,34842;;;-19,1392431
17,34892;;;-16,08729902
17,34942;;;-9,98341087
17,34992;;;-4,795105939
17,35041;;;-0,2171898234
17,35091;;;8,938642408
17,35141;;;22,36719635
17,35191;;;31,82822299
17,35241;;;37,01652792
17,35291;;;43,42561048
17,35341;;;52,2762483
17,35391;;;55,32819238
17,35441;;;50,13988745
17,35491;;;44,03599929
17,35541;;;42,20483285
17,35591;;;40,3736664
17,35641;;;35,18536147
17,35691;;;30,91263976
17,35741;;;31,21783417
17,35791;;;30,30225095
17,35841;;;24,5035572
17,35891;;;18,70486345
17,35941;;;16,26330819
17,35991;;;12,6009753
17,36041;;;2,834754254
17,36091;;;-8,152244424
17,36141;;;-15,1717158
17,36191;;;-20,66521514
17,36241;;;-29,82104737
17,36291;;;-40,50285164
17,36341;;;-46,30154539
17,36391;;;-46,60673979
17,36441;;;-44,77557335
17,36491;;;-41,41843486
17,36541;;;-35,92493552
17,36591;;;-31,041825
17,36641;;;-28,90546415
17,36691;;;-27,68468652
17,36741;;;-24,63274244
17,36791;;;-20,66521514
17,36841;;;-17,30807665
17,36891;;;-13,64574376
17,36941;;;-8,457438831
17,36991;;;-3,2691339
17,37041;;;2,224365438
17,37091;;;10,76980885
17,37141;;;22,06200194
17,37191;;;31,52302858
17,37241;;;38,23730555
17,37291;;;44,95158252
17,37341;;;51,97105389
17,37391;;;53,49702593
17,37441;;;48,91910982
17,37491;;;43,73080489
17,37541;;;42,20483285
17,37591;;;39,76327759
17,37641;;;34,26977825
17,37691;;;30,30225095
17,37741;;;29,99705654
17,37791;;;28,77627891
17,37841;;;22,67239075
17,37891;;;16,26330819
17,37941;;;13,51655852
17,37991;;;9,549031223
17,38041;;;0,393198992
17,38091;;;-9,678216462
17,38141;;;-16,69768784
17,38191;;;-23,71715922
17,38241;;;-34,09376908
17,38291;;;-44,16518453
17,38341;;;-47,52232302
17,38391;;;-46,9119342
17,38441;;;-46,30154539
17,38491;;;-44,16518453
17,38541;;;-38,36649079
17,38591;;;-32,56779704
17,38641;;;-30,73663059
17,38691;;;-30,43143619
17,38741;;;-27,37949211
17,38791;;;-22,80157599
17,38841;;;-20,36002073
17,38891;;;-18,22365988
17,38941;;;-13,34054935
17,38991;;;-6,626272385
17,39041;;;-0,8275786388
17,39091;;;6,497087146
17,39141;;;17,17889142
17,39191;;;28,16589009
17,39241;;;35,79575029
17,39291;;;41,89963844
17,39341;;;48,91910982
17,39391;;;52,88663712
17,39441;;;49,52949863
17,39491;;;42,51002725
17,39541;;;37,62691673
17,39591;;;35,18536147
17,39641;;;32,74380621
17,39691;;;29,69186213
17,39741;;;27,55550128
17,39791;;;25,41914042
17,39841;;;21,14641872
17,39891;;;16,26330819
17,39941;;;11,99058648
17,39991;;;7,107475961
17,40041;;;-0,5223842311
17,40091;;;-10,89899409
17,40141;;;-20,36002073
17,40191;;;-28,60026974
17,40241;;;-36,84051875
17,40291;;;-45,38596216
17,40341;;;-50,8794615
17,40391;;;-51,48985032
17,40441;;;-48,43790624
17,40491;;;-45,38596216
17,40541;;;-43,85999012
17,40591;;;-39,89246282
17,40640;;;-29,21065856
17,40690;;;-17,00288225
17,40740;;;-13,64574376
17,40790;;;-21,58079836
17,40840;;;-29,21065856
17,40890;;;-26,15871448
17,40940;;;-16,39249343
17,40990;;;-10,59379969
17,41040;;;-7,847050016
17,41090;;;0,08800458433
17,41140;;;13,51655852
17,41190;;;24,5035572
17,41240;;;29,99705654
17,41290;;;36,10094469
17,41340;;;43,42561048
17,41390;;;45,25677692
17,41440;;;40,67886081
17,41490;;;35,49055588
17,41540;;;33,65938943
17,41590;;;30,91263976
17,41640;;;25,72433483
17,41690;;;22,97758516
17,41740;;;23,58797398
17,41790;;;21,14641872
17,41840;;;14,43214175
17,41890;;;9,549031223
17,41940;;;9,243836815
17,41990;;;5,886698331
17,42040;;;-4,795105939
17,42090;;;-16,08729902
17,42140;;;-21,88599277
17,42190;;;-27,0742977
17,42240;;;-37,75610197
17,42290;;;-49,04829506
17,42340;;;-53,01582236
17,42390;;;-51,48985032
17,42440;;;-49,96387828
17,42490;;;-47,21712861
17,42540;;;-40,19765723
17,42590;;;-33,48338026
17,42640;;;-31,95740822
17,42690;;;-32,87299145
17,42740;;;-30,43143619
17,42790;;;-25,24313125
17,42840;;;-22,19118718
17,42890;;;-20,36002073
17,42940;;;-15,47691021
17,42990;;;-7,541855608
17,43040;;;-0,2171898234
17,43090;;;6,802281554
17,43140;;;16,87369701
17,43190;;;27,86069569
17,43240;;;37,01652792
17,43290;;;43,42561048
17,43340;;;48,61391541
17,43390;;;50,75027626
17,43440;;;48,308721
17,43490;;;44,03599929
17,43540;;;40,67886081
17,43590;;;37,32172232
17,43640;;;33,35419502
17,43690;;;30,91263976
17,43740;;;30,30225095
17,43790;;;27,86069569
17,43840;;;22,36719635
17,43890;;;17,78928023
17,43940;;;16,26330819
17,43990;;;12,6009753
17,44040;;;3,139948661
17,44090;;;-6,931466793
17,44140;;;-13,95093817
17,44190;;;-20,97040955
17,44240;;;-31,34701941
17,44290;;;-41,11324046
17,44340;;;-45,08076776
17,44390;;;-44,16518453
17,44440;;;-42,9444069
17,44490;;;-40,50285164
17,44540;;;-34,70415789
17,44590;;;-29,51585296
17,44640;;;-27,37949211
17,44690;;;-26,46390889
17,44740;;;-22,49638159
17,44790;;;-17,61327106
17,44840;;;-14,56132699
17,44890;;;-12,11977172
17,44940;;;-6,931466793
17,44990;;;0,08800458433
17,45040;;;7,107475961
17,45090;;;15,95811378
17,45140;;;26,33472365
17,45190;;;35,18536147
17,45240;;;41,59444403
17,45290;;;48,00352659
17,45340;;;54,71780356
17,45390;;;57,15935882
17,45440;;;53,19183152
17,45490;;;48,308721
17,45540;;;45,56197133
17,45590;;;42,51002725
17,45640;;;37,32172232
17,45690;;;33,96458384
17,45740;;;33,96458384
17,45790;;;32,4386118
17,45840;;;26,02952924
17,45890;;;19,62044668
17,45940;;;16,87369701
17,45990;;;12,6009753
17,46040;;;3,139948661
17,46090;;;-7,541855608
17,46140;;;-15,78210462
17,46190;;;-23,41196481
17,46240;;;-33,17818586
17,46289;;;-41,72362927
17,46339;;;-45,69115657
17,46389;;;-46,30154539
17,46439;;;-45,69115657
17,46489;;;-42,9444069
17,46539;;;-38,06129638
17,46589;;;-34,39896349
17,46639;;;-33,17818586
17,46689;;;-30,73663059
17,46739;;;-27,37949211
17,46789;;;-25,24313125
17,46839;;;-23,41196481
17,46889;;;-17,91846547
17,46939;;;-11,81457732
17,46989;;;-10,28860528
17,47039;;;-7,541855608
17,47089;;;6,191892738
17,47139;;;27,55550128
17,47189;;;39,15288877
17,47239;;;35,79575029
17,47289;;;31,82822299
17,47339;;;37,32172232
17,47389;;;42,81522166
17,47439;;;38,84769436
17,47489;;;31,21783417
17,47539;;;28,4710845
17,47589;;;27,25030687
17,47639;;;22,67239075
17,47689;;;18,09447464
17,47739;;;18,09447464
17,47789;;;16,87369701
17,47839;;;10,15942004
17,47889;;;4,055531884
17,47939;;;2,834754254
17,47989;;;0,6983933997
17,48039;;;-8,762633239
17,48089;;;-20,66521514
17,48139;;;-27,98988092
17,48189;;;-33,78857467
17,48239;;;-43,85999012
17,48289;;;-54,8469888
17,48339;;;-59,42490492
17,48389;;;-58,20412729
17,48439;;;-56,98334966
17,48489;;;-54,8469888
17,48539;;;-49,35348946
17,48589;;;-43,24960131
17,48639;;;-40,19765723
17,48689;;;-38,36649079
17,48739;;;-34,70415789
17,48789;;;-30,43143619
17,48839;;;-27,98988092
17,48889;;;-25,24313125
17,48939;;;-19,44443751
17,48989;;;-12,11977172
17,49039;;;-5,100300347
17,49089;;;3,445143069
17,49139;;;14,73733615
17,49189;;;24,80875161
17,49239;;;31,82822299
17,49289;;;37,93211114
17,49339;;;44,3411937
17,49389;;;46,78274896
17,49439;;;43,73080489
17,49489;;;39,45808318
17,49539;;;37,62691673
17,49589;;;35,49055588
17,49639;;;31,21783417
17,49689;;;27,86069569
17,49739;;;27,25030687
17,49789;;;26,02952924
17,49839;;;20,5360299
17,49889;;;15,04253056
17,49939;;;12,6009753
17,49989;;;9,243836815
17,50039;;;1,003587807
17,50089;;;-9,067827647
17,50139;;;-17,00288225
17,50189;;;-24,32754803
17,50239;;;-33,48338026
17,50289;;;-42,02882368
17,50339;;;-45,69115657
17,50389;;;-45,08076776
17,50439;;;-43,55479572
17,50489;;;-41,11324046
17,50539;;;-36,53532434
17,50589;;;-32,26260263
17,50639;;;-29,82104737
17,50689;;;-27,98988092
17,50739;;;-24,63274244
17,50789;;;-21,27560395
17,50839;;;-18,52885429
17,50889;;;-15,78210462
17,50939;;;-10,89899409
17,50989;;;-5,100300347
17,51039;;;1,308782215
17,51089;;;10,15942004
17,51139;;;21,14641872
17,51189;;;30,91263976
17,51239;;;38,23730555
17,51289;;;45,25677692
17,51339;;;51,36066508
17,51389;;;52,88663712
17,51439;;;49,22430422
17,51489;;;45,25677692
17,51539;;;42,51002725
17,51589;;;39,15288877
17,51639;;;34,57497265
17,51689;;;31,82822299
17,51739;;;31,52302858
17,51789;;;28,4710845
17,51839;;;21,45161312
17,51888;;;15,95811378
17,51938;;;14,12694734
17,51988;;;9,854225631
17,52038;;;0,08800458433
17,52088;;;-11,81457732
17,52138;;;-20,05482632
17,52188;;;-27,98988092
17,52238;;;-38,06129638
17,52288;;;-47,21712861
17,52338;;;-50,57426709
17,52388;;;-50,26907269
17,52438;;;-50,26907269
17,52488;;;-48,74310065
17,52538;;;-43,24960131
17,52588;;;-38,06129638
17,52638;;;-36,84051875
17,52688;;;-35,92493552
17,52738;;;-31,65221382
17,52788;;;-26,46390889
17,52838;;;-24,63274244
17,52888;;;-22,80157599
17,52938;;;-16,39249343
17,52988;;;-8,457438831
17,53038;;;-2,963939493
17,53088;;;2,529559846
17,53138;;;14,12694734
17,53188;;;26,94511246
17,53238;;;33,04900062
17,53288;;;35,79575029
17,53338;;;44,03599929
17,53388;;;56,54897001
17,53438;;;60,51649731
17,53488;;;50,75027626
17,53538;;;35,79575029
17,53588;;;27,25030687
17,53638;;;25,72433483
17,53688;;;26,33472365
17,53738;;;25,41914042
17,53788;;;21,75680753
17,53838;;;16,5685026
17,53888;;;12,29578089
17,53938;;;9,243836815
17,53988;;;5,276309515
17,54038;;;-1,743161862
17,54088;;;-11,2041885
17,54138;;;-19,1392431
17,54188;;;-26,76910329
17,54238;;;-36,23012993
17,54288;;;-44,77557335
17,54338;;;-48,74310065
17,54388;;;-48,43790624
17,54438;;;-45,99635098
17,54488;;;-42,63921249
17,54538;;;-38,06129638
17,54588;;;-33,78857467
17,54638;;;-31,95740822
17,54688;;;-29,51585296
17,54738;;;-25,24313125
17,54788;;;-20,66521514
17,54838;;;-17,00288225
17,54888;;;-13,03535495
17,54938;;;-6,626272385
17,54988;;;0,08800458433
17,55038;;;6,497087146
17,55088;;;15,34772497
17,55138;;;26,94511246
17,55188;;;37,62691673
17,55238;;;44,95158252
17,55288;;;51,05547067
17,55338;;;56,85416442
17,55388;;;58,68533086
17,55438;;;54,71780356
17,55488;;;49,83469304
17,55538;;;47,39313778
17,55588;;;44,64638811
17,55638;;;39,76327759
17,55688;;;36,10094469
17,55738;;;35,79575029
17,55788;;;33,96458384
17,55838;;;28,16589009
17,55888;;;23,28277957
17,55938;;;21,45161312
17,55988;;;17,48408582
17,56038;;;7,717864777
17,56088;;;-3,2691339
17,56138;;;-11,2041885
17,56188;;;-18,22365988
17,56238;;;-28,60026974
17,56288;;;-38,06129638
17,56338;;;-41,72362927
17,56388;;;-40,80804605
17,56438;;;-39,28207401
17,56488;;;-35,92493552
17,56538;;;-29,51585296
17,56588;;;-24,02235362
17,56638;;;-22,49638159
17,56688;;;-21,88599277
17,56738;;;-18,83404869
17,56788;;;-14,56132699
17,56838;;;-11,81457732
17,56888;;;-8,457438831
17,56938;;;-3,2691339
17,56988;;;2,529559846
17,57038;;;8,023059185
17,57088;;;15,95811378
17,57138;;;26,33472365
17,57188;;;36,10094469
17,57238;;;43,12041607
17,57288;;;49,83469304
17,57338;;;56,2437756
17,57388;;;57,46455323
17,57438;;;53,19183152
17,57488;;;48,308721
17,57537;;;46,47755455
17,57587;;;44,64638811
17,57637;;;40,06847199
17,57687;;;36,10094469
17,57737;;;35,18536147
17,57787;;;33,35419502
17,57837;;;27,86069569
17,57887;;;22,67239075
17,57937;;;19,92564108
17,57987;;;15,65291938
17,58037;;;6,191892738
17,58087;;;-4,795105939
17,58137;;;-13,03535495
17,58187;;;-20,66521514
17,58237;;;-30,73663059
17,58287;;;-41,11324046
17,58337;;;-46,30154539
17,58387;;;-46,30154539
17,58437;;;-44,47037894
17,58487;;;-41,72362927
17,58537;;;-37,45090756
17,58587;;;-33,48338026
17,58637;;;-31,34701941
17,58687;;;-30,43143619
17,58737;;;-28,29507533
17,58787;;;-24,93793685
17,58837;;;-22,19118718
17,58887;;;-19,74963192
17,58937;;;-16,69768784
17,58987;;;-12,11977172
17,59037;;;-5,405494754
17,59087;;;3,139948661
17,59137;;;12,90616971
17,59187;;;22,36719635
17,59237;;;31,21783417
17,59287;;;38,54249995
17,59337;;;43,12041607
17,59387;;;43,73080489
17,59437;;;40,3736664
17,59487;;;35,49055588
17,59537;;;31,21783417
17,59587;;;28,4710845
17,59637;;;26,33472365
17,59687;;;22,36719635
17,59737;;;16,87369701
17,59787;;;15,04253056
17,59837;;;19,31525227
17,59887;;;22,67239075
17,59937;;;15,34772497
17,59987;;;-1,743161862
17,60037;;;-17,91846547
17,60087;;;-24,93793685
17,60137;;;-29,21065856
17,60187;;;-38,67168519
17,60237;;;-50,8794615
17,60287;;;-58,50932169
17,60337;;;-60,95087696
17,60387;;;-61,56126577
17,60437;;;-60,95087696
17,60487;;;-57,28854406
17,60537;;;-51,48985032
17,60587;;;-47,82751742
17,60637;;;-45,69115657
17,60687;;;-42,63921249
17,60737;;;-38,36649079
17,60787;;;-34,70415789
17,60837;;;-31,041825
17,60887;;;-25,85352007
17,60937;;;-20,66521514
17,60987;;;-16,08729902
17,61037;;;-9,373022054
17,61087;;;1,308782215
17,61137;;;13,51655852
17,61187;;;22,67239075
17,61237;;;29,38666772
17,61287;;;36,71133351
17,61337;;;42,81522166
17,61387;;;43,12041607
17,61437;;;39,45808318
17,61487;;;36,10094469
17,61537;;;34,57497265
17,61587;;;31,21783417
17,61637;;;26,63991805
17,61687;;;24,5035572
17,61737;;;23,28277957
17,61787;;;19,31525227
17,61837;;;13,51655852
17,61887;;;10,15942004
17,61937;;;8,938642408
17,61987;;;4,6659207
17,62037;;;-4,184717123
17,62087;;;-14,25613258
17,62137;;;-21,88599277
17,62187;;;-30,12624178
17,62237;;;-39,89246282
17,62287;;;-48,13271183
17,62337;;;-52,40543354
17,62387;;;-52,71062795
17,62437;;;-50,26907269
17,62487;;;-45,69115657
17,62537;;;-40,19765723
17,62587;;;-36,84051875
17,62637;;;-34,70415789
17,62687;;;-31,34701941
17,62737;;;-27,0742977
17,62787;;;-24,32754803
17,62837;;;-21,88599277
17,62887;;;-17,61327106
17,62937;;;-12,11977172
17,62987;;;-7,541855608
17,63037;;;-2,04835627
17,63087;;;7,412670369
17,63136;;;18,70486345
17,63186;;;27,25030687
17,63236;;;33,35419502
17,63286;;;40,67886081
17,63336;;;47,08794337
17,63386;;;47,39313778
17,63436;;;42,20483285
17,63486;;;37,93211114
17,63536;;;36,4061391
17,63586;;;33,65938943
17,63636;;;29,69186213
17,63686;;;27,55550128
17,63736;;;26,94511246
17,63786;;;23,28277957
17,63836;;;17,17889142
17,63886;;;13,21136412
17,63936;;;11,38019767
17,63986;;;6,497087146
17,64036;;;-2,353550677
17,64086;;;-11,81457732
17,64136;;;-19,44443751
17,64186;;;-27,98988092
17,64236;;;-37,75610197
17,64286;;;-45,69115657
17,64336;;;-49,04829506
17,64386;;;-49,65868387
17,64436;;;-48,43790624
17,64486;;;-43,85999012
17,64536;;;-38,06129638
17,64586;;;-34,39896349
17,64636;;;-33,17818586
17,64686;;;-31,041825
17,64736;;;-26,76910329
17,64786;;;-22,80157599
17,64836;;;-20,05482632
17,64886;;;-16,08729902
17,64936;;;-9,98341087
17,64986;;;-3,879522716
17,65036;;;2,224365438
17,65086;;;11,38019767
17,65136;;;22,67239075
17,65186;;;32,74380621
17,65236;;;40,98405522
17,65286;;;48,308721
17,65336;;;53,19183152
17,65386;;;53,49702593
17,65436;;;50,13988745
17,65486;;;46,47755455
17,65536;;;43,73080489
17,65586;;;40,3736664
17,65636;;;37,01652792
17,65686;;;34,88016706
17,65736;;;33,04900062
17,65786;;;29,38666772
17,65836;;;24,80875161
17,65886;;;20,84122431
17,65936;;;17,78928023
17,65986;;;13,21136412
17,66036;;;5,886698331
17,66086;;;-4,184717123
17,66136;;;-15,47691021
17,66186;;;-22,19118718
17,66236;;;-22,19118718
17,66286;;;-21,58079836
17,66336;;;-28,90546415
17,66386;;;-40,80804605
17,66436;;;-45,08076776
17,66486;;;-38,36649079
17,66536;;;-29,82104737
17,66586;;;-27,68468652
17,66636;;;-27,98988092
17,66686;;;-24,32754803
17,66736;;;-18,52885429
17,66786;;;-16,08729902
17,66836;;;-15,1717158
17,66886;;;-10,59379969
17,66936;;;-4,489911531
17,66986;;;-0,2171898234
17,67036;;;4,6659207
17,67086;;;14,73733615
17,67136;;;26,63991805
17,67186;;;35,79575029
17,67236;;;42,81522166
17,67286;;;50,75027626
17,67336;;;56,85416442
17,67386;;;56,2437756
17,67436;;;51,66585949
17,67486;;;48,61391541
17,67536;;;46,78274896
17,67586;;;42,20483285
17,67636;;;37,32172232
17,67686;;;35,79575029
17,67736;;;34,88016706
17,67786;;;29,99705654
17,67836;;;22,97758516
17,67886;;;19,92564108
17,67936;;;18,70486345
17,67986;;;12,6009753
17,68036;;;1,613976623
17,68086;;;-7,236661201
17,68136;;;-13,64574376
17,68186;;;-22,49638159
17,68236;;;-34,70415789
17,68286;;;-44,16518453
17,68336;;;-47,82751742
17,68386;;;-47,82751742
17,68436;;;-46,60673979
17,68486;;;-42,02882368
17,68536;;;-35,92493552
17,68586;;;-32,26260263
17,68636;;;-31,95740822
17,68686;;;-30,12624178
17,68736;;;-25,54832566
17,68785;;;-20,97040955
17,68835;;;-18,22365988
17,68885;;;-14,86652139
17,68935;;;-9,373022054
17,68985;;;-3,879522716
17,69035;;;1,003587807
17,69085;;;9,549031223
17,69135;;;20,84122431
17,69185;;;30,91263976
17,69235;;;38,54249995
17,69285;;;45,56197133
17,69335;;;51,05547067
17,69385;;;51,66585949
17,69435;;;47,39313778
17,69485;;;42,81522166
17,69535;;;40,06847199
17,69585;;;36,71133351
17,69635;;;32,4386118
17,69685;;;30,30225095
17,69735;;;29,08147332
17,69785;;;25,41914042
17,69835;;;19,62044668
17,69885;;;15,65291938
17,69935;;;13,21136412
17,69985;;;8,023059185
17,70035;;;-0,8275786388
17,70085;;;-10,28860528
17,70135;;;-18,22365988
17,70185;;;-27,68468652
17,70235;;;-38,06129638
17,70285;;;-45,38596216
17,70335;;;-47,52232302
17,70385;;;-46,60673979
17,70435;;;-44,47037894
17,70485;;;-41,11324046
17,70535;;;-36,53532434
17,70585;;;-33,17818586
17,70635;;;-31,34701941
17,70685;;;-28,60026974
17,70735;;;-24,93793685
17,70785;;;-21,88599277
17,70835;;;-19,74963192
17,70885;;;-15,47691021
17,70935;;;-9,98341087
17,70985;;;-4,795105939
17,71035;;;1,003587807
17,71085;;;9,854225631
17,71135;;;20,23083549
17,71185;;;28,77627891
17,71235;;;36,4061391
17,71285;;;44,64638811
17,71335;;;49,83469304
17,71385;;;48,91910982
17,71435;;;44,64638811
17,71485;;;41,89963844
17,71535;;;39,76327759
17,71585;;;35,18536147
17,71635;;;30,30225095
17,71685;;;27,86069569
17,71735;;;26,63991805
17,71785;;;22,36719635
17,71835;;;16,26330819
17,71885;;;11,68539208
17,71935;;;8,633448
17,71985;;;3,750337477
17,72035;;;-4,489911531
17,72085;;;-14,25613258
17,72135;;;-22,80157599
17,72185;;;-31,34701941
17,72235;;;-40,80804605
17,72285;;;-49,96387828
17,72335;;;-55,15218321
17,72385;;;-54,54179439
17,72435;;;-50,26907269
17,72485;;;-47,21712861
17,72535;;;-46,30154539
17,72585;;;-41,72362927
17,72635;;;-30,43143619
17,72685;;;-19,74963192
17,72735;;;-20,36002073
17,72785;;;-28,60026974
17,72835;;;-31,041825
17,72885;;;-23,41196481
17,72935;;;-15,78210462
17,72985;;;-13,34054935
17,73035;;;-8,762633239
17,73085;;;2,834754254
17,73135;;;16,26330819
17,73185;;;23,89316839
17,73235;;;29,38666772
17,73285;;;37,93211114
17,73335;;;44,3411937
17,73385;;;43,12041607
17,73435;;;38,54249995
17,73485;;;36,10094469
17,73535;;;34,88016706
17,73585;;;30,91263976
17,73635;;;26,63991805
17,73685;;;26,02952924
17,73735;;;25,41914042
17,73785;;;19,92564108
17,73835;;;12,90616971
17,73885;;;10,46461445
17,73935;;;9,854225631
17,73985;;;4,055531884
17,74035;;;-5,405494754
17,74085;;;-13,64574376
17,74135;;;-20,66521514
17,74185;;;-30,43143619
17,74235;;;-42,02882368
17,74285;;;-49,35348946
17,74335;;;-51,18465591
17,74384;;;-51,18465591
17,74434;;;-49,35348946
17,74484;;;-44,47037894
17,74534;;;-38,67168519
17,74584;;;-35,92493552
17,74634;;;-35,0093523
17,74684;;;-31,95740822
17,74734;;;-27,0742977
17,74784;;;-23,1067704
17,74834;;;-20,05482632
17,74884;;;-16,08729902
17,74934;;;-10,89899409
17,74984;;;-6,01588357
17,75034;;;0,393198992
17,75084;;;11,07500326
17,75134;;;22,06200194
17,75184;;;30,30225095
17,75234;;;38,23730555
17,75284;;;47,08794337
17,75334;;;52,58144271
17,75384;;;51,05547067
17,75434;;;45,56197133
17,75484;;;42,20483285
17,75534;;;40,3736664
17,75584;;;35,79575029
17,75634;;;30,91263976
17,75684;;;29,38666772
17,75734;;;28,77627891
17,75784;;;24,19836279
17,75834;;;17,48408582
17,75884;;;13,82175293
17,75934;;;11,99058648
17,75984;;;6,497087146
17,76034;;;-2,04835627
17,76084;;;-10,59379969
17,76134;;;-17,91846547
17,76184;;;-27,98988092
17,76234;;;-38,9768796
17,76284;;;-46,60673979
17,76334;;;-49,65868387
17,76384;;;-50,57426709
17,76434;;;-49,04829506
17,76484;;;-44,77557335
17,76534;;;-39,89246282
17,76584;;;-37,75610197
17,76634;;;-36,53532434
17,76684;;;-33,17818586
17,76734;;;-28,60026974
17,76784;;;-25,54832566
17,76834;;;-23,1067704
17,76884;;;-18,22365988
17,76934;;;-12,42496613
17,76984;;;-7,847050016
17,77034;;;-2,353550677
17,77084;;;7,107475961
17,77134;;;18,39966905
17,77184;;;27,55550128
17,77234;;;35,18536147
17,77284;;;43,12041607
17,77334;;;47,69833219
17,77384;;;45,86716574
17,77434;;;40,3736664
17,77484;;;37,62691673
17,77534;;;36,4061391
17,77584;;;32,4386118
17,77634;;;27,86069569
17,77684;;;26,94511246
17,77734;;;26,63991805
17,77784;;;21,45161312
17,77834;;;13,82175293
17,77884;;;10,46461445
17,77934;;;10,15942004
17,77984;;;4,6659207
17,78034;;;-5,405494754
17,78084;;;-15,1717158
17,78134;;;-21,88599277
17,78184;;;-31,041825
17,78234;;;-42,63921249
17,78284;;;-49,65868387
17,78334;;;-51,18465591
17,78384;;;-51,18465591
17,78434;;;-51,79504472
17,78484;;;-48,43790624
17,78534;;;-41,41843486
17,78584;;;-37,75610197
17,78634;;;-38,06129638
17,78684;;;-35,61974112
17,78734;;;-28,60026974
17,78784;;;-24,32754803
17,78834;;;-25,24313125
17,78884;;;-22,80157599
17,78934;;;-9,678216462
17,78984;;;5,276309515
17,79034;;;12,6009753
17,79084;;;12,6009753
17,79134;;;15,04253056
17,79184;;;24,5035572
17,79234;;;36,10094469
17,79284;;;44,3411937
17,79334;;;48,00352659
17,79384;;;47,69833219
17,79434;;;44,95158252
17,79484;;;41,59444403
17,79534;;;37,93211114
17,79584;;;33,96458384
17,79634;;;31,52302858
17,79684;;;30,91263976
17,79734;;;29,38666772
17,79784;;;24,5035572
17,79834;;;18,39966905
17,79884;;;14,73733615
17,79934;;;12,6009753
17,79984;;;7,107475961
17,80033;;;-1,743161862
17,80083;;;-10,28860528
17,80133;;;-18,22365988
17,80183;;;-27,98988092
17,80233;;;-38,9768796
17,80283;;;-46,60673979
17,80333;;;-49,04829506
17,80383;;;-49,04829506
17,80433;;;-47,52232302
17,80483;;;-42,9444069
17,80533;;;-37,14571316
17,80583;;;-34,39896349
17,80633;;;-33,78857467
17,80683;;;-31,34701941
17,80733;;;-26,76910329
17,80783;;;-23,1067704
17,80833;;;-20,05482632
17,80883;;;-15,47691021
17,80933;;;-9,98341087
17,80983;;;-6,01588357
17,81033;;;-0,2171898234
17,81083;;;10,76980885
17,81133;;;24,5035572
17,81183;;;32,74380621
17,81233;;;35,79575029
17,81283;;;41,59444403
17,81333;;;50,75027626
17,81383;;;55,63338679
17,81433;;;53,19183152
17,81483;;;48,00352659
17,81533;;;44,64638811
17,81583;;;41,89963844
17,81633;;;38,54249995
17,81683;;;36,71133351
17,81733;;;35,18536147
17,81783;;;30,91263976
17,81833;;;25,11394602
17,81883;;;20,84122431
17,81933;;;18,39966905
17,81983;;;12,90616971
17,82033;;;3,750337477
17,82083;;;-4,489911531
17,82133;;;-12,42496613
17,82183;;;-22,19118718
17,82233;;;-33,48338026
17,82283;;;-41,72362927
17,82333;;;-43,85999012
17,82383;;;-42,63921249
17,82433;;;-40,19765723
17,82483;;;-36,84051875
17,82533;;;-32,87299145
17,82583;;;-30,43143619
17,82633;;;-28,60026974
17,82683;;;-25,54832566
17,82733;;;-22,19118718
17,82783;;;-19,44443751
17,82833;;;-16,69768784
17,82883;;;-12,42496613
17,82933;;;-7,541855608
17,82983;;;-3,574328308
17,83033;;;2,224365438
17,83083;;;11,99058648
17,83133;;;22,97758516
17,83183;;;32,13341739
17,83233;;;40,3736664
17,83283;;;48,91910982
17,83333;;;53,19183152
17,83383;;;51,36066508
17,83433;;;46,78274896
17,83483;;;44,03599929
17,83533;;;41,59444403
17,83583;;;37,62691673
17,83633;;;33,96458384
17,83683;;;33,04900062
17,83733;;;31,52302858
17,83783;;;26,02952924
17,83833;;;19,62044668
17,83883;;;17,17889142
17,83933;;;15,34772497
17,83983;;;8,633448
17,84033;;;-1,132773046
17,84083;;;-9,98341087
17,84133;;;-17,61327106
17,84183;;;-27,68468652
17,84233;;;-38,9768796
17,84283;;;-46,9119342
17,84333;;;-49,65868387
17,84383;;;-48,43790624
17,84433;;;-45,69115657
17,84483;;;-41,41843486
17,84533;;;-37,14571316
17,84583;;;-34,09376908
17,84633;;;-31,34701941
17,84683;;;-28,60026974
17,84733;;;-25,54832566
17,84783;;;-21,58079836
17,84833;;;-16,39249343
17,84883;;;-11,2041885
17,84933;;;-7,541855608
17,84983;;;-2,658745085
17,85033;;;5,581503923
17,85083;;;15,95811378
17,85133;;;24,80875161
17,85183;;;33,65938943
17,85233;;;44,64638811
17,85283;;;52,88663712
17,85333;;;53,19183152
17,85383;;;51,36066508
17,85433;;;55,63338679
17,85483;;;61,12688612
17,85533;;;54,41260916
17,85583;;;36,71133351
17,85632;;;25,11394602
17,85682;;;26,63991805
17,85732;;;28,77627891
17,85782;;;22,06200194
17,85832;;;13,82175293
17,85882;;;13,21136412
17,85932;;;14,43214175
17,85982;;;7,412670369
17,86032;;;-3,879522716
17,86082;;;-12,42496613
17,86132;;;-18,83404869
17,86182;;;-29,21065856
17,86232;;;-41,72362927
17,86282;;;-48,74310065
17,86332;;;-49,96387828
17,86382;;;-49,04829506
17,86432;;;-46,60673979
17,86482;;;-41,11324046
17,86532;;;-35,31454671
17,86582;;;-33,17818586
17,86632;;;-32,26260263
17,86682;;;-28,29507533
17,86732;;;-23,41196481
17,86782;;;-20,97040955
17,86832;;;-18,22365988
17,86882;;;-12,42496613
17,86932;;;-6,01588357
17,86982;;;-1,743161862
17,87032;;;2,834754254
17,87082;;;13,21136412
17,87132;;;25,72433483
17,87182;;;35,18536147
17,87232;;;42,20483285
17,87282;;;49,83469304
17,87332;;;55,32819238
17,87382;;;54,10741475
17,87432;;;48,308721
17,87482;;;44,03599929
17,87532;;;42,20483285
17,87582;;;38,54249995
17,87632;;;33,96458384
17,87682;;;32,4386118
17,87732;;;31,52302858
17,87782;;;26,02952924
17,87832;;;18,39966905
17,87882;;;14,43214175
17,87932;;;12,6009753
17,87982;;;6,497087146
17,88032;;;-3,574328308
17,88082;;;-13,03535495
17,88132;;;-20,66521514
17,88182;;;-31,65221382
17,88232;;;-45,08076776
17,88282;;;-51,79504472
17,88332;;;-50,8794615
17,88382;;;-49,04829506
17,88432;;;-50,26907269
17,88482;;;-49,04829506
17,88532;;;-42,33401809
17,88582;;;-36,53532434
17,88632;;;-35,61974112
17,88682;;;-35,31454671
17,88732;;;-31,34701941
17,88782;;;-26,76910329
17,88832;;;-24,63274244
17,88882;;;-21,88599277
17,88932;;;-17,30807665
17,88982;;;-13,03535495
17,89032;;;-10,59379969
17,89082;;;-5,100300347
17,89132;;;6,191892738
17,89182;;;17,78928023
17,89232;;;25,11394602
17,89282;;;31,82822299
17,89332;;;41,28924962
17,89382;;;48,61391541
17,89432;;;47,39313778
17,89482;;;41,28924962
17,89532;;;37,01652792
17,89582;;;34,88016706
17,89632;;;30,91263976
17,89682;;;26,63991805
17,89732;;;25,41914042
17,89782;;;24,19836279
17,89832;;;19,01005786
17,89882;;;11,99058648
17,89932;;;8,633448
17,89982;;;6,802281554
17,90032;;;1,308782215
17,90082;;;-8,152244424
17,90132;;;-17,61327106
17,90182;;;-25,85352007
17,90232;;;-36,23012993
17,90282;;;-47,21712861
17,90332;;;-53,93140558
17,90382;;;-56,06776643
17,90432;;;-56,67815525
17,90482;;;-56,06776643
17,90532;;;-51,79504472
17,90582;;;-45,99635098
17,90632;;;-42,33401809
17,90682;;;-40,80804605
17,90732;;;-37,75610197
17,90782;;;-33,48338026
17,90832;;;-30,43143619
17,90882;;;-27,68468652
17,90932;;;-23,41196481
17,90982;;;-17,91846547
17,91032;;;-13,64574376
17,91082;;;-7,236661201
17,91132;;;4,055531884
17,91182;;;17,48408582
17,91232;;;27,25030687
17,91281;;;34,26977825
17,91331;;;43,12041607
17,91381;;;49,83469304
17,91431;;;48,00352659
17,91481;;;40,67886081
17,91531;;;37,62691673
17,91581;;;38,23730555
17,91631;;;33,96458384
17,91681;;;24,80875161
17,91731;;;22,36719635
17,91781;;;30,60744535
17,91831;;;37,01652792
17,91881;;;29,69186213
17,91931;;;14,73733615
17,91981;;;3,750337477
17,92031;;;-1,437967454
17,92081;;;-7,541855608
17,92131;;;-17,30807665
17,92181;;;-27,37949211
17,92231;;;-36,84051875
17,92281;;;-46,30154539
17,92331;;;-54,23659999
17,92381;;;-57,89893288
17,92431;;;-57,28854406
17,92481;;;-53,62621117
17,92531;;;-48,13271183
17,92581;;;-42,63921249
17,92631;;;-38,9768796
17,92681;;;-36,84051875
17,92731;;;-33,78857467
17,92781;;;-29,21065856
17,92831;;;-24,63274244
17,92881;;;-20,36002073
17,92931;;;-15,1717158
17,92981;;;-9,98341087
17,93031;;;-5,100300347
17,93081;;;1,919171031
17,93131;;;12,90616971
17,93181;;;25,11394602
17,93231;;;34,57497265
17,93281;;;42,51002725
17,93331;;;50,75027626
17,93381;;;56,54897001
17,93431;;;55,93858119
17,93481;;;51,36066508
17,93531;;;48,00352659
17,93581;;;46,47755455
17,93631;;;42,51002725
17,93681;;;37,93211114
17,93731;;;36,10094469
17,93781;;;35,49055588
17,93831;;;30,60744535
17,93881;;;23,89316839
17,93931;;;20,5360299
17,93981;;;19,62044668
17,94031;;;14,12694734
17,94081;;;4,055531884
17,94131;;;-5,100300347
17,94181;;;-12,73016054
17,94231;;;-22,49638159
17,94281;;;-34,09376908
17,94331;;;-42,33401809
17,94381;;;-44,16518453
17,94431;;;-43,24960131
17,94481;;;-41,11324046
17,94531;;;-37,14571316
17,94581;;;-31,95740822
17,94631;;;-28,60026974
17,94681;;;-26,76910329
17,94731;;;-24,02235362
17,94781;;;-20,05482632
17,94831;;;-16,08729902
17,94881;;;-12,11977172
17,94931;;;-6,626272385
17,94981;;;-0,5223842311
17,95031;;;4,971115108
17,95081;;;12,29578089
17,95131;;;22,67239075
17,95181;;;33,35419502
17,95231;;;42,51002725
17,95281;;;51,36066508
17,95331;;;61,12688612
17,95381;;;66,92557987
17,95431;;;64,48402461
17,95481;;;58,07494205
17,95531;;;53,80222034
17,95581;;;51,05547067
17,95631;;;47,08794337
17,95681;;;43,42561048
17,95731;;;41,89963844
17,95781;;;39,76327759
17,95831;;;33,96458384
17,95881;;;27,55550128
17,95931;;;24,80875161
17,95981;;;22,97758516
17,96031;;;16,26330819
17,96081;;;5,886698331
17,96131;;;-2,04835627
17,96181;;;-9,373022054
17,96231;;;-20,36002073
17,96281;;;-33,48338026
17,96331;;;-42,02882368
17,96381;;;-43,85999012
17,96431;;;-42,33401809
17,96481;;;-39,89246282
17,96531;;;-36,23012993
17,96581;;;-31,65221382
17,96631;;;-28,60026974
17,96681;;;-26,46390889
17,96731;;;-23,1067704
17,96781;;;-19,1392431
17,96831;;;-15,78210462
17,96880;;;-11,81457732
17,96930;;;-6,321077977
17,96980;;;-1,743161862
17,97030;;;1,308782215
17,97080;;;8,023059185
17,97130;;;19,92564108
17,97180;;;33,04900062
17,97230;;;41,59444403
17,97280;;;48,00352659
17,97330;;;55,63338679
17,97380;;;60,82169172
17,97430;;;58,38013646
17,97480;;;51,97105389
17,97530;;;47,39313778
17,97580;;;44,64638811
17,97630;;;39,15288877
17,97680;;;33,35419502
17,97730;;;31,21783417
17,97780;;;29,69186213
17,97830;;;22,97758516
17,97880;;;13,51655852
17,97930;;;9,549031223
17,97980;;;9,549031223
17,98030;;;2,834754254
17,98080;;;-12,11977172
17,98130;;;-24,02235362
17,98180;;;-25,24313125
17,98230;;;-25,54832566
17,98280;;;-37,14571316
17,98330;;;-56,98334966
17,98380;;;-70,717098
17,98430;;;-71,32748682
17,98480;;;-64,91840426
17,98530;;;-60,03529373
17,98580;;;-57,59373847
17,98630;;;-55,15218321
17,98680;;;-51,48985032
17,98730;;;-47,82751742
17,98780;;;-45,08076776
17,98830;;;-42,02882368
17,98880;;;-36,53532434
17,98930;;;-30,12624178
17,98980;;;-25,54832566
17,99030;;;-20,97040955
17,99080;;;-13,03535495
17,99130;;;-1,132773046
17,99180;;;10,76980885
17,99230;;;21,14641872
17,99280;;;31,52302858
17,99330;;;41,28924962
17,99380;;;45,86716574
17,99430;;;43,73080489
17,99480;;;39,45808318
17,99530;;;37,62691673
17,99580;;;35,18536147
17,99630;;;29,99705654
17,99680;;;26,02952924
17,99730;;;25,72433483
17,99780;;;24,5035572
17,99830;;;18,09447464
17,99880;;;10,15942004
17,99930;;;6,497087146
17,99980;;;4,360726292
18,00030;;;-1,743161862
18,00080;;;-12,73016054
18,00130;;;-23,1067704
18,00180;;;-32,87299145
18,00230;;;-44,16518453
18,00280;;;-56,06776643
18,00330;;;-64,61320985
18,00380;;;-67,66515393
18,00430;;;-66,44437629
18,00480;;;-61,86646018
18,00530;;;-55,76257203
18,00580;;;-50,57426709
18,00630;;;-47,52232302
18,00680;;;-44,16518453
18,00730;;;-39,28207401
18,00780;;;-34,70415789
18,00830;;;-30,43143619
18,00880;;;-24,63274244
18,00930;;;-17,91846547
18,00980;;;-12,73016054
18,01030;;;-8,152244424
18,01080;;;0,393198992
18,01130;;;13,82175293
18,01180;;;26,63991805
18,01230;;;35,79575029
18,01280;;;45,56197133
18,01330;;;55,93858119
18,01380;;;60,82169172
18,01430;;;58,68533086
18,01480;;;54,41260916
18,01530;;;52,88663712
18,01580;;;50,44508186
18,01630;;;44,95158252
18,01680;;;40,98405522
18,01730;;;40,06847199
18,01780;;;37,93211114
18,01830;;;30,91263976
18,01880;;;24,5035572
18,01930;;;22,36719635
18,01980;;;19,62044668
18,02030;;;10,76980885
18,02080;;;-0,5223842311
18,02130;;;-9,678216462
18,02180;;;-17,91846547
18,02230;;;-29,82104737
18,02280;;;-42,63921249
18,02330;;;-50,26907269
18,02380;;;-52,40543354
18,02430;;;-51,79504472
18,02480;;;-49,35348946
18,02529;;;-44,77557335
18,02579;;;-40,50285164
18,02629;;;-38,06129638
18,02679;;;-35,61974112
18,02729;;;-31,34701941
18,02779;;;-27,37949211
18,02829;;;-24,93793685
18,02879;;;-21,88599277
18,02929;;;-16,39249343
18,02979;;;-10,89899409
18,03029;;;-6,321077977
18,03079;;;1,003587807
18,03129;;;13,21136412
18,03179;;;25,72433483
18,03229;;;35,49055588
18,03279;;;44,3411937
18,03329;;;53,19183152
18,03379;;;57,46455323
18,03429;;;54,71780356
18,03479;;;49,22430422
18,03529;;;46,17236015
18,03579;;;43,42561048
18,03629;;;38,23730555
18,03679;;;33,35419502
18,03729;;;32,13341739
18,03779;;;30,60744535
18,03829;;;24,5035572
18,03879;;;17,48408582
18,03929;;;14,43214175
18,03979;;;12,90616971
18,04029;;;5,581503923
18,04079;;;-5,710689162
18,04129;;;-15,78210462
18,04179;;;-24,02235362
18,04229;;;-34,70415789
18,04279;;;-47,21712861
18,04329;;;-55,45737762
18,04379;;;-57,89893288
18,04429;;;-57,59373847
18,04479;;;-55,76257203
18,04529;;;-51,18465591
18,04579;;;-45,69115657
18,04629;;;-43,24960131
18,04679;;;-42,63921249
18,04729;;;-38,67168519
18,04779;;;-32,87299145
18,04829;;;-28,90546415
18,04879;;;-26,76910329
18,04929;;;-21,58079836
18,04979;;;-14,56132699
18,05029;;;-9,678216462
18,05079;;;-5,710689162
18,05129;;;5,886698331
18,05179;;;27,25030687
18,05229;;;46,47755455
18,05279;;;53,49702593
18,05329;;;50,13988745
18,05379;;;46,78274896
18,05429;;;46,17236015
18,05479;;;45,56197133
18,05529;;;42,20483285
18,05579;;;37,62691673
18,05629;;;33,35419502
18,05679;;;29,99705654
18,05729;;;26,94511246
18,05779;;;23,28277957
18,05829;;;17,78928023
18,05879;;;12,29578089
18,05929;;;7,717864777
18,05979;;;3,750337477
18,06029;;;-2,353550677
18,06079;;;-11,50938291
18,06129;;;-22,19118718
18,06179;;;-32,56779704
18,06229;;;-42,9444069
18,06279;;;-53,01582236
18,06329;;;-60,64568255
18,06379;;;-63,69762663
18,06429;;;-62,17165459
18,06479;;;-58,20412729
18,06529;;;-54,23659999
18,06579;;;-50,57426709
18,06629;;;-47,21712861
18,06679;;;-44,47037894
18,06729;;;-42,02882368
18,06779;;;-39,58726842
18,06829;;;-35,31454671
18,06879;;;-29,21065856
18,06929;;;-24,32754803
18,06979;;;-20,97040955
18,07029;;;-16,08729902
18,07079;;;-6,321077977
18,07129;;;6,191892738
18,07179;;;17,48408582
18,07229;;;27,25030687
18,07279;;;37,62691673
18,07329;;;47,08794337
18,07379;;;50,44508186
18,07429;;;47,69833219
18,07479;;;44,64638811
18,07529;;;43,12041607
18,07579;;;40,98405522
18,07629;;;37,32172232
18,07679;;;35,18536147
18,07729;;;34,57497265
18,07779;;;31,52302858
18,07829;;;24,80875161
18,07879;;;19,92564108
18,07929;;;19,01005786
18,07979;;;16,87369701
18,08029;;;9,549031223
18,08079;;;0,08800458433
18,08128;;;-7,847050016
18,08178;;;-16,69768784
18,08228;;;-28,60026974
18,08278;;;-39,58726842
18,08328;;;-45,69115657
18,08378;;;-47,52232302
18,08428;;;-46,60673979
18,08478;;;-42,9444069
18,08528;;;-37,14571316
18,08578;;;-32,26260263
18,08628;;;-30,43143619
18,08678;;;-28,60026974
18,08728;;;-24,63274244
18,08778;;;-20,66521514
18,08828;;;-17,61327106
18,08878;;;-13,34054935
18,08928;;;-7,541855608
18,08978;;;-2,963939493
18,09028;;;0,6983933997
18,09078;;;8,633448
18,09128;;;21,45161312
18,09178;;;33,96458384
18,09228;;;43,12041607
18,09278;;;51,97105389
18,09328;;;60,51649731
18,09378;;;64,1788302
18,09428;;;61,73727494
18,09478;;;58,38013646
18,09528;;;56,85416442
18,09578;;;54,10741475
18,09628;;;48,91910982
18,09678;;;45,86716574
18,09728;;;46,47755455
18,09778;;;44,95158252
18,09828;;;37,32172232
18,09878;;;29,69186213
18,09928;;;27,55550128
18,09978;;;26,02952924
18,10028;;;18,39966905
18,10078;;;8,023059185
18,10128;;;0,08800458433
18,10178;;;-8,457438831
18,10228;;;-21,58079836
18,10278;;;-34,70415789
18,10328;;;-41,41843486
18,10378;;;-42,63921249
18,10428;;;-43,24960131
18,10478;;;-42,02882368
18,10528;;;-36,84051875
18,10578;;;-31,34701941
18,10628;;;-30,43143619
18,10678;;;-30,73663059
18,10728;;;-25,54832566
18,10778;;;-18,52885429
18,10828;;;-16,69768784
18,10878;;;-17,00288225
18,10928;;;-9,067827647
18,10978;;;6,802281554
18,11028;;;18,39966905
18,11078;;;19,92564108
18,11128;;;19,92564108
18,11178;;;27,25030687
18,11228;;;39,15288877
18,11278;;;49,83469304
18,11328;;;56,54897001
18,11378;;;59,60091409
18,11428;;;59,29571968
18,11478;;;56,2437756
18,11528;;;52,58144271
18,11578;;;49,22430422
18,11628;;;45,86716574
18,11678;;;42,51002725
18,11728;;;40,3736664
18,11778;;;37,62691673
18,11828;;;32,13341739
18,11878;;;26,02952924
18,11928;;;22,97758516
18,11978;;;20,23083549
18,12028;;;14,12694734
18,12078;;;4,360726292
18,12128;;;-4,795105939
18,12178;;;-13,95093817
18,12228;;;-25,24313125
18,12278;;;-36,23012993
18,12328;;;-42,9444069
18,12378;;;-44,47037894
18,12428;;;-43,55479572
18,12478;;;-41,41843486
18,12528;;;-37,45090756
18,12578;;;-33,78857467
18,12628;;;-31,65221382
18,12678;;;-31,041825
18,12728;;;-28,60026974
18,12778;;;-24,32754803
18,12828;;;-20,66521514
18,12878;;;-17,61327106
18,12928;;;-13,95093817
18,12978;;;-10,28860528
18,13028;;;-6,01588357
18,13078;;;1,003587807
18,13128;;;11,68539208
18,13178;;;22,97758516
18,13228;;;31,52302858
18,13278;;;39,45808318
18,13328;;;47,08794337
18,13378;;;50,75027626
18,13428;;;47,69833219
18,13478;;;41,59444403
18,13528;;;37,32172232
18,13578;;;33,65938943
18,13628;;;29,38666772
18,13678;;;25,41914042
18,13728;;;23,58797398
18,13777;;;20,84122431
18,13827;;;15,04253056
18,13877;;;9,243836815
18,13927;;;6,191892738
18,13977;;;3,445143069
18,14027;;;-3,2691339
18,14077;;;-13,34054935
18,14127;;;-22,80157599
18,14177;;;-31,95740822
18,14227;;;-43,24960131
18,14277;;;-54,54179439
18,14327;;;-61,86646018
18,14377;;;-64,61320985
18,14427;;;-64,00282103
18,14477;;;-60,95087696
18,14527;;;-56,06776643
18,14577;;;-51,79504472
18,14627;;;-49,35348946
18,14677;;;-47,21712861
18,14727;;;-43,85999012
18,14777;;;-40,19765723
18,14827;;;-35,61974112
18,14877;;;-30,12624178
18,14927;;;-25,24313125
18,14977;;;-21,88599277
18,15027;;;-17,91846547
18,15077;;;-9,067827647
18,15127;;;2,529559846
18,15177;;;13,51655852
18,15227;;;22,06200194
18,15277;;;30,91263976
18,15327;;;39,15288877
18,15377;;;42,20483285
18,15427;;;40,06847199
18,15477;;;37,01652792
18,15527;;;35,18536147
18,15577;;;31,52302858
18,15627;;;26,63991805
18,15677;;;23,89316839
18,15727;;;23,58797398
18,15777;;;20,5360299
18,15827;;;14,12694734
18,15877;;;8,938642408
18,15927;;;6,497087146
18,15977;;;3,445143069
18,16027;;;-2,658745085
18,16077;;;-11,2041885
18,16127;;;-20,05482632
18,16177;;;-29,51585296
18,16227;;;-40,19765723
18,16277;;;-49,35348946
18,16327;;;-55,15218321
18,16377;;;-56,98334966
18,16427;;;-55,45737762
18,16477;;;-50,8794615
18,16527;;;-45,69115657
18,16577;;;-41,41843486
18,16627;;;-37,45090756
18,16677;;;-33,17818586
18,16727;;;-29,51585296
18,16777;;;-26,15871448
18,16827;;;-20,97040955
18,16877;;;-14,56132699
18,16927;;;-9,98341087
18,16977;;;-6,931466793
18,17027;;;-1,132773046
18,17077;;;8,938642408
18,17127;;;19,92564108
18,17177;;;30,30225095
18,17227;;;41,59444403
18,17277;;;52,88663712
18,17327;;;58,68533086
18,17377;;;59,29571968
18,17427;;;63,26324698
18,17477;;;71,80869039
18,17527;;;73,02946802
18,17577;;;59,90610849
18,17627;;;44,64638811
18,17677;;;41,59444403
18,17727;;;45,56197133
18,17777;;;42,81522166
18,17827;;;33,35419502
18,17877;;;27,86069569
18,17927;;;28,16589009
18,17977;;;25,11394602
18,18027;;;16,26330819
18,18077;;;7,107475961
18,18127;;;-0,2171898234
18,18177;;;-10,89899409
18,18227;;;-24,32754803
18,18277;;;-34,70415789
18,18327;;;-39,58726842
18,18377;;;-41,72362927
18,18427;;;-42,33401809
18,18477;;;-38,9768796
18,18527;;;-33,17818586
18,18577;;;-30,12624178
18,18627;;;-29,21065856
18,18677;;;-26,46390889
18,18727;;;-21,27560395
18,18777;;;-17,30807665
18,18827;;;-14,25613258
18,18877;;;-8,457438831
18,18927;;;-2,04835627
18,18977;;;0,393198992
18,19027;;;2,834754254
18,19077;;;11,38019767
18,19127;;;24,80875161
18,19177;;;36,10094469
18,19227;;;44,03599929
18,19277;;;52,58144271
18,19327;;;61,12688612
18,19376;;;64,48402461
18,19426;;;61,12688612
18,19476;;;56,85416442
18,19526;;;53,80222034
18,19576;;;50,13988745
18,19626;;;44,95158252
18,19676;;;41,89963844
18,19726;;;41,28924962
18,19776;;;37,62691673
18,19826;;;29,99705654
18,19876;;;24,19836279
18,19926;;;21,45161312
18,19976;;;18,09447464
18,20026;;;10,46461445
18,20076;;;1,003587807
18,20126;;;-7,847050016
18,20176;;;-18,22365988
18,20226;;;-30,12624178
18,20276;;;-40,19765723
18,20326;;;-46,9119342
18,20376;;;-50,57426709
18,20426;;;-50,26907269
18,20476;;;-45,99635098
18,20526;;;-40,50285164
18,20576;;;-37,75610197
18,20626;;;-37,14571316
18,20676;;;-34,39896349
18,20726;;;-30,12624178
18,20776;;;-27,68468652
18,20826;;;-25,85352007
18,20876;;;-21,27560395
18,20926;;;-15,1717158
18,20976;;;-11,81457732
18,21026;;;-9,678216462
18,21076;;;-2,658745085
18,21126;;;8,328253592
18,21176;;;19,31525227
18,21226;;;27,86069569
18,21276;;;35,79575029
18,21326;;;42,81522166
18,21376;;;44,64638811
18,21426;;;41,59444403
18,21476;;;37,62691673
18,21526;;;35,49055588
18,21576;;;31,82822299
18,21626;;;26,63991805
18,21676;;;23,58797398
18,21726;;;21,75680753
18,21776;;;17,48408582
18,21826;;;10,76980885
18,21876;;;6,497087146
18,21926;;;4,6659207
18,21976;;;1,613976623
18,22026;;;-4,795105939
18,22076;;;-12,11977172
18,22126;;;-19,44443751
18,22176;;;-29,51585296
18,22226;;;-42,02882368
18,22276;;;-51,79504472
18,22326;;;-56,06776643
18,22376;;;-56,98334966
18,22426;;;-56,37296084
18,22476;;;-53,32101676
18,22526;;;-48,43790624
18,22576;;;-44,16518453
18,22626;;;-41,11324046
18,22676;;;-38,06129638
18,22726;;;-34,39896349
18,22776;;;-31,041825
18,22826;;;-27,0742977
18,22876;;;-21,27560395
18,22926;;;-15,78210462
18,22976;;;-11,81457732
18,23026;;;-7,236661201
18,23076;;;1,308782215
18,23126;;;13,21136412
18,23176;;;24,5035572
18,23226;;;34,26977825
18,23276;;;44,03599929
18,23326;;;51,97105389
18,23376;;;54,41260916
18,23426;;;51,36066508
18,23476;;;47,08794337
18,23526;;;43,12041607
18,23576;;;39,15288877
18,23626;;;35,18536147
18,23676;;;31,52302858
18,23726;;;27,55550128
18,23776;;;22,97758516
18,23826;;;18,09447464
18,23876;;;11,99058648
18,23926;;;5,581503923
18,23976;;;1,919171031
18,24026;;;3,139948661
18,24076;;;2,529559846
18,24126;;;-9,067827647
18,24176;;;-31,041825
18,24226;;;-51,18465591
18,24276;;;-60,95087696
18,24326;;;-64,61320985
18,24376;;;-67,97034833
18,24426;;;-68,88593156
18,24476;;;-64,61320985
18,24526;;;-59,11971051
18,24576;;;-57,28854406
18,24626;;;-56,06776643
18,24676;;;-51,48985032
18,24726;;;-46,60673979
18,24776;;;-45,38596216
18,24826;;;-44,47037894
18,24876;;;-38,67168519
18,24926;;;-31,95740822
18,24976;;;-29,21065856
18,25025;;;-26,15871448
18,25075;;;-16,39249343
18,25125;;;-2,04835627
18,25175;;;9,549031223
18,25225;;;18,39966905
18,25275;;;28,4710845
18,25325;;;37,32172232
18,25375;;;39,45808318
18,25425;;;35,49055588
18,25475;;;32,4386118
18,25525;;;30,91263976
18,25575;;;27,55550128
18,25625;;;22,67239075
18,25675;;;20,23083549
18,25725;;;19,62044668
18,25775;;;15,65291938
18,25825;;;8,328253592
18,25875;;;3,139948661
18,25925;;;1,613976623
18,25975;;;-1,743161862
18,26025;;;-9,98341087
18,26075;;;-19,44443751
18,26125;;;-28,29507533
18,26175;;;-38,06129638
18,26225;;;-49,65868387
18,26275;;;-59,42490492
18,26325;;;-65,83398748
18,26375;;;-68,58073715
18,26425;;;-67,35995952
18,26475;;;-62,47684899
18,26525;;;-57,59373847
18,26575;;;-55,15218321
18,26625;;;-53,62621117
18,26675;;;-49,65868387
18,26725;;;-44,47037894
18,26775;;;-40,50285164
18,26825;;;-36,84051875
18,26875;;;-31,041825
18,26925;;;-25,54832566
18,26975;;;-22,80157599
18,27025;;;-18,22365988
18,27075;;;-7,236661201
18,27125;;;6,497087146
18,27175;;;18,39966905
18,27225;;;28,4710845
18,27275;;;40,06847199
18,27325;;;50,75027626
18,27375;;;53,49702593
18,27425;;;50,13988745
18,27475;;;48,00352659
18,27525;;;48,00352659
18,27575;;;46,17236015
18,27625;;;42,20483285
18,27675;;;40,67886081
18,27725;;;41,28924962
18,27775;;;38,54249995
18,27825;;;33,04900062
18,27875;;;30,30225095
18,27925;;;31,21783417
18,27975;;;29,38666772
18,28025;;;22,36719635
18,28075;;;13,21136412
18,28125;;;4,6659207
18,28175;;;-5,100300347
18,28225;;;-16,69768784
18,28275;;;-26,15871448
18,28325;;;-31,34701941
18,28375;;;-33,48338026
18,28425;;;-32,26260263
18,28475;;;-27,0742977
18,28525;;;-20,66521514
18,28575;;;-16,69768784
18,28625;;;-14,56132699
18,28675;;;-10,28860528
18,28725;;;-4,795105939
18,28775;;;-0,2171898234
18,28825;;;3,445143069
18,28875;;;8,938642408
18,28925;;;14,12694734
18,28975;;;16,87369701
18,29025;;;21,75680753
18,29075;;;31,82822299
18,29125;;;44,3411937
18,29175;;;55,63338679
18,29225;;;65,70480224
18,29275;;;76,38660651
18,29325;;;84,0164667
18,29375;;;84,93204993
18,29425;;;82,18530026
18,29475;;;79,74374499
18,29525;;;76,38660651
18,29575;;;71,19830158
18,29625;;;66,92557987
18,29675;;;65,70480224
18,29725;;;62,95805257
18,29775;;;55,93858119
18,29825;;;48,61391541
18,29875;;;45,25677692
18,29925;;;41,89963844
18,29975;;;35,18536147
18,30025;;;27,25030687
18,30075;;;19,31525227
18,30125;;;5,886698331
18,30175;;;-11,50938291
18,30225;;;-22,19118718
18,30275;;;-22,49638159
18,30325;;;-24,93793685
18,30375;;;-37,75610197
18,30425;;;-51,18465591
18,30475;;;-52,10023913
18,30525;;;-44,77557335
18,30575;;;-42,33401809
18,30624;;;-44,47037894
18,30674;;;-42,63921249
18,30724;;;-36,53532434
18,30774;;;-33,48338026
18,30824;;;-32,26260263
18,30874;;;-27,68468652
18,30924;;;-21,58079836
18,30974;;;-19,1392431
18,31024;;;-16,69768784
18,31074;;;-7,236661201
18,31124;;;7,107475961
18,31174;;;19,31525227
18,31224;;;28,16589009
18,31274;;;38,23730555
18,31324;;;47,39313778
18,31374;;;49,52949863
18,31424;;;45,86716574
18,31474;;;43,12041607
18,31524;;;42,51002725
18,31574;;;39,76327759
18,31624;;;36,10094469
18,31674;;;35,49055588
18,31724;;;36,4061391
18,31774;;;33,04900062
18,31824;;;26,63991805
18,31874;;;23,28277957
18,31924;;;23,58797398
18,31974;;;21,45161312
18,32024;;;15,04253056
18,32074;;;6,497087146
18,32124;;;-2,04835627
18,32174;;;-13,03535495
18,32224;;;-24,93793685
18,32274;;;-34,09376908
18,32324;;;-39,28207401
18,32374;;;-41,11324046
18,32424;;;-38,67168519
18,32474;;;-32,56779704
18,32524;;;-27,0742977
18,32574;;;-24,02235362
18,32624;;;-21,27560395
18,32674;;;-16,69768784
18,32724;;;-12,11977172
18,32774;;;-9,678216462
18,32824;;;-6,931466793
18,32874;;;-1,437967454
18,32924;;;2,529559846
18,32974;;;4,055531884
18,33024;;;7,412670369
18,33074;;;17,17889142
18,33124;;;29,69186213
18,33174;;;39,45808318
18,33224;;;47,69833219
18,33274;;;57,15935882
18,33324;;;63,87363579
18,33374;;;62,65285816
18,33424;;;56,2437756
18,33474;;;51,05547067
18,33524;;;47,08794337
18,33574;;;40,67886081
18,33624;;;33,35419502
18,33674;;;29,38666772
18,33724;;;27,25030687
18,33774;;;21,14641872
18,33824;;;11,68539208
18,33874;;;4,971115108
18,33924;;;2,529559846
18,33974;;;-0,5223842311
18,34024;;;-7,847050016
18,34074;;;-17,61327106
18,34124;;;-28,29507533
18,34174;;;-40,80804605
18,34224;;;-53,62621117
18,34274;;;-63,69762663
18,34324;;;-68,88593156
18,34374;;;-69,49632037
18,34424;;;-65,83398748
18,34474;;;-59,42490492
18,34524;;;-53,01582236
18,34574;;;-49,04829506
18,34624;;;-45,08076776
18,34674;;;-39,28207401
18,34724;;;-33,17818586
18,34774;;;-27,68468652
18,34824;;;-21,58079836
18,34874;;;-14,86652139
18,34924;;;-9,373022054
18,34974;;;-5,710689162
18,35024;;;0,393198992
18,35074;;;12,29578089
18,35124;;;26,63991805
18,35174;;;39,15288877
18,35224;;;49,52949863
18,35274;;;59,29571968
18,35324;;;65,39960783
18,35374;;;65,39960783
18,35424;;;60,82169172
18,35474;;;55,32819238
18,35524;;;49,52949863
18,35574;;;43,12041607
18,35624;;;37,01652792
18,35674;;;32,13341739
18,35724;;;26,63991805
18,35774;;;19,31525227
18,35824;;;11,38019767
18,35874;;;4,971115108
18,35924;;;0,393198992
18,35974;;;-5,405494754
18,36024;;;-14,56132699
18,36074;;;-26,46390889
18,36124;;;-40,19765723
18,36174;;;-54,54179439
18,36224;;;-67,66515393
18,36273;;;-78,95734701
18,36323;;;-86,89240161
18,36373;;;-88,72356806
18,36423;;;-85,36642957
18,36473;;;-82,3144855
18,36523;;;-80,78851346
18,36573;;;-74,37943089
18,36623;;;-60,64568255
18,36673;;;-49,96387828
18,36723;;;-51,79504472
18,36773;;;-59,73009933
18,36823;;;-59,11971051
18,36873;;;-48,43790624
18,36923;;;-40,50285164
18,36973;;;-39,89246282
18,37023;;;-35,61974112
18,37073;;;-21,58079836
18,37123;;;-4,795105939
18,37173;;;5,886698331
18,37223;;;15,04253056
18,37273;;;27,25030687
18,37323;;;37,32172232
18,37373;;;38,54249995
18,37423;;;33,35419502
18,37473;;;29,08147332
18,37523;;;25,72433483
18,37573;;;20,23083549
18,37623;;;14,43214175
18,37673;;;11,38019767
18,37723;;;8,938642408
18,37773;;;2,224365438
18,37823;;;-7,541855608
18,37873;;;-15,1717158
18,37923;;;-18,83404869
18,37973;;;-21,88599277
18,38023;;;-28,29507533
18,38073;;;-39,28207401
18,38123;;;-54,54179439
18,38173;;;-71,32748682
18,38223;;;-85,67162398
18,38273;;;-95,43784503
18,38323;;;-102,4573164
18,38373;;;-106,4248437
18,38423;;;-104,5936773
18,38473;;;-96,96381706
18,38523;;;-90,2495401
18,38573;;;-87,80798483
18,38623;;;-86,2820128
18,38673;;;-81,39890227
18,38723;;;-75,60020853
18,38773;;;-70,717098
18,38823;;;-64,91840426
18,38873;;;-57,28854406
18,38923;;;-51,18465591
18,38973;;;-47,52232302
18,39023;;;-41,41843486
18,39073;;;-27,98988092
18,39123;;;-11,2041885
18,39173;;;2,834754254
18,39223;;;15,04253056
18,39273;;;27,55550128
18,39323;;;36,71133351
18,39373;;;38,54249995
18,39423;;;35,18536147
18,39473;;;33,04900062
18,39523;;;31,21783417
18,39573;;;27,86069569
18,39623;;;24,19836279
18,39673;;;23,28277957
18,39723;;;23,28277957
18,39773;;;19,31525227
18,39823;;;13,21136412
18,39873;;;10,15942004
18,39923;;;10,15942004
18,39973;;;7,717864777
18,40023;;;1,003587807
18,40073;;;-7,847050016
18,40123;;;-17,91846547
18,40173;;;-29,82104737
18,40223;;;-42,33401809
18,40273;;;-52,10023913
18,40323;;;-57,89893288
18,40373;;;-59,42490492
18,40423;;;-54,8469888
18,40473;;;-45,69115657
18,40523;;;-38,06129638
18,40573;;;-33,48338026
18,40623;;;-28,29507533
18,40673;;;-20,97040955
18,40723;;;-14,25613258
18,40773;;;-9,678216462
18,40823;;;-2,963939493
18,40873;;;6,497087146
18,40923;;;14,73733615
18,40973;;;19,31525227
18,41023;;;26,94511246
18,41073;;;42,51002725
18,41123;;;60,82169172
18,41173;;;75,16582888
18,41223;;;87,983994
18,41273;;;101,7177423
18,41323;;;112,3995466
18,41373;;;114,8411019
18,41423;;;111,7891578
18,41473;;;109,6527969
18,41523;;;107,8216305
18,41573;;;103,2437144
18,41623;;;98,36060386
18,41673;;;96,52943742
18,41723;;;95,00346538
18,41773;;;89,20477163
18,41823;;;81,26971703
18,41872;;;76,69180092
18,41922;;;74,86063447
18,41972;;;70,89310717
18,42022;;;62,34766376
18,42072;;;52,2762483
18,42122;;;41,28924962
18,42172;;;27,86069569
18,42222;;;11,99058648
18,42272;;;-1,743161862
18,42322;;;-9,373022054
18,42372;;;-10,59379969
18,42422;;;-8,152244424
18,42472;;;-4,795105939
18,42522;;;-1,437967454
18,42572;;;2,224365438
18,42622;;;5,581503923
18,42672;;;7,412670369
18,42722;;;9,549031223
18,42772;;;14,73733615
18,42822;;;21,45161312
18,42872;;;23,58797398
18,42922;;;22,06200194
18,42972;;;26,63991805
18,43022;;;42,20483285
18,43072;;;57,76974764
18,43122;;;62,34766376
18,43172;;;61,12688612
18,43222;;;68,45155191
18,43272;;;83,10088348
18,43322;;;91,03593808
18,43372;;;86,15282756
18,43422;;;78,82816177
18,43472;;;75,77621769
18,43522;;;72,1138848
18,43572;;;63,26324698
18,43622;;;55,32819238
18,43672;;;52,2762483
18,43722;;;49,22430422
18,43772;;;41,28924962
18,43822;;;31,82822299
18,43872;;;26,33472365
18,43922;;;22,67239075
18,43972;;;15,04253056
18,44022;;;4,055531884
18,44072;;;-6,931466793
18,44122;;;-20,36002073
18,44172;;;-37,45090756
18,44222;;;-54,23659999
18,44272;;;-64,91840426
18,44322;;;-70,41190359
18,44372;;;-73,46384767
18,44422;;;-73,15865326
18,44472;;;-67,66515393
18,44522;;;-61,25607136
18,44572;;;-58,50932169
18,44622;;;-57,89893288
18,44672;;;-54,8469888
18,44722;;;-49,04829506
18,44772;;;-45,08076776
18,44822;;;-42,63921249
18,44872;;;-36,53532434
18,44922;;;-28,60026974
18,44972;;;-24,93793685
18,45022;;;-25,24313125
18,45072;;;-20,36002073
18,45122;;;-7,236661201
18,45172;;;7,412670369
18,45222;;;19,01005786
18,45272;;;29,99705654
18,45322;;;42,51002725
18,45372;;;50,75027626
18,45422;;;49,52949863
18,45472;;;44,03599929
18,45522;;;40,3736664
18,45572;;;37,32172232
18,45622;;;31,21783417
18,45672;;;24,80875161
18,45722;;;21,45161312
18,45772;;;18,70486345
18,45822;;;11,99058648
18,45872;;;3,139948661
18,45922;;;-2,04835627
18,45972;;;-4,795105939
18,46022;;;-9,98341087
18,46072;;;-19,1392431
18,46122;;;-29,51585296
18,46172;;;-41,11324046
18,46222;;;-56,06776643
18,46272;;;-71,32748682
18,46322;;;-81,70409668
18,46372;;;-86,5872072
18,46422;;;-88,72356806
18,46472;;;-87,80798483
18,46522;;;-82,3144855
18,46572;;;-75,29501412
18,46622;;;-70,717098
18,46672;;;-68,27554274
18,46722;;;-64,00282103
18,46772;;;-57,89893288
18,46822;;;-51,79504472
18,46872;;;-46,60673979
18,46922;;;-39,89246282
18,46972;;;-33,48338026
18,47022;;;-28,60026974
18,47072;;;-21,58079836
18,47122;;;-8,152244424
18,47172;;;7,717864777
18,47222;;;21,14641872
18,47272;;;31,82822299
18,47322;;;42,51002725
18,47372;;;50,75027626
18,47422;;;51,97105389
18,47472;;;46,78274896
18,47521;;;41,89963844
18,47571;;;38,54249995
18,47621;;;34,26977825
18,47671;;;28,4710845
18,47721;;;24,5035572
18,47771;;;21,75680753
18,47821;;;15,65291938
18,47871;;;7,717864777
18,47921;;;2,224365438
18,47971;;;-0,2171898234
18,48021;;;-5,100300347
18,48071;;;-14,25613258
18,48121;;;-25,24313125
18,48171;;;-36,23012993
18,48221;;;-48,43790624
18,48271;;;-61,25607136
18,48321;;;-70,717098
18,48371;;;-74,6846253
18,48421;;;-74,98981971
18,48471;;;-71,93787563
18,48521;;;-64,61320985
18,48571;;;-56,06776643
18,48621;;;-49,96387828
18,48671;;;-44,77557335
18,48721;;;-37,75610197
18,48771;;;-30,12624178
18,48821;;;-24,63274244
18,48871;;;-20,05482632
18,48921;;;-12,42496613
18,48971;;;-3,2691339
18,49021;;;2,224365438
18,49071;;;8,633448
18,49121;;;22,97758516
18,49171;;;43,12041607
18,49221;;;58,38013646
18,49271;;;66,62038546
18,49321;;;77,60738414
18,49371;;;96,22424301
18,49421;;;110,2631858
18,49471;;;106,6008529
18,49521;;;90,12035486
18,49571;;;76,69180092
18,49621;;;73,02946802
18,49671;;;73,63985684
18,49721;;;70,89310717
18,49771;;;65,39960783
18,49821;;;58,99052527
18,49871;;;53,49702593
18,49921;;;48,308721
18,49971;;;43,42561048
18,50021;;;37,32172232
18,50071;;;28,16589009
18,50121;;;15,34772497
18,50171;;;0,08800458433
18,50221;;;-15,1717158
18,50271;;;-29,21065856
18,50321;;;-41,11324046
18,50371;;;-49,65868387
18,50421;;;-53,01582236
18,50471;;;-49,96387828
18,50521;;;-43,85999012
18,50571;;;-39,28207401
18,50621;;;-37,14571316
18,50671;;;-34,39896349
18,50721;;;-29,21065856
18,50771;;;-24,63274244
18,50821;;;-20,97040955
18,50871;;;-16,08729902
18,50921;;;-9,067827647
18,50971;;;-4,184717123
18,51021;;;-2,04835627
18,51071;;;3,750337477
18,51121;;;17,48408582
18,51171;;;33,65938943
18,51221;;;46,17236015
18,51271;;;56,85416442
18,51321;;;68,45155191
18,51371;;;76,99699533
18,51421;;;77,30218973
18,51471;;;71,80869039
18,51521;;;66,92557987
18,51571;;;63,26324698
18,51621;;;58,07494205
18,51671;;;52,88663712
18,51721;;;50,13988745
18,51771;;;46,78274896
18,51821;;;39,76327759
18,51871;;;32,13341739
18,51921;;;28,16589009
18,51971;;;25,41914042
18,52021;;;19,01005786
18,52071;;;8,938642408
18,52121;;;-1,132773046
18,52171;;;-13,03535495
18,52221;;;-28,90546415
18,52271;;;-45,08076776
18,52321;;;-55,76257203
18,52371;;;-60,95087696
18,52421;;;-62,47684899
18,52471;;;-60,64568255
18,52521;;;-54,54179439
18,52571;;;-47,52232302
18,52621;;;-43,55479572
18,52671;;;-41,72362927
18,52721;;;-37,75610197
18,52771;;;-33,17818586
18,52821;;;-29,21065856
18,52871;;;-24,63274244
18,52921;;;-17,61327106
18,52971;;;-12,42496613
18,53021;;;-10,59379969
18,53071;;;-6,01588357
18,53120;;;6,191892738
18,53170;;;22,06200194
18,53220;;;34,57497265
18,53270;;;44,64638811
18,53320;;;54,71780356
18,53370;;;61,73727494
18,53420;;;60,82169172
18,53470;;;55,02299797
18,53520;;;49,83469304
18,53570;;;45,25677692
18,53620;;;38,54249995
18,53670;;;31,21783417
18,53720;;;26,94511246
18,53770;;;23,58797398
18,53820;;;16,26330819
18,53870;;;7,412670369
18,53920;;;1,919171031
18,53970;;;0,08800458433
18,54020;;;-5,100300347
18,54070;;;-15,47691021
18,54120;;;-27,98988092
18,54170;;;-41,72362927
18,54220;;;-56,98334966
18,54270;;;-71,63268123
18,54320;;;-82,3144855
18,54370;;;-88,11317924
18,54420;;;-89,94434569
18,54470;;;-87,50279043
18,54520;;;-81,09370786
18,54570;;;-74,37943089
18,54620;;;-70,10670919
18,54670;;;-66,44437629
18,54720;;;-60,64568255
18,54770;;;-54,23659999
18,54820;;;-49,65868387
18,54870;;;-44,77557335
18,54920;;;-37,75610197
18,54970;;;-31,65221382
18,55020;;;-28,60026974
18,55070;;;-21,88599277
18,55120;;;-7,236661201
18,55170;;;10,46461445
18,55220;;;23,89316839
18,55270;;;33,96458384
18,55320;;;45,86716574
18,55370;;;55,02299797
18,55420;;;54,71780356
18,55470;;;47,69833219
18,55520;;;43,73080489
18,55570;;;42,81522166
18,55620;;;36,4061391
18,55670;;;25,11394602
18,55720;;;21,45161312
18,55770;;;28,77627891
18,55820;;;33,65938943
18,55870;;;23,28277957
18,55920;;;3,750337477
18,55970;;;-8,762633239
18,56020;;;-12,42496613
18,56070;;;-17,61327106
18,56120;;;-30,73663059
18,56170;;;-47,82751742
18,56220;;;-63,08723781
18,56270;;;-75,90540293
18,56320;;;-87,50279043
18,56370;;;-95,43784503
18,56420;;;-96,04823384
18,56470;;;-90,85992891
18,56520;;;-84,14565194
18,56570;;;-80,17812464
18,56620;;;-76,51579175
18,56670;;;-70,717098
18,56720;;;-63,08723781
18,56770;;;-56,67815525
18,56820;;;-51,79504472
18,56870;;;-44,16518453
18,56920;;;-34,70415789
18,56970;;;-27,0742977
18,57020;;;-21,88599277
18,57070;;;-12,73016054
18,57120;;;3,139948661
18,57170;;;21,75680753
18,57220;;;37,93211114
18,57270;;;52,58144271
18,57320;;;67,23077428
18,57370;;;77,60738414
18,57420;;;80,0489394
18,57470;;;76,69180092
18,57520;;;73,63985684
18,57570;;;71,50349599
18,57620;;;67,53596869
18,57670;;;63,26324698
18,57720;;;61,12688612
18,57770;;;58,68533086
18,57820;;;52,2762483
18,57870;;;44,64638811
18,57920;;;40,98405522
18,57970;;;39,15288877
18,58020;;;33,35419502
18,58070;;;22,67239075
18,58120;;;10,46461445
18,58170;;;-1,743161862
18,58220;;;-16,69768784
18,58270;;;-32,26260263
18,58320;;;-44,47037894
18,58370;;;-50,57426709
18,58420;;;-51,48985032
18,58470;;;-48,43790624
18,58520;;;-43,24960131
18,58570;;;-38,9768796
18,58620;;;-35,92493552
18,58670;;;-32,26260263
18,58720;;;-26,46390889
18,58769;;;-21,27560395
18,58819;;;-17,30807665
18,58869;;;-12,42496613
18,58919;;;-6,321077977
18,58969;;;-2,353550677
18,59019;;;0,08800458433
18,59069;;;8,023059185
18,59119;;;23,28277957
18,59169;;;39,45808318
18,59219;;;51,66585949
18,59269;;;62,95805257
18,59319;;;75,16582888
18,59369;;;83,10088348
18,59419;;;81,88010585
18,59469;;;75,16582888
18,59519;;;70,28271836
18,59569;;;66,92557987
18,59619;;;61,12688612
18,59669;;;54,41260916
18,59719;;;50,13988745
18,59769;;;46,17236015
18,59819;;;39,15288877
18,59869;;;31,21783417
18,59919;;;26,63991805
18,59969;;;24,5035572
18,60019;;;19,31525227
18,60069;;;9,854225631
18,60119;;;-2,04835627
18,60169;;;-16,39249343
18,60219;;;-32,56779704
18,60269;;;-48,13271183
18,60319;;;-58,8145161
18,60369;;;-64,61320985
18,60419;;;-66,44437629
18,60469;;;-63,39243222
18,60519;;;-56,67815525
18,60569;;;-50,26907269
18,60619;;;-46,60673979
18,60669;;;-42,9444069
18,60719;;;-37,45090756
18,60769;;;-31,34701941
18,60819;;;-25,85352007
18,60869;;;-19,1392431
18,60919;;;-11,2041885
18,60969;;;-6,01588357
18,61019;;;-3,574328308
18,61069;;;3,445143069
18,61119;;;19,01005786
18,61169;;;36,71133351
18,61219;;;50,75027626
18,61269;;;62,04246935
18,61319;;;73,02946802
18,61369;;;79,43855059
18,61419;;;77,30218973
18,61469;;;71,19830158
18,61519;;;66,31519106
18,61569;;;61,43208053
18,61619;;;53,19183152
18,61669;;;45,25677692
18,61719;;;41,28924962
18,61769;;;37,32172232
18,61819;;;28,4710845
18,61869;;;17,78928023
18,61919;;;12,29578089
18,61969;;;9,243836815
18,62019;;;1,308782215
18,62069;;;-11,50938291
18,62119;;;-23,71715922
18,62169;;;-35,92493552
18,62219;;;-53,62621117
18,62269;;;-73,46384767
18,62319;;;-83,23006872
18,62369;;;-79,87293023
18,62419;;;-74,07423649
18,62469;;;-75,90540293
18,62519;;;-82,3144855
18,62569;;;-84,14565194
18,62619;;;-78,95734701
18,62669;;;-71,32748682
18,62719;;;-65,52879307
18,62769;;;-60,95087696
18,62819;;;-55,76257203
18,62869;;;-48,43790624
18,62919;;;-41,11324046
18,62969;;;-36,23012993
18,63019;;;-31,65221382
18,63069;;;-21,58079836
18,63119;;;-5,100300347
18,63169;;;11,68539208
18,63219;;;25,41914042
18,63269;;;38,84769436
18,63319;;;52,2762483
18,63369;;;61,12688612
18,63419;;;61,43208053
18,63469;;;56,85416442
18,63519;;;53,49702593
18,63569;;;50,75027626
18,63619;;;45,86716574
18,63669;;;40,06847199
18,63719;;;36,4061391
18,63769;;;32,74380621
18,63819;;;26,02952924
18,63869;;;17,78928023
18,63919;;;12,6009753
18,63969;;;8,938642408
18,64019;;;2,834754254
18,64069;;;-6,931466793
18,64119;;;-19,1392431
18,64169;;;-33,78857467
18,64219;;;-49,65868387
18,64269;;;-64,30801544
18,64319;;;-74,6846253
18,64368;;;-79,87293023
18,64418;;;-80,78851346
18,64468;;;-77,43137497
18,64518;;;-70,717098
18,64568;;;-64,61320985
18,64618;;;-59,73009933
18,64668;;;-53,93140558
18,64718;;;-46,9119342
18,64768;;;-41,11324046
18,64818;;;-36,23012993
18,64868;;;-29,21065856
18,64918;;;-21,27560395
18,64968;;;-16,69768784
18,65018;;;-14,25613258
18,65068;;;-5,100300347
18,65118;;;12,6009753
18,65168;;;31,21783417
18,65218;;;44,64638811
18,65268;;;56,54897001
18,65318;;;69,36713513
18,65368;;;77,30218973
18,65418;;;76,0814121
18,65468;;;70,89310717
18,65518;;;67,23077428
18,65568;;;64,48402461
18,65618;;;59,29571968
18,65668;;;54,41260916
18,65718;;;52,58144271
18,65768;;;50,44508186
18,65818;;;43,42561048
18,65868;;;35,79575029
18,65918;;;32,13341739
18,65968;;;30,91263976
18,66018;;;26,63991805
18,66068;;;17,78928023
18,66118;;;6,497087146
18,66168;;;-6,321077977
18,66218;;;-21,27560395
18,66268;;;-35,92493552
18,66318;;;-46,30154539
18,66368;;;-50,57426709
18,66418;;;-49,96387828
18,66468;;;-44,47037894
18,66518;;;-37,45090756
18,66568;;;-31,95740822
18,66618;;;-28,29507533
18,66668;;;-24,02235362
18,66718;;;-18,52885429
18,66768;;;-13,95093817
18,66818;;;-10,28860528
18,66868;;;-4,795105939
18,66918;;;1,308782215
18,66968;;;4,6659207
18,67018;;;5,581503923
18,67068;;;12,29578089
18,67118;;;26,94511246
18,67168;;;42,81522166
18,67218;;;55,02299797
18,67268;;;65,39960783
18,67318;;;76,38660651
18,67368;;;83,10088348
18,67418;;;80,96452263
18,67468;;;73,94505125
18,67518;;;68,45155191
18,67568;;;64,1788302
18,67618;;;57,15935882
18,67668;;;49,52949863
18,67718;;;44,64638811
18,67768;;;39,76327759
18,67818;;;31,21783417
18,67868;;;22,36719635
18,67918;;;18,09447464
18,67968;;;16,5685026
18,68018;;;11,07500326
18,68068;;;0,08800458433
18,68118;;;-13,34054935
18,68168;;;-27,37949211
18,68218;;;-43,55479572
18,68268;;;-59,42490492
18,68318;;;-69,80151478
18,68368;;;-72,85345886
18,68418;;;-74,07423649
18,68468;;;-74,07423649
18,68518;;;-67,97034833
18,68568;;;-53,62621117
18,68618;;;-39,58726842
18,68668;;;-35,92493552
18,68718;;;-42,02882368
18,68768;;;-46,30154539
18,68818;;;-40,80804605
18,68868;;;-29,21065856
18,68918;;;-21,88599277
18,68968;;;-20,66521514
18,69018;;;-17,91846547
18,69068;;;-7,236661201
18,69118;;;8,328253592
18,69168;;;23,28277957
18,69218;;;36,71133351
18,69268;;;51,05547067
18,69318;;;64,48402461
18,69368;;;70,28271836
18,69418;;;68,45155191
18,69468;;;64,48402461
18,69518;;;61,12688612
18,69568;;;55,93858119
18,69618;;;48,61391541
18,69668;;;43,73080489
18,69718;;;41,59444403
18,69768;;;37,62691673
18,69818;;;29,08147332
18,69868;;;20,84122431
18,69918;;;16,26330819
18,69968;;;12,29578089
18,70017;;;5,581503923
18,70067;;;-3,574328308
18,70117;;;-15,1717158
18,70167;;;-29,82104737
18,70217;;;-46,60673979
18,70267;;;-60,34048814
18,70317;;;-69,19112596
18,70367;;;-74,6846253
18,70417;;;-76,51579175
18,70467;;;-72,24307004
18,70517;;;-64,00282103
18,70567;;;-57,59373847
18,70617;;;-55,15218321
18,70667;;;-51,79504472
18,70717;;;-45,69115657
18,70767;;;-40,19765723
18,70817;;;-35,61974112
18,70867;;;-28,60026974
18,70917;;;-20,36002073
18,70967;;;-15,1717158
18,71017;;;-12,42496613
18,71067;;;-4,489911531
18,71117;;;11,68539208
18,71167;;;29,38666772
18,71217;;;42,81522166
18,71267;;;55,32819238
18,71317;;;67,84116309
18,71367;;;75,47102329
18,71417;;;74,25024566
18,71467;;;69,06194072
18,71517;;;65,09441342
18,71567;;;61,73727494
18,71617;;;55,93858119
18,71667;;;49,52949863
18,71717;;;44,64638811
18,71767;;;38,54249995
18,71817;;;29,38666772
18,71867;;;21,14641872
18,71917;;;16,5685026
18,71967;;;12,6009753
18,72017;;;4,971115108
18,72067;;;-6,01588357
18,72117;;;-19,74963192
18,72167;;;-35,92493552
18,72217;;;-53,32101676
18,72267;;;-68,27554274
18,72317;;;-78,6521526
18,72367;;;-84,45084635
18,72417;;;-86,2820128
18,72467;;;-82,3144855
18,72517;;;-75,29501412
18,72567;;;-69,80151478
18,72617;;;-66,7495707
18,72667;;;-61,86646018
18,72717;;;-54,54179439
18,72767;;;-47,82751742
18,72817;;;-42,63921249
18,72867;;;-35,92493552
18,72917;;;-27,98988092
18,72967;;;-23,1067704
18,73017;;;-18,83404869
18,73067;;;-8,457438831
18,73117;;;8,023059185
18,73167;;;24,80875161
18,73217;;;38,23730555
18,73267;;;51,97105389
18,73317;;;65,70480224
18,73367;;;72,41907921
18,73417;;;70,89310717
18,73467;;;67,23077428
18,73517;;;66,00999665
18,73567;;;63,26324698
18,73617;;;57,15935882
18,73667;;;52,2762483
18,73717;;;51,66585949
18,73767;;;48,308721
18,73817;;;39,45808318
18,73867;;;30,91263976
18,73917;;;28,16589009
18,73967;;;26,02952924
18,74017;;;18,39966905
18,74067;;;7,412670369
18,74117;;;-3,2691339
18,74167;;;-16,39249343
18,74217;;;-34,09376908
18,74267;;;-50,8794615
18,74317;;;-60,34048814
18,74367;;;-64,61320985
18,74417;;;-66,44437629
18,74467;;;-64,00282103
18,74517;;;-56,37296084
18,74567;;;-49,96387828
18,74617;;;-48,13271183
18,74667;;;-46,30154539
18,74717;;;-40,50285164
18,74767;;;-33,78857467
18,74817;;;-30,43143619
18,74867;;;-25,85352007
18,74917;;;-17,61327106
18,74967;;;-12,42496613
18,75017;;;-12,42496613
18,75067;;;-6,931466793
18,75117;;;14,43214175
18,75167;;;42,81522166
18,75217;;;59,29571968
18,75267;;;61,12688612
18,75317;;;60,82169172
18,75367;;;64,48402461
18,75417;;;66,31519106
18,75467;;;62,34766376
18,75517;;;55,93858119
18,75567;;;50,13988745
18,75616;;;44,95158252
18,75666;;;39,45808318
18,75716;;;34,88016706
18,75766;;;29,99705654
18,75816;;;22,97758516
18,75866;;;15,34772497
18,75916;;;10,15942004
18,75966;;;7,107475961
18,76016;;;2,224365438
18,76066;;;-6,626272385
18,76116;;;-19,44443751
18,76166;;;-35,0093523
18,76216;;;-51,48985032
18,76266;;;-65,22359866
18,76316;;;-74,6846253
18,76366;;;-79,87293023
18,76416;;;-80,17812464
18,76466;;;-74,98981971
18,76516;;;-67,97034833
18,76566;;;-63,08723781
18,76616;;;-59,73009933
18,76666;;;-54,54179439
18,76716;;;-46,9119342
18,76766;;;-40,50285164
18,76816;;;-35,0093523
18,76866;;;-27,68468652
18,76916;;;-19,74963192
18,76966;;;-15,1717158
18,77016;;;-11,81457732
18,77066;;;-2,04835627
18,77116;;;14,43214175
18,77166;;;31,52302858
18,77216;;;45,25677692
18,77266;;;58,38013646
18,77316;;;71,50349599
18,77366;;;78,21777296
18,77416;;;75,47102329
18,77466;;;70,28271836
18,77516;;;67,53596869
18,77566;;;64,78921902
18,77616;;;59,29571968
18,77666;;;53,80222034
18,77716;;;50,75027626
18,77766;;;47,08794337
18,77816;;;40,06847199
18,77866;;;32,74380621
18,77916;;;27,86069569
18,77966;;;24,5035572
18,78016;;;19,62044668
18,78066;;;11,38019767
18,78116;;;-0,2171898234
18,78166;;;-16,08729902
18,78216;;;-32,56779704
18,78266;;;-45,69115657
18,78316;;;-54,8469888
18,78366;;;-60,03529373
18,78416;;;-60,34048814
18,78466;;;-54,8469888
18,78516;;;-47,21712861
18,78566;;;-42,9444069
18,78616;;;-40,19765723
18,78666;;;-34,70415789
18,78716;;;-27,0742977
18,78766;;;-21,58079836
18,78816;;;-16,69768784
18,78866;;;-9,678216462
18,78916;;;-2,353550677
18,78966;;;0,6983933997
18,79016;;;3,139948661
18,79066;;;12,29578089
18,79116;;;27,86069569
18,79166;;;44,03599929
18,79216;;;56,85416442
18,79266;;;69,67232954
18,79316;;;80,96452263
18,79366;;;85,84763315
18,79416;;;84,0164667
18,79466;;;80,0489394
18,79516;;;76,38660651
18,79566;;;70,58791276
18,79616;;;62,95805257
18,79666;;;58,07494205
18,79716;;;55,32819238
18,79766;;;49,83469304
18,79816;;;39,76327759
18,79866;;;31,82822299
18,79916;;;28,16589009
18,79966;;;24,19836279
18,80016;;;15,65291938
18,80066;;;4,360726292
18,80116;;;-8,152244424
18,80166;;;-24,02235362
18,80216;;;-42,33401809
18,80266;;;-58,50932169
18,80316;;;-68,88593156
18,80366;;;-75,60020853
18,80416;;;-78,6521526
18,80466;;;-76,82098616
18,80516;;;-70,717098
18,80566;;;-65,22359866
18,80616;;;-63,39243222
18,80666;;;-60,64568255
18,80716;;;-55,45737762
18,80766;;;-50,8794615
18,80816;;;-47,21712861
18,80866;;;-41,41843486
18,80916;;;-34,09376908
18,80966;;;-30,43143619
18,81016;;;-29,51585296
18,81066;;;-21,58079836
18,81116;;;-3,2691339
18,81166;;;14,12694734
18,81216;;;24,5035572
18,81265;;;33,96458384
18,81315;;;50,44508186
18,81365;;;66,62038546
18,81415;;;67,23077428
18,81465;;;52,58144271
18,81515;;;37,62691673
18,81565;;;32,13341739
18,81615;;;31,21783417
18,81665;;;28,16589009
18,81715;;;23,28277957
18,81765;;;19,01005786
18,81815;;;14,43214175
18,81865;;;8,633448
18,81915;;;4,055531884
18,81965;;;1,613976623
18,82015;;;-1,743161862
18,82065;;;-10,89899409
18,82115;;;-24,63274244
18,82165;;;-39,89246282
18,82215;;;-54,23659999
18,82265;;;-66,44437629
18,82315;;;-76,21059734
18,82365;;;-81,70409668
18,82415;;;-81,70409668
18,82465;;;-76,82098616
18,82515;;;-70,41190359
18,82565;;;-65,52879307
18,82615;;;-61,25607136
18,82665;;;-55,76257203
18,82715;;;-49,65868387
18,82765;;;-43,85999012
18,82815;;;-37,45090756
18,82865;;;-29,51585296
18,82915;;;-22,80157599
18,82965;;;-19,44443751
18,83015;;;-15,1717158
18,83065;;;-3,574328308
18,83115;;;13,82175293
18,83165;;;30,91263976
18,83215;;;44,64638811
18,83265;;;57,76974764
18,83315;;;69,97752395
18,83365;;;76,99699533
18,83415;;;76,99699533
18,83465;;;73,33466243
18,83515;;;69,97752395
18,83565;;;65,70480224
18,83615;;;59,90610849
18,83665;;;55,02299797
18,83715;;;51,97105389
18,83765;;;47,39313778
18,83815;;;39,76327759
18,83865;;;32,13341739
18,83915;;;27,25030687
18,83965;;;23,58797398
18,84015;;;18,09447464
18,84065;;;8,633448
18,84115;;;-5,405494754
18,84165;;;-22,80157599
18,84215;;;-39,58726842
18,84265;;;-53,01582236
18,84315;;;-62,7820434
18,84365;;;-69,80151478
18,84415;;;-71,32748682
18,84465;;;-66,7495707
18,84515;;;-59,73009933
18,84565;;;-55,45737762
18,84615;;;-52,40543354
18,84665;;;-47,52232302
18,84715;;;-41,72362927
18,84765;;;-36,84051875
18,84815;;;-31,65221382
18,84865;;;-24,32754803
18,84915;;;-17,30807665
18,84965;;;-14,86652139
18,85015;;;-12,11977172
18,85065;;;-1,743161862
18,85115;;;14,43214175
18,85165;;;30,60744535
18,85215;;;43,73080489
18,85265;;;56,85416442
18,85315;;;68,45155191
18,85365;;;72,72427362
18,85415;;;69,97752395
18,85465;;;65,70480224
18,85515;;;63,26324698
18,85565;;;59,29571968
18,85615;;;53,49702593
18,85665;;;48,308721
18,85715;;;44,64638811
18,85765;;;38,84769436
18,85815;;;29,99705654
18,85865;;;22,97758516
18,85915;;;19,31525227
18,85965;;;15,65291938
18,86015;;;8,938642408
18,86065;;;-0,8275786388
18,86115;;;-13,64574376
18,86165;;;-29,82104737
18,86215;;;-46,9119342
18,86265;;;-61,25607136
18,86315;;;-71,02229241
18,86365;;;-77,12618056
18,86415;;;-78,34695819
18,86465;;;-73,76904208
18,86515;;;-67,05476511
18,86565;;;-63,08723781
18,86615;;;-60,64568255
18,86665;;;-55,45737762
18,86715;;;-48,43790624
18,86765;;;-43,24960131
18,86815;;;-38,67168519
18,86864;;;-30,73663059
18,86914;;;-22,49638159
18,86964;;;-18,83404869
18,87014;;;-16,69768784
18,87064;;;-6,931466793
18,87114;;;10,76980885
18,87164;;;27,86069569
18,87214;;;40,3736664
18,87264;;;52,58144271
18,87314;;;66,00999665
18,87364;;;73,02946802
18,87414;;;69,97752395
18,87464;;;64,78921902
18,87514;;;64,78921902
18,87564;;;64,1788302
18,87614;;;57,46455323
18,87664;;;50,75027626
18,87714;;;52,88663712
18,87764;;;58,99052527
18,87814;;;55,93858119
18,87864;;;41,28924962
18,87914;;;26,94511246
18,87964;;;21,45161312
18,88014;;;19,62044668
18,88064;;;11,68539208
18,88114;;;-3,2691339
18,88164;;;-20,36002073
18,88214;;;-35,0093523
18,88264;;;-47,82751742
18,88314;;;-59,42490492
18,88364;;;-67,05476511
18,88414;;;-66,7495707
18,88464;;;-60,64568255
18,88514;;;-54,8469888
18,88564;;;-52,10023913
18,88614;;;-49,35348946
18,88664;;;-44,47037894
18,88714;;;-39,58726842
18,88764;;;-36,53532434
18,88814;;;-32,26260263
18,88864;;;-24,93793685
18,88914;;;-17,91846547
18,88964;;;-14,86652139
18,89014;;;-11,50938291
18,89064;;;-1,743161862
18,89114;;;14,12694734
18,89164;;;30,30225095
18,89214;;;44,3411937
18,89264;;;57,76974764
18,89314;;;69,36713513
18,89364;;;74,86063447
18,89414;;;73,33466243
18,89464;;;69,97752395
18,89514;;;66,92557987
18,89564;;;62,95805257
18,89614;;;58,07494205
18,89664;;;54,41260916
18,89714;;;51,66585949
18,89764;;;46,78274896
18,89814;;;39,45808318
18,89864;;;33,04900062
18,89914;;;28,77627891
18,89964;;;24,80875161
18,90014;;;18,39966905
18,90064;;;8,938642408
18,90114;;;-4,489911531
18,90164;;;-20,97040955
18,90214;;;-37,45090756
18,90264;;;-51,18465591
18,90314;;;-61,56126577
18,90364;;;-67,66515393
18,90414;;;-67,66515393
18,90464;;;-63,08723781
18,90514;;;-58,50932169
18,90564;;;-56,67815525
18,90614;;;-54,8469888
18,90664;;;-49,96387828
18,90714;;;-44,16518453
18,90764;;;-39,89246282
18,90814;;;-34,09376908
18,90864;;;-25,54832566
18,90914;;;-19,1392431
18,90964;;;-17,61327106
18,91014;;;-14,56132699
18,91064;;;-2,963939493
18,91114;;;13,82175293
18,91164;;;29,08147332
18,91214;;;42,51002725
18,91264;;;56,85416442
18,91314;;;69,06194072
18,91364;;;73,94505125
18,91414;;;71,50349599
18,91464;;;67,84116309
18,91514;;;65,39960783
18,91564;;;61,43208053
18,91614;;;56,54897001
18,91664;;;54,10741475
18,91714;;;51,66585949
18,91764;;;45,86716574
18,91814;;;37,32172232
18,91864;;;30,91263976
18,91914;;;27,55550128
18,91964;;;24,19836279
18,92014;;;18,09447464
18,92064;;;8,023059185
18,92114;;;-6,01588357
18,92164;;;-23,71715922
18,92214;;;-40,50285164
18,92264;;;-53,93140558
18,92314;;;-64,61320985
18,92364;;;-73,15865326
18,92414;;;-75,60020853
18,92464;;;-71,63268123
18,92513;;;-66,7495707
18,92563;;;-64,30801544
18,92613;;;-62,47684899
18,92663;;;-57,89893288
18,92713;;;-53,01582236
18,92763;;;-50,57426709
18,92813;;;-47,82751742
18,92863;;;-41,72362927
18,92913;;;-36,23012993
18,92963;;;-34,09376908
18,93013;;;-30,73663059
18,93063;;;-20,36002073
18,93113;;;-4,489911531
18,93163;;;10,76980885
18,93213;;;25,41914042
18,93263;;;39,45808318
18,93313;;;50,75027626
18,93363;;;55,32819238
18,93413;;;55,32819238
18,93463;;;53,80222034
18,93513;;;51,66585949
18,93563;;;48,00352659
18,93613;;;44,03599929
18,93663;;;40,67886081
18,93713;;;37,62691673
18,93763;;;33,35419502
18,93813;;;28,4710845
18,93863;;;23,58797398
18,93913;;;19,62044668
18,93963;;;16,87369701
18,94013;;;13,51655852
18,94063;;;4,360726292
18,94113;;;-12,11977172
18,94163;;;-27,37949211
18,94213;;;-33,48338026
18,94263;;;-36,84051875
18,94313;;;-49,35348946
18,94363;;;-67,66515393
18,94413;;;-74,98981971
18,94463;;;-67,05476511
18,94513;;;-56,98334966
18,94563;;;-54,8469888
18,94613;;;-53,62621117
18,94663;;;-46,30154539
18,94713;;;-37,45090756
18,94763;;;-32,87299145
18,94813;;;-27,37949211
18,94863;;;-17,91846547
18,94913;;;-10,28860528
18,94963;;;-9,067827647
18,95013;;;-6,321077977
18,95063;;;5,886698331
18,95113;;;23,28277957
18,95163;;;37,01652792
18,95213;;;48,91910982
18,95263;;;63,87363579
18,95313;;;77,30218973
18,95363;;;80,65932822
18,95413;;;76,38660651
18,95463;;;73,02946802
18,95513;;;71,80869039
18,95563;;;67,53596869
18,95613;;;61,12688612
18,95663;;;57,46455323
18,95713;;;55,02299797
18,95763;;;49,22430422
18,95813;;;40,67886081
18,95863;;;33,96458384
18,95913;;;30,91263976
18,95963;;;26,94511246
18,96013;;;20,23083549
18,96063;;;10,46461445
18,96113;;;-2,04835627
18,96163;;;-18,83404869
18,96213;;;-35,61974112
18,96263;;;-48,43790624
18,96313;;;-57,28854406
18,96363;;;-62,7820434
18,96413;;;-63,08723781
18,96463;;;-57,28854406
18,96513;;;-51,48985032
18,96563;;;-49,65868387
18,96613;;;-48,43790624
18,96663;;;-43,55479572
18,96713;;;-37,75610197
18,96763;;;-34,70415789
18,96813;;;-31,34701941
18,96863;;;-24,32754803
18,96913;;;-17,91846547
18,96963;;;-17,30807665
18,97013;;;-16,39249343
18,97063;;;-7,847050016
18,97113;;;7,717864777
18,97163;;;22,67239075
18,97213;;;34,88016706
18,97263;;;47,08794337
18,97313;;;57,46455323
18,97363;;;60,82169172
18,97413;;;58,07494205
18,97463;;;54,71780356
18,97513;;;51,97105389
18,97563;;;47,39313778
18,97613;;;41,89963844
18,97663;;;39,15288877
18,97713;;;37,01652792
18,97763;;;30,91263976
18,97813;;;22,36719635
18,97863;;;16,87369701
18,97913;;;15,04253056
18,97963;;;11,99058648
18,98013;;;6,191892738
18,98063;;;-1,743161862
18,98112;;;-12,73016054
18,98162;;;-27,37949211
18,98212;;;-42,9444069
18,98262;;;-54,8469888
18,98312;;;-62,7820434
18,98362;;;-67,66515393
18,98412;;;-67,35995952
18,98462;;;-60,95087696
18,98512;;;-53,32101676
18,98562;;;-49,96387828
18,98612;;;-48,13271183
18,98662;;;-43,24960131
18,98712;;;-36,84051875
18,98762;;;-32,26260263
18,98812;;;-27,37949211
18,98862;;;-20,05482632
18,98912;;;-14,25613258
18,98962;;;-12,73016054
18,99012;;;-9,98341087
18,99062;;;0,6983933997
18,99112;;;15,95811378
18,99162;;;28,77627891
18,99212;;;40,06847199
18,99262;;;53,80222034
18,99312;;;65,70480224
18,99362;;;67,84116309
18,99412;;;62,34766376
18,99462;;;56,85416442
18,99512;;;53,49702593
18,99562;;;47,69833219
18,99612;;;40,67886081
18,99662;;;36,4061391
18,99712;;;32,74380621
18,99762;;;25,72433483
18,99812;;;18,09447464
18,99862;;;13,51655852
18,99912;;;9,549031223
18,99962;;;1,003587807
19,00012;;;-8,457438831
19,00062;;;-15,47691021
19,00112;;;-23,71715922
19,00162;;;-38,36649079
19,00212;;;-55,15218321
19,00262;;;-67,97034833
19,00312;;;-77,12618056
19,00362;;;-85,06123516
19,00412;;;-85,06123516
19,00462;;;-74,6846253
19,00512;;;-66,13918189
19,00562;;;-68,88593156
19,00612;;;-71,32748682
19,00662;;;-57,89893288
19,00712;;;-37,45090756
19,00762;;;-31,041825
19,00812;;;-39,28207401
19,00862;;;-42,63921249
19,00912;;;-34,70415789
19,00962;;;-26,46390889
19,01012;;;-23,41196481
19,01062;;;-15,1717158
19,01112;;;2,224365438
19,01162;;;20,23083549
19,01212;;;32,4386118
19,01262;;;43,73080489
19,01312;;;56,2437756
19,01362;;;62,34766376
19,01412;;;59,29571968
19,01462;;;54,71780356
19,01512;;;53,19183152
19,01562;;;49,83469304
19,01612;;;42,51002725
19,01662;;;37,93211114
19,01712;;;38,23730555
19,01762;;;36,10094469
19,01812;;;26,94511246
19,01862;;;17,17889142
19,01912;;;13,51655852
19,01962;;;11,38019767
19,02012;;;6,191892738
19,02062;;;-0,8275786388
19,02112;;;-8,152244424
19,02162;;;-19,1392431
19,02212;;;-36,23012993
19,02262;;;-52,71062795
19,02312;;;-63,69762663
19,02362;;;-70,717098
19,02412;;;-76,21059734
19,02462;;;-76,51579175
19,02512;;;-70,717098
19,02562;;;-64,30801544
19,02612;;;-61,56126577
19,02662;;;-59,11971051
19,02712;;;-52,10023913
19,02762;;;-44,47037894
19,02812;;;-38,67168519
19,02862;;;-32,56779704
19,02912;;;-23,71715922
19,02962;;;-15,47691021
19,03012;;;-11,81457732
19,03062;;;-6,931466793
19,03112;;;4,6659207
19,03162;;;21,75680753
19,03212;;;37,62691673
19,03262;;;52,2762483
19,03312;;;67,53596869
19,03362;;;79,13335618
19,03412;;;83,40607789
19,03462;;;81,57491144
19,03512;;;79,43855059
19,03562;;;77,60738414
19,03612;;;73,02946802
19,03662;;;67,23077428
19,03712;;;63,87363579
19,03761;;;61,12688612
19,03811;;;55,93858119
19,03861;;;48,308721
19,03911;;;41,59444403
19,03961;;;37,32172232
19,04011;;;32,74380621
19,04061;;;26,63991805
19,04111;;;17,78928023
19,04161;;;4,360726292
19,04211;;;-12,11977172
19,04261;;;-27,37949211
19,04311;;;-38,36649079
19,04361;;;-46,30154539
19,04411;;;-51,79504472
19,04461;;;-52,40543354
19,04511;;;-47,82751742
19,04561;;;-42,63921249
19,04611;;;-39,58726842
19,04661;;;-36,84051875
19,04711;;;-31,95740822
19,04761;;;-27,0742977
19,04811;;;-24,32754803
19,04861;;;-20,05482632
19,04911;;;-13,64574376
19,04961;;;-8,152244424
19,05011;;;-5,710689162
19,05061;;;-1,437967454
19,05111;;;9,549031223
19,05161;;;25,11394602
19,05211;;;39,45808318
19,05261;;;52,2762483
19,05311;;;64,78921902
19,05361;;;74,25024566
19,05411;;;76,69180092
19,05461;;;73,63985684
19,05511;;;69,67232954
19,05561;;;65,39960783
19,05611;;;59,90610849
19,05661;;;54,71780356
19,05711;;;50,75027626
19,05761;;;46,17236015
19,05811;;;38,84769436
19,05861;;;30,91263976
19,05911;;;25,11394602
19,05961;;;20,5360299
19,06011;;;14,73733615
19,06061;;;7,717864777
19,06111;;;-1,132773046
19,06161;;;-14,86652139
19,06211;;;-32,26260263
19,06261;;;-48,74310065
19,06311;;;-61,25607136
19,06361;;;-71,02229241
19,06411;;;-78,04176379
19,06461;;;-78,34695819
19,06511;;;-72,85345886
19,06561;;;-68,27554274
19,06611;;;-66,7495707
19,06661;;;-63,69762663
19,06711;;;-57,59373847
19,06761;;;-53,01582236
19,06811;;;-50,8794615
19,06861;;;-45,69115657
19,06911;;;-36,84051875
19,06961;;;-30,43143619
19,07011;;;-29,51585296
19,07061;;;-25,85352007
19,07111;;;-13,34054935
19,07161;;;3,139948661
19,07211;;;18,09447464
19,07261;;;32,13341739
19,07311;;;46,78274896
19,07361;;;57,46455323
19,07411;;;60,82169172
19,07461;;;59,90610849
19,07511;;;58,68533086
19,07561;;;56,54897001
19,07611;;;52,2762483
19,07661;;;48,61391541
19,07711;;;46,17236015
19,07761;;;42,20483285
19,07811;;;35,79575029
19,07861;;;30,60744535
19,07911;;;26,63991805
19,07961;;;21,14641872
19,08011;;;16,26330819
19,08061;;;17,78928023
19,08111;;;19,31525227
19,08161;;;7,107475961
19,08211;;;-19,44443751
19,08261;;;-43,85999012
19,08311;;;-54,8469888
19,08361;;;-59,11971051
19,08411;;;-64,91840426
19,08461;;;-66,44437629
19,08511;;;-59,11971051
19,08561;;;-50,57426709
19,08611;;;-49,35348946
19,08661;;;-49,65868387
19,08711;;;-44,16518453
19,08761;;;-36,23012993
19,08811;;;-32,87299145
19,08861;;;-29,51585296
19,08911;;;-21,27560395
19,08961;;;-13,34054935
19,09011;;;-12,11977172
19,09061;;;-10,59379969
19,09111;;;-0,2171898234
19,09161;;;15,04253056
19,09211;;;28,16589009
19,09261;;;39,45808318
19,09311;;;53,49702593
19,09360;;;65,70480224
19,09410;;;68,1463575
19,09460;;;64,1788302
19,09510;;;61,73727494
19,09560;;;60,82169172
19,09610;;;55,93858119
19,09660;;;48,91910982
19,09710;;;46,47755455
19,09760;;;46,17236015
19,09810;;;40,67886081
19,09860;;;30,91263976
19,09910;;;24,19836279
19,09960;;;22,67239075
19,10010;;;19,92564108
19,10060;;;12,6009753
19,10110;;;3,139948661
19,10160;;;-8,152244424
19,10210;;;-23,41196481
19,10260;;;-40,50285164
19,10310;;;-53,32101676
19,10360;;;-60,95087696
19,10410;;;-65,52879307
19,10460;;;-66,13918189
19,10510;;;-61,86646018
19,10560;;;-56,06776643
19,10610;;;-53,32101676
19,10660;;;-51,79504472
19,10710;;;-47,82751742
19,10760;;;-41,72362927
19,10810;;;-36,84051875
19,10860;;;-32,26260263
19,10910;;;-25,85352007
19,10960;;;-20,66521514
19,11010;;;-18,83404869
19,11060;;;-15,47691021
19,11110;;;-4,489911531
19,11160;;;11,07500326
19,11210;;;25,72433483
19,11260;;;37,93211114
19,11310;;;50,44508186
19,11360;;;60,51649731
19,11410;;;63,56844139
19,11460;;;61,12688612
19,11510;;;58,38013646
19,11560;;;56,2437756
19,11610;;;51,66585949
19,11660;;;46,78274896
19,11710;;;44,64638811
19,11760;;;42,81522166
19,11810;;;36,10094469
19,11860;;;26,33472365
19,11910;;;19,92564108
19,11960;;;17,48408582
19,12010;;;14,12694734
19,12060;;;7,107475961
19,12110;;;-1,743161862
19,12160;;;-13,34054935
19,12210;;;-27,98988092
19,12260;;;-43,85999012
19,12310;;;-55,76257203
19,12360;;;-63,39243222
19,12410;;;-68,27554274
19,12460;;;-68,58073715
19,12510;;;-63,08723781
19,12560;;;-56,37296084
19,12610;;;-52,71062795
19,12660;;;-50,57426709
19,12710;;;-45,69115657
19,12760;;;-39,89246282
19,12810;;;-36,23012993
19,12860;;;-32,26260263
19,12910;;;-24,93793685
19,12960;;;-18,83404869
19,13010;;;-17,91846547
19,13060;;;-16,39249343
19,13110;;;-4,795105939
19,13160;;;12,6009753
19,13210;;;25,41914042
19,13260;;;32,74380621
19,13310;;;45,56197133
19,13360;;;65,09441342
19,13410;;;76,99699533
19,13460;;;71,50349599
19,13510;;;56,54897001
19,13560;;;46,17236015
19,13610;;;43,12041607
19,13660;;;41,28924962
19,13710;;;37,01652792
19,13760;;;31,21783417
19,13810;;;25,41914042
19,13860;;;19,62044668
19,13910;;;14,43214175
19,13960;;;10,76980885
19,14010;;;7,107475961
19,14060;;;1,003587807
19,14110;;;-7,847050016
19,14160;;;-20,36002073
19,14210;;;-34,70415789
19,14260;;;-49,96387828
19,14310;;;-63,39243222
19,14360;;;-72,85345886
19,14410;;;-76,21059734
19,14460;;;-73,76904208
19,14510;;;-68,27554274
19,14560;;;-64,30801544
19,14610;;;-62,47684899
19,14660;;;-58,50932169
19,14710;;;-52,10023913
19,14760;;;-46,30154539
19,14810;;;-42,33401809
19,14860;;;-36,84051875
19,14910;;;-29,21065856
19,14960;;;-23,41196481
19,15009;;;-20,97040955
19,15059;;;-15,78210462
19,15109;;;-4,184717123
19,15159;;;10,76980885
19,15209;;;25,41914042
19,15259;;;39,76327759
19,15309;;;53,80222034
19,15359;;;62,95805257
19,15409;;;64,78921902
19,15459;;;63,26324698
19,15509;;;62,34766376
19,15559;;;60,51649731
19,15609;;;55,32819238
19,15659;;;49,83469304
19,15709;;;47,39313778
19,15759;;;44,95158252
19,15809;;;39,45808318
19,15859;;;32,74380621
19,15909;;;28,77627891
19,15959;;;27,25030687
19,16009;;;23,89316839
19,16059;;;18,09447464
19,16109;;;9,854225631
19,16159;;;-2,353550677
19,16209;;;-17,91846547
19,16259;;;-32,87299145
19,16309;;;-43,85999012
19,16359;;;-51,48985032
19,16409;;;-56,06776643
19,16459;;;-55,45737762
19,16509;;;-50,26907269
19,16559;;;-45,08076776
19,16609;;;-42,33401809
19,16659;;;-38,67168519
19,16709;;;-32,87299145
19,16759;;;-28,29507533
19,16809;;;-26,15871448
19,16859;;;-21,58079836
19,16909;;;-13,95093817
19,16959;;;-8,762633239
19,17009;;;-8,152244424
19,17059;;;-5,405494754
19,17109;;;5,276309515
19,17159;;;20,84122431
19,17209;;;34,26977825
19,17259;;;45,86716574
19,17309;;;57,76974764
19,17359;;;66,92557987
19,17409;;;69,06194072
19,17459;;;66,31519106
19,17509;;;63,56844139
19,17559;;;61,12688612
19,17609;;;56,85416442
19,17659;;;52,2762483
19,17709;;;49,22430422
19,17759;;;45,56197133
19,17809;;;39,15288877
19,17859;;;31,82822299
19,17909;;;27,25030687
19,17959;;;24,19836279
19,18009;;;19,92564108
19,18059;;;13,82175293
19,18109;;;5,581503923
19,18159;;;-6,931466793
19,18209;;;-23,1067704
19,18259;;;-38,36649079
19,18309;;;-48,74310065
19,18359;;;-55,76257203
19,18409;;;-60,34048814
19,18459;;;-60,34048814
19,18509;;;-55,15218321
19,18559;;;-49,65868387
19,18609;;;-46,9119342
19,18659;;;-43,55479572
19,18709;;;-38,06129638
19,18759;;;-32,56779704
19,18809;;;-29,21065856
19,18859;;;-24,93793685
19,18909;;;-17,61327106
19,18959;;;-12,42496613
19,19009;;;-11,50938291
19,19059;;;-9,373022054
19,19109;;;1,003587807
19,19159;;;17,17889142
19,19209;;;30,91263976
19,19259;;;41,59444403
19,19309;;;52,88663712
19,19359;;;62,95805257
19,19409;;;65,70480224
19,19459;;;61,43208053
19,19509;;;57,46455323
19,19559;;;55,63338679
19,19609;;;51,05547067
19,19659;;;42,51002725
19,19709;;;37,93211114
19,19759;;;41,59444403
19,19809;;;44,95158252
19,19859;;;37,62691673
19,19909;;;22,06200194
19,19959;;;9,549031223
19,20009;;;5,886698331
19,20059;;;4,971115108
19,20109;;;-1,743161862
19,20159;;;-16,08729902
19,20209;;;-31,65221382
19,20259;;;-44,47037894
19,20309;;;-54,8469888
19,20359;;;-62,7820434
19,20409;;;-66,44437629
19,20459;;;-63,69762663
19,20509;;;-57,89893288
19,20559;;;-52,71062795
19,20608;;;-49,35348946
19,20658;;;-45,38596216
19,20708;;;-40,80804605
19,20758;;;-37,14571316
19,20808;;;-33,17818586
19,20858;;;-26,76910329
19,20908;;;-19,74963192
19,20958;;;-16,08729902
19,21008;;;-14,86652139
19,21058;;;-9,98341087
19,21108;;;1,003587807
19,21158;;;14,12694734
19,21208;;;26,63991805
19,21258;;;39,45808318
19,21308;;;52,2762483
19,21358;;;60,51649731
19,21408;;;61,43208053
19,21458;;;58,68533086
19,21508;;;56,2437756
19,21558;;;52,58144271
19,21608;;;47,39313778
19,21658;;;43,42561048
19,21708;;;41,28924962
19,21758;;;37,32172232
19,21808;;;29,99705654
19,21858;;;22,97758516
19,21908;;;19,01005786
19,21958;;;15,65291938
19,22008;;;11,07500326
19,22058;;;4,6659207
19,22108;;;-2,658745085
19,22158;;;-14,86652139
19,22208;;;-30,73663059
19,22258;;;-45,69115657
19,22308;;;-56,37296084
19,22358;;;-64,91840426
19,22408;;;-69,80151478
19,22458;;;-68,88593156
19,22508;;;-63,39243222
19,22558;;;-59,42490492
19,22608;;;-58,20412729
19,22658;;;-54,8469888
19,22708;;;-48,43790624
19,22758;;;-43,55479572
19,22808;;;-41,11324046
19,22858;;;-35,92493552
19,22908;;;-27,68468652
19,22958;;;-22,80157599
19,23008;;;-23,1067704
19,23058;;;-20,05482632
19,23108;;;-8,152244424
19,23158;;;6,802281554
19,23208;;;19,62044668
19,23258;;;32,13341739
19,23308;;;45,86716574
19,23358;;;56,2437756
19,23408;;;58,38013646
19,23458;;;56,85416442
19,23508;;;55,93858119
19,23558;;;53,80222034
19,23608;;;48,91910982
19,23658;;;44,03599929
19,23708;;;42,20483285
19,23758;;;39,76327759
19,23808;;;33,96458384
19,23858;;;26,94511246
19,23908;;;23,28277957
19,23958;;;20,84122431
19,24008;;;17,48408582
19,24058;;;12,29578089
19,24108;;;5,276309515
19,24158;;;-6,626272385
19,24208;;;-23,1067704
19,24258;;;-38,36649079
19,24308;;;-49,65868387
19,24358;;;-56,98334966
19,24408;;;-60,95087696
19,24458;;;-59,11971051
19,24508;;;-53,32101676
19,24558;;;-49,35348946
19,24608;;;-47,52232302
19,24658;;;-43,85999012
19,24708;;;-38,06129638
19,24758;;;-33,17818586
19,24808;;;-30,12624178
19,24858;;;-24,93793685
19,24908;;;-17,91846547
19,24958;;;-13,34054935
19,25008;;;-11,81457732
19,25058;;;-6,931466793
19,25108;;;4,360726292
19,25158;;;18,09447464
19,25208;;;31,21783417
19,25258;;;44,03599929
19,25308;;;56,2437756
19,25358;;;64,1788302
19,25408;;;65,39960783
19,25458;;;63,56844139
19,25508;;;61,12688612
19,25558;;;57,46455323
19,25608;;;51,97105389
19,25658;;;47,08794337
19,25708;;;43,12041607
19,25758;;;38,54249995
19,25808;;;33,35419502
19,25858;;;28,16589009
19,25908;;;22,67239075
19,25958;;;18,09447464
19,26008;;;15,95811378
19,26058;;;12,90616971
19,26108;;;2,529559846
19,26158;;;-13,95093817
19,26208;;;-26,46390889
19,26257;;;-29,82104737
19,26307;;;-35,0093523
19,26357;;;-51,48985032
19,26407;;;-68,58073715
19,26457;;;-70,717098
19,26507;;;-60,95087696
19,26557;;;-55,45737762
19,26607;;;-58,20412729
19,26657;;;-57,59373847
19,26707;;;-49,96387828
19,26757;;;-43,24960131
19,26807;;;-41,41843486
19,26857;;;-38,06129638
19,26907;;;-30,12624178
19,26957;;;-25,54832566
19,27007;;;-25,85352007
19,27057;;;-21,27560395
19,27107;;;-7,847050016
19,27157;;;7,107475961
19,27207;;;18,70486345
19,27257;;;30,30225095
19,27307;;;44,95158252
19,27357;;;55,63338679
19,27407;;;57,15935882
19,27457;;;54,41260916
19,27507;;;52,58144271
19,27557;;;51,05547067
19,27607;;;47,39313778
19,27657;;;43,42561048
19,27707;;;40,98405522
19,27757;;;37,32172232
19,27807;;;30,91263976
19,27857;;;24,80875161
19,27907;;;21,75680753
19,27957;;;19,01005786
19,28007;;;14,73733615
19,28057;;;8,938642408
19,28107;;;1,613976623
19,28157;;;-10,28860528
19,28207;;;-26,15871448
19,28257;;;-40,50285164
19,28307;;;-50,26907269
19,28357;;;-57,28854406
19,28407;;;-61,56126577
19,28457;;;-60,64568255
19,28507;;;-54,8469888
19,28557;;;-50,26907269
19,28607;;;-48,13271183
19,28657;;;-45,38596216
19,28707;;;-39,89246282
19,28757;;;-35,0093523
19,28807;;;-31,041825
19,28857;;;-25,24313125
19,28907;;;-17,91846547
19,28957;;;-14,25613258
19,29007;;;-13,64574376
19,29057;;;-8,762633239
19,29107;;;2,834754254
19,29157;;;16,87369701
19,29207;;;29,08147332
19,29257;;;41,28924962
19,29307;;;53,80222034
19,29357;;;61,73727494
19,29407;;;62,95805257
19,29457;;;60,51649731
19,29507;;;58,38013646
19,29557;;;55,32819238
19,29607;;;50,13988745
19,29657;;;46,17236015
19,29707;;;44,3411937
19,29757;;;40,3736664
19,29807;;;32,4386118
19,29857;;;24,5035572
19,29907;;;19,62044668
19,29957;;;16,5685026
19,30007;;;12,6009753
19,30057;;;7,107475961
19,30107;;;-0,5223842311
19,30157;;;-12,73016054
19,30207;;;-26,76910329
19,30257;;;-38,36649079
19,30307;;;-46,9119342
19,30357;;;-54,23659999
19,30407;;;-58,8145161
19,30457;;;-57,59373847
19,30507;;;-52,40543354
19,30557;;;-48,74310065
19,30607;;;-47,82751742
19,30657;;;-45,38596216
19,30707;;;-40,80804605
19,30757;;;-37,45090756
19,30807;;;-34,70415789
19,30857;;;-28,90546415
19,30907;;;-21,88599277
19,30957;;;-18,52885429
19,31007;;;-18,83404869
19,31057;;;-15,47691021
19,31107;;;-5,100300347
19,31157;;;8,023059185
19,31207;;;19,62044668
19,31257;;;30,91263976
19,31307;;;41,89963844
19,31357;;;49,52949863
19,31407;;;51,36066508
19,31457;;;49,83469304
19,31507;;;48,00352659
19,31557;;;46,17236015
19,31607;;;42,81522166
19,31657;;;39,45808318
19,31707;;;37,62691673
19,31757;;;34,57497265
19,31807;;;29,38666772
19,31856;;;24,19836279
19,31906;;;20,84122431
19,31956;;;19,01005786
19,32006;;;17,17889142
19,32056;;;13,21136412
19,32106;;;5,581503923
19,32156;;;-4,795105939
19,32206;;;-17,91846547
19,32256;;;-31,041825
19,32306;;;-42,02882368
19,32356;;;-48,43790624
19,32406;;;-51,18465591
19,32456;;;-52,71062795
19,32506;;;-52,10023913
19,32556;;;-45,99635098
19,32606;;;-33,17818586
19,32656;;;-23,71715922
19,32706;;;-25,85352007
19,32756;;;-35,31454671
19,32806;;;-37,14571316
19,32856;;;-27,68468652
19,32906;;;-17,61327106
19,32956;;;-16,08729902
19,33006;;;-17,30807665
19,33056;;;-11,50938291
19,33106;;;0,08800458433
19,33156;;;10,76980885
19,33206;;;20,84122431
19,33256;;;33,35419502
19,33306;;;45,25677692
19,33356;;;51,36066508
19,33406;;;51,97105389
19,33456;;;51,66585949
19,33506;;;50,75027626
19,33556;;;47,39313778
19,33606;;;42,81522166
19,33656;;;40,67886081
19,33706;;;39,45808318
19,33756;;;35,79575029
19,33806;;;28,77627891
19,33856;;;22,67239075
19,33906;;;19,01005786
19,33956;;;16,26330819
19,34006;;;13,51655852
19,34056;;;9,854225631
19,34106;;;3,139948661
19,34156;;;-7,541855608
19,34206;;;-20,97040955
19,34256;;;-32,87299145
19,34306;;;-43,24960131
19,34356;;;-51,48985032
19,34406;;;-55,45737762
19,34456;;;-53,93140558
19,34506;;;-50,57426709
19,34556;;;-49,35348946
19,34606;;;-49,04829506
19,34656;;;-45,69115657
19,34706;;;-40,50285164
19,34756;;;-37,45090756
19,34806;;;-35,31454671
19,34856;;;-29,82104737
19,34906;;;-22,49638159
19,34956;;;-18,83404869
19,35006;;;-18,22365988
19,35056;;;-13,95093817
19,35106;;;-3,879522716
19,35156;;;8,328253592
19,35206;;;20,84122431
19,35256;;;33,04900062
19,35306;;;44,03599929
19,35356;;;50,75027626
19,35406;;;53,19183152
19,35456;;;53,80222034
19,35506;;;52,88663712
19,35556;;;50,44508186
19,35606;;;47,08794337
19,35656;;;44,95158252
19,35706;;;43,73080489
19,35756;;;40,3736664
19,35806;;;34,88016706
19,35856;;;30,30225095
19,35906;;;27,25030687
19,35956;;;24,19836279
19,36006;;;21,75680753
19,36056;;;18,70486345
19,36106;;;11,68539208
19,36156;;;-1,132773046
19,36206;;;-16,69768784
19,36256;;;-28,29507533
19,36306;;;-36,23012993
19,36356;;;-42,9444069
19,36406;;;-46,9119342
19,36456;;;-44,77557335
19,36506;;;-40,50285164
19,36556;;;-38,67168519
19,36606;;;-38,36649079
19,36656;;;-34,39896349
19,36706;;;-28,29507533
19,36756;;;-25,24313125
19,36806;;;-22,80157599
19,36856;;;-16,39249343
19,36906;;;-8,457438831
19,36956;;;-5,710689162
19,37006;;;-6,626272385
19,37056;;;-2,963939493
19,37106;;;7,412670369
19,37156;;;19,62044668
19,37206;;;29,99705654
19,37256;;;41,28924962
19,37306;;;53,19183152
19,37356;;;59,90610849
19,37406;;;59,90610849
19,37456;;;58,07494205
19,37505;;;56,2437756
19,37555;;;53,19183152
19,37605;;;49,22430422
19,37655;;;47,08794337
19,37705;;;45,86716574
19,37755;;;42,20483285
19,37805;;;35,18536147
19,37855;;;28,77627891
19,37905;;;24,5035572
19,37955;;;20,23083549
19,38005;;;15,95811378
19,38055;;;11,68539208
19,38105;;;4,055531884
19,38155;;;-8,457438831
19,38205;;;-23,1067704
19,38255;;;-35,31454671
19,38305;;;-45,69115657
19,38355;;;-54,54179439
19,38405;;;-58,50932169
19,38455;;;-55,76257203
19,38505;;;-51,79504472
19,38555;;;-51,48985032
19,38605;;;-51,18465591
19,38655;;;-46,60673979
19,38705;;;-42,02882368
19,38755;;;-40,19765723
19,38805;;;-36,53532434
19,38855;;;-28,29507533
19,38905;;;-22,80157599
19,38955;;;-24,63274244
19,39005;;;-23,1067704
19,39055;;;-8,457438831
19,39105;;;10,15942004
19,39155;;;17,78928023
19,39205;;;16,5685026
19,39255;;;21,75680753
19,39305;;;35,79575029
19,39355;;;44,95158252
19,39405;;;43,73080489
19,39455;;;40,3736664
19,39505;;;39,76327759
19,39555;;;37,62691673
19,39605;;;32,13341739
19,39655;;;27,55550128
19,39705;;;25,41914042
19,39755;;;21,14641872
19,39805;;;13,51655852
19,39855;;;8,023059185
19,39905;;;5,276309515
19,39955;;;1,919171031
19,40005;;;-2,353550677
19,40055;;;-6,931466793
19,40105;;;-13,64574376
19,40155;;;-26,46390889
19,40205;;;-42,9444069
19,40255;;;-56,06776643
19,40305;;;-64,91840426
19,40355;;;-71,93787563
19,40405;;;-75,90540293
19,40455;;;-72,54826445
19,40505;;;-66,13918189
19,40555;;;-62,7820434
19,40605;;;-61,56126577
19,40655;;;-57,28854406
19,40705;;;-50,26907269
19,40755;;;-45,38596216
19,40805;;;-41,41843486
19,40855;;;-34,70415789
19,40905;;;-27,0742977
19,40955;;;-23,71715922
19,41005;;;-22,19118718
19,41055;;;-15,1717158
19,41105;;;-2,04835627
19,41155;;;11,99058648
19,41205;;;24,80875161
19,41255;;;38,54249995
19,41305;;;51,36066508
19,41355;;;58,99052527
19,41405;;;60,82169172
19,41455;;;61,43208053
19,41505;;;61,12688612
19,41555;;;57,76974764
19,41605;;;52,88663712
19,41655;;;50,44508186
19,41705;;;49,52949863
19,41755;;;45,25677692
19,41805;;;38,54249995
19,41855;;;32,74380621
19,41905;;;29,69186213
19,41955;;;26,94511246
19,42005;;;23,28277957
19,42055;;;19,01005786
19,42105;;;11,07500326
19,42155;;;-2,04835627
19,42205;;;-17,61327106
19,42255;;;-30,43143619
19,42305;;;-39,89246282
19,42355;;;-47,82751742
19,42405;;;-52,10023913
19,42455;;;-49,65868387
19,42505;;;-44,16518453
19,42555;;;-41,11324046
19,42605;;;-39,89246282
19,42655;;;-36,53532434
19,42705;;;-30,73663059
19,42755;;;-26,15871448
19,42805;;;-22,19118718
19,42855;;;-16,08729902
19,42905;;;-10,28860528
19,42955;;;-8,457438831
19,43005;;;-7,541855608
19,43055;;;-1,437967454
19,43104;;;10,15942004
19,43154;;;22,67239075
19,43204;;;34,57497265
19,43254;;;47,39313778
19,43304;;;59,60091409
19,43354;;;66,31519106
19,43404;;;67,23077428
19,43454;;;66,00999665
19,43504;;;63,87363579
19,43554;;;59,60091409
19,43604;;;54,41260916
19,43654;;;51,36066508
19,43704;;;49,22430422
19,43754;;;44,64638811
19,43804;;;37,93211114
19,43854;;;31,82822299
19,43904;;;27,25030687
19,43954;;;23,58797398
19,44004;;;19,62044668
19,44054;;;14,73733615
19,44104;;;5,581503923
19,44154;;;-8,152244424
19,44204;;;-23,71715922
19,44254;;;-35,61974112
19,44304;;;-44,47037894
19,44354;;;-52,10023913
19,44404;;;-55,76257203
19,44454;;;-53,32101676
19,44504;;;-48,43790624
19,44554;;;-45,69115657
19,44604;;;-44,16518453
19,44654;;;-40,19765723
19,44704;;;-34,39896349
19,44754;;;-30,12624178
19,44804;;;-26,76910329
19,44854;;;-20,66521514
19,44904;;;-13,64574376
19,44954;;;-9,678216462
19,45004;;;-8,762633239
19,45054;;;-5,100300347
19,45104;;;5,581503923
19,45154;;;20,23083549
19,45204;;;34,26977825
19,45254;;;45,86716574
19,45304;;;56,2437756
19,45354;;;64,1788302
19,45404;;;65,70480224
19,45454;;;61,12688612
19,45504;;;56,54897001
19,45554;;;58,99052527
19,45604;;;65,09441342
19,45654;;;63,56844139
19,45704;;;49,83469304
19,45754;;;33,65938943
19,45804;;;25,41914042
19,45854;;;24,19836279
19,45904;;;21,45161312
19,45954;;;15,34772497
19,46004;;;10,46461445
19,46054;;;7,107475961
19,46104;;;-1,743161862
19,46154;;;-17,61327106
19,46204;;;-33,78857467
19,46254;;;-45,69115657
19,46304;;;-56,37296084
19,46354;;;-66,13918189
19,46404;;;-69,80151478
19,46454;;;-66,44437629
19,46504;;;-62,47684899
19,46554;;;-61,56126577
19,46604;;;-60,03529373
19,46654;;;-54,8469888
19,46704;;;-49,65868387
19,46754;;;-47,21712861
19,46804;;;-44,16518453
19,46854;;;-37,45090756
19,46904;;;-30,73663059
19,46954;;;-28,90546415
19,47004;;;-27,98988092
19,47054;;;-21,58079836
19,47104;;;-9,678216462
19,47154;;;2,834754254
19,47204;;;15,65291938
19,47254;;;29,38666772
19,47304;;;41,59444403
19,47354;;;48,00352659
19,47404;;;49,83469304
19,47454;;;49,22430422
19,47504;;;46,78274896
19,47554;;;42,20483285
19,47604;;;39,15288877
19,47654;;;38,54249995
19,47704;;;37,62691673
19,47754;;;32,13341739
19,47804;;;24,5035572
19,47854;;;19,62044668
19,47904;;;16,87369701
19,47954;;;13,21136412
19,48004;;;9,243836815
19,48054;;;5,276309515
19,48104;;;-2,353550677
19,48154;;;-16,39249343
19,48204;;;-31,95740822
19,48254;;;-43,55479572
19,48304;;;-52,40543354
19,48354;;;-60,34048814
19,48404;;;-64,30801544
19,48454;;;-61,25607136
19,48504;;;-55,76257203
19,48554;;;-53,93140558
19,48604;;;-53,32101676
19,48654;;;-49,04829506
19,48704;;;-42,63921249
19,48753;;;-38,06129638
19,48803;;;-34,39896349
19,48853;;;-27,68468652
19,48903;;;-20,97040955
19,48953;;;-19,44443751
19,49003;;;-19,74963192
19,49053;;;-14,25613258
19,49103;;;-1,743161862
19,49153;;;11,68539208
19,49203;;;23,89316839
19,49253;;;36,4061391
19,49303;;;48,61391541
19,49353;;;54,71780356
19,49403;;;54,71780356
19,49453;;;53,19183152
19,49503;;;51,66585949
19,49553;;;48,61391541
19,49603;;;44,03599929
19,49653;;;40,98405522
19,49703;;;38,84769436
19,49753;;;33,35419502
19,49803;;;25,41914042
19,49853;;;19,62044668
19,49903;;;16,87369701
19,49953;;;14,43214175
19,50003;;;10,76980885
19,50053;;;6,191892738
19,50103;;;-2,04835627
19,50153;;;-15,78210462
19,50203;;;-31,65221382
19,50253;;;-44,16518453
19,50303;;;-53,01582236
19,50353;;;-60,34048814
19,50403;;;-64,00282103
19,50453;;;-60,95087696
19,50503;;;-55,45737762
19,50553;;;-53,01582236
19,50603;;;-52,10023913
19,50653;;;-47,52232302
19,50703;;;-40,80804605
19,50753;;;-36,84051875
19,50803;;;-33,78857467
19,50853;;;-26,15871448
19,50903;;;-17,30807665
19,50953;;;-14,56132699
19,51003;;;-16,08729902
19,51053;;;-11,81457732
19,51103;;;1,003587807
19,51153;;;15,04253056
19,51203;;;26,63991805
19,51253;;;40,3736664
19,51303;;;54,71780356
19,51353;;;62,04246935
19,51403;;;60,51649731
19,51453;;;57,76974764
19,51503;;;57,76974764
19,51553;;;56,2437756
19,51603;;;51,36066508
19,51653;;;48,308721
19,51703;;;48,00352659
19,51753;;;44,03599929
19,51803;;;35,18536147
19,51853;;;29,08147332
19,51903;;;29,38666772
19,51953;;;27,55550128
19,52003;;;19,31525227
19,52053;;;12,90616971
19,52103;;;14,43214175
19,52153;;;13,21136412
19,52203;;;-3,2691339
19,52253;;;-30,43143619
19,52303;;;-50,8794615
19,52353;;;-57,28854406
19,52403;;;-55,15218321
19,52453;;;-53,01582236
19,52503;;;-51,18465591
19,52553;;;-47,82751742
19,52603;;;-43,24960131
19,52653;;;-38,9768796
19,52703;;;-35,31454671
19,52753;;;-31,041825
19,52803;;;-24,93793685
19,52853;;;-17,61327106
19,52903;;;-13,03535495
19,52953;;;-11,50938291
19,53003;;;-9,98341087
19,53053;;;-3,2691339
19,53103;;;8,328253592
19,53153;;;21,45161312
19,53203;;;33,96458384
19,53253;;;45,86716574
19,53303;;;56,54897001
19,53353;;;62,34766376
19,53403;;;63,56844139
19,53453;;;62,34766376
19,53503;;;59,60091409
19,53553;;;55,93858119
19,53603;;;51,36066508
19,53653;;;47,69833219
19,53703;;;43,12041607
19,53753;;;36,4061391
19,53803;;;29,38666772
19,53853;;;24,19836279
19,53903;;;20,23083549
19,53953;;;15,95811378
19,54003;;;12,29578089
19,54053;;;8,023059185
19,54103;;;-0,5223842311
19,54153;;;-15,78210462
19,54203;;;-31,95740822
19,54253;;;-43,24960131
19,54303;;;-51,79504472
19,54352;;;-59,73009933
19,54402;;;-63,69762663
19,54452;;;-60,64568255
19,54502;;;-54,8469888
19,54552;;;-52,40543354
19,54602;;;-51,48985032
19,54652;;;-46,9119342
19,54702;;;-40,80804605
19,54752;;;-37,45090756
19,54802;;;-34,09376908
19,54852;;;-27,37949211
19,54902;;;-20,36002073
19,54952;;;-18,83404869
19,55002;;;-18,83404869
19,55052;;;-12,42496613
19,55102;;;0,393198992
19,55152;;;13,21136412
19,55202;;;25,11394602
19,55252;;;37,93211114
19,55302;;;49,52949863
19,55352;;;54,71780356
19,55402;;;54,41260916
19,55452;;;53,49702593
19,55502;;;52,2762483
19,55552;;;47,69833219
19,55602;;;42,51002725
19,55652;;;40,3736664
19,55702;;;38,84769436
19,55752;;;33,65938943
19,55802;;;25,41914042
19,55852;;;19,31525227
19,55902;;;15,95811378
19,55952;;;11,99058648
19,56002;;;7,107475961
19,56052;;;2,224365438
19,56102;;;-5,405494754
19,56152;;;-20,05482632
19,56202;;;-36,84051875
19,56252;;;-49,96387828
19,56302;;;-58,20412729
19,56352;;;-65,22359866
19,56402;;;-69,19112596
19,56452;;;-66,7495707
19,56502;;;-60,64568255
19,56552;;;-56,67815525
19,56602;;;-54,8469888
19,56652;;;-50,57426709
19,56702;;;-43,85999012
19,56752;;;-38,9768796
19,56802;;;-35,0093523
19,56852;;;-28,60026974
19,56902;;;-21,27560395
19,56952;;;-17,91846547
19,57002;;;-16,69768784
19,57052;;;-10,59379969
19,57102;;;2,224365438
19,57152;;;17,48408582
19,57202;;;30,91263976
19,57252;;;43,73080489
19,57302;;;55,63338679
19,57352;;;62,65285816
19,57402;;;62,95805257
19,57452;;;60,51649731
19,57502;;;58,07494205
19,57552;;;55,02299797
19,57602;;;50,44508186
19,57652;;;46,47755455
19,57702;;;43,73080489
19,57752;;;39,45808318
19,57802;;;31,82822299
19,57852;;;24,5035572
19,57902;;;20,84122431
19,57952;;;18,70486345
19,58002;;;14,12694734
19,58052;;;8,023059185
19,58102;;;4,6659207
19,58152;;;4,055531884
19,58202;;;-0,5223842311
19,58252;;;-15,47691021
19,58302;;;-37,75610197
19,58352;;;-57,28854406
19,58402;;;-66,44437629
19,58452;;;-65,22359866
19,58502;;;-60,64568255
19,58552;;;-57,59373847
19,58602;;;-55,45737762
19,58652;;;-51,18465591
19,58702;;;-45,69115657
19,58752;;;-41,41843486
19,58802;;;-38,06129638
19,58852;;;-31,65221382
19,58902;;;-22,80157599
19,58952;;;-17,00288225
19,59002;;;-16,39249343
19,59052;;;-14,86652139
19,59102;;;-7,541855608
19,59152;;;4,360726292
19,59202;;;16,5685026
19,59252;;;29,38666772
19,59302;;;43,12041607
19,59352;;;55,02299797
19,59402;;;60,51649731
19,59452;;;60,51649731
19,59502;;;58,07494205
19,59552;;;55,02299797
19,59602;;;51,05547067
19,59652;;;47,39313778
19,59702;;;44,3411937
19,59752;;;40,06847199
19,59802;;;33,65938943
19,59852;;;27,25030687
19,59902;;;22,36719635
19,59952;;;18,39966905
19,60001;;;14,73733615
19,60051;;;11,99058648
19,60101;;;8,633448
19,60151;;;0,08800458433
19,60201;;;-15,1717158
19,60251;;;-30,43143619
19,60301;;;-41,11324046
19,60351;;;-49,96387828
19,60401;;;-57,89893288
19,60451;;;-60,34048814
19,60501;;;-55,76257203
19,60551;;;-49,96387828
19,60601;;;-47,82751742
19,60651;;;-45,69115657
19,60701;;;-39,58726842
19,60751;;;-32,87299145
19,60801;;;-28,90546415
19,60851;;;-24,63274244
19,60901;;;-16,39249343
19,60951;;;-8,762633239
19,61001;;;-6,931466793
19,61051;;;-6,01588357
19,61101;;;0,393198992
19,61151;;;13,21136412
19,61201;;;25,72433483
19,61251;;;37,93211114
19,61301;;;51,36066508
19,61351;;;62,95805257
19,61401;;;68,1463575
19,61451;;;68,1463575
19,61501;;;66,62038546
19,61551;;;64,48402461
19,61601;;;59,90610849
19,61651;;;55,32819238
19,61701;;;52,58144271
19,61751;;;49,22430422
19,61801;;;43,12041607
19,61851;;;36,4061391
19,61901;;;31,82822299
19,61951;;;28,16589009
19,62001;;;24,19836279
19,62051;;;20,5360299
19,62101;;;16,87369701
19,62151;;;7,412670369
19,62201;;;-7,847050016
19,62251;;;-24,02235362
19,62301;;;-35,92493552
19,62351;;;-45,38596216
19,62401;;;-54,23659999
19,62451;;;-58,50932169
19,62501;;;-55,15218321
19,62551;;;-50,57426709
19,62601;;;-49,04829506
19,62651;;;-48,13271183
19,62701;;;-43,24960131
19,62751;;;-37,75610197
19,62801;;;-34,70415789
19,62851;;;-31,041825
19,62901;;;-24,32754803
19,62951;;;-18,83404869
19,63001;;;-17,91846547
19,63051;;;-17,00288225
19,63101;;;-9,067827647
19,63151;;;3,750337477
19,63201;;;15,95811378
19,63251;;;27,55550128
19,63301;;;40,06847199
19,63351;;;51,66585949
19,63401;;;57,15935882
19,63451;;;57,46455323
19,63501;;;55,63338679
19,63551;;;53,19183152
19,63601;;;49,22430422
19,63651;;;45,25677692
19,63701;;;42,51002725
19,63751;;;38,23730555
19,63801;;;31,82822299
19,63851;;;25,41914042
19,63901;;;21,14641872
19,63951;;;16,5685026
19,64001;;;11,99058648
19,64051;;;8,023059185
19,64101;;;3,445143069
19,64151;;;-6,321077977
19,64201;;;-21,27560395
19,64251;;;-36,23012993
19,64301;;;-48,43790624
19,64351;;;-59,11971051
19,64401;;;-66,44437629
19,64451;;;-66,44437629
19,64501;;;-62,47684899
19,64551;;;-61,86646018
19,64601;;;-60,95087696
19,64651;;;-50,26907269
19,64701;;;-33,48338026
19,64751;;;-27,68468652
19,64801;;;-36,23012993
19,64851;;;-42,9444069
19,64901;;;-35,0093523
19,64951;;;-23,71715922
19,65001;;;-21,88599277
19,65051;;;-24,63274244
19,65101;;;-18,52885429
19,65151;;;-2,658745085
19,65201;;;12,6009753
19,65251;;;24,5035572
19,65301;;;37,01652792
19,65351;;;48,91910982
19,65401;;;55,32819238
19,65451;;;55,63338679
19,65501;;;53,80222034
19,65551;;;51,66585949
19,65600;;;48,308721
19,65650;;;44,95158252
19,65700;;;43,42561048
19,65750;;;40,3736664
19,65800;;;34,26977825
19,65850;;;27,55550128
19,65900;;;22,67239075
19,65950;;;19,31525227
19,66000;;;15,04253056
19,66050;;;11,68539208
19,66100;;;7,107475961
19,66150;;;-2,353550677
19,66200;;;-17,91846547
19,66250;;;-33,17818586
19,66300;;;-44,47037894
19,66350;;;-53,93140558
19,66400;;;-62,47684899
19,66450;;;-65,22359866
19,66500;;;-60,95087696
19,66550;;;-56,06776643
19,66600;;;-55,15218321
19,66650;;;-54,23659999
19,66700;;;-49,04829506
19,66750;;;-43,24960131
19,66800;;;-39,89246282
19,66850;;;-35,31454671
19,66900;;;-27,37949211
19,66950;;;-20,66521514
19,67000;;;-19,44443751
19,67050;;;-18,83404869
19,67100;;;-11,50938291
19,67150;;;1,308782215
19,67200;;;14,73733615
19,67250;;;27,25030687
19,67300;;;40,67886081
19,67350;;;51,66585949
19,67400;;;56,54897001
19,67450;;;56,85416442
19,67500;;;56,2437756
19,67550;;;54,41260916
19,67600;;;49,83469304
19,67650;;;45,56197133
19,67700;;;43,73080489
19,67750;;;40,98405522
19,67800;;;34,57497265
19,67850;;;26,94511246
19,67900;;;22,36719635
19,67950;;;19,62044668
19,68000;;;15,95811378
19,68050;;;11,68539208
19,68100;;;6,191892738
19,68150;;;-2,658745085
19,68200;;;-17,61327106
19,68250;;;-33,17818586
19,68300;;;-45,38596216
19,68350;;;-55,15218321
19,68400;;;-63,39243222
19,68450;;;-66,13918189
19,68500;;;-61,86646018
19,68550;;;-56,98334966
19,68600;;;-55,45737762
19,68650;;;-54,54179439
19,68700;;;-49,35348946
19,68750;;;-42,9444069
19,68800;;;-38,67168519
19,68850;;;-34,70415789
19,68900;;;-27,68468652
19,68950;;;-21,27560395
19,69000;;;-19,1392431
19,69050;;;-17,91846547
19,69100;;;-11,2041885
19,69150;;;0,6983933997
19,69200;;;13,51655852
19,69250;;;26,33472365
19,69300;;;40,06847199
19,69350;;;52,2762483
19,69400;;;57,46455323
19,69450;;;57,15935882
19,69500;;;55,63338679
19,69550;;;54,10741475
19,69600;;;50,75027626
19,69650;;;46,47755455
19,69700;;;43,73080489
19,69750;;;40,67886081
19,69800;;;34,57497265
19,69850;;;27,25030687
19,69900;;;22,06200194
19,69950;;;19,31525227
19,70000;;;16,26330819
19,70050;;;11,99058648
19,70100;;;7,107475961
19,70150;;;-1,437967454
19,70200;;;-15,78210462
19,70250;;;-31,65221382
19,70300;;;-44,16518453
19,70350;;;-51,79504472
19,70400;;;-56,67815525
19,70450;;;-58,8145161
19,70500;;;-56,37296084
19,70550;;;-50,8794615
19,70600;;;-47,21712861
19,70650;;;-45,99635098
19,70700;;;-42,9444069
19,70750;;;-35,31454671
19,70800;;;-27,68468652
19,70850;;;-24,32754803
19,70900;;;-21,88599277
19,70950;;;-14,25613258
19,71000;;;-1,132773046
19,71050;;;9,243836815
19,71100;;;11,07500326
19,71150;;;10,15942004
19,71200;;;16,87369701
19,71249;;;32,74380621
19,71299;;;49,52949863
19,71349;;;58,99052527
19,71399;;;61,73727494
19,71449;;;62,95805257
19,71499;;;63,26324698
19,71549;;;60,2113029
19,71599;;;55,32819238
19,71649;;;52,58144271
19,71699;;;51,36066508
19,71749;;;47,39313778
19,71799;;;40,06847199
19,71849;;;33,65938943
19,71899;;;29,38666772
19,71949;;;25,72433483
19,71999;;;21,45161312
19,72049;;;18,39966905
19,72099;;;14,12694734
19,72149;;;4,055531884
19,72199;;;-11,2041885
19,72249;;;-26,15871448
19,72299;;;-37,14571316
19,72349;;;-46,30154539
19,72399;;;-53,93140558
19,72449;;;-56,06776643
19,72499;;;-52,71062795
19,72549;;;-48,74310065
19,72599;;;-47,82751742
19,72649;;;-45,69115657
19,72699;;;-39,89246282
19,72749;;;-33,78857467
19,72799;;;-30,73663059
19,72849;;;-27,0742977
19,72899;;;-20,66521514
19,72949;;;-14,86652139
19,72999;;;-13,95093817
19,73049;;;-13,34054935
19,73099;;;-7,847050016
19,73149;;;2,224365438
19,73199;;;13,82175293
19,73249;;;25,72433483
19,73299;;;37,32172232
19,73349;;;46,17236015
19,73399;;;49,83469304
19,73449;;;50,13988745
19,73499;;;49,83469304
19,73549;;;48,00352659
19,73599;;;44,03599929
19,73649;;;40,67886081
19,73699;;;38,23730555
19,73749;;;34,88016706
19,73799;;;28,4710845
19,73849;;;22,06200194
19,73899;;;18,39966905
19,73949;;;15,34772497
19,73999;;;11,38019767
19,74049;;;7,412670369
19,74099;;;2,834754254
19,74149;;;-5,405494754
19,74199;;;-18,83404869
19,74249;;;-33,48338026
19,74299;;;-44,16518453
19,74349;;;-51,79504472
19,74399;;;-57,28854406
19,74449;;;-58,50932169
19,74499;;;-55,45737762
19,74549;;;-52,10023913
19,74599;;;-50,26907269
19,74649;;;-47,82751742
19,74699;;;-42,63921249
19,74749;;;-37,75610197
19,74799;;;-35,0093523
19,74849;;;-31,65221382
19,74899;;;-25,24313125
19,74949;;;-19,44443751
19,74999;;;-16,69768784
19,75049;;;-14,25613258
19,75099;;;-7,847050016
19,75149;;;2,529559846
19,75199;;;14,43214175
19,75249;;;26,94511246
19,75299;;;39,45808318
19,75349;;;49,52949863
19,75399;;;55,32819238
19,75449;;;57,15935882
19,75499;;;56,85416442
19,75549;;;55,02299797
19,75599;;;52,2762483
19,75649;;;50,44508186
19,75699;;;48,308721
19,75749;;;44,3411937
19,75799;;;38,54249995
19,75849;;;33,04900062
19,75899;;;28,4710845
19,75949;;;23,89316839
19,75999;;;20,5360299
19,76049;;;18,70486345
19,76099;;;14,43214175
19,76149;;;3,139948661
19,76199;;;-11,81457732
19,76249;;;-24,93793685
19,76299;;;-35,0093523
19,76349;;;-44,77557335
19,76399;;;-52,71062795
19,76449;;;-53,32101676
19,76499;;;-48,43790624
19,76549;;;-45,69115657
19,76599;;;-46,30154539
19,76649;;;-45,38596216
19,76699;;;-41,11324046
19,76749;;;-36,84051875
19,76799;;;-33,78857467
19,76848;;;-27,98988092
19,76898;;;-20,36002073
19,76948;;;-16,08729902
19,76998;;;-15,78210462
19,77048;;;-13,95093817
19,77098;;;-7,541855608
19,77148;;;1,919171031
19,77198;;;14,73733615
19,77248;;;29,08147332
19,77298;;;40,3736664
19,77348;;;45,86716574
19,77398;;;51,36066508
19,77448;;;62,04246935
19,77498;;;70,28271836
19,77548;;;64,48402461
19,77598;;;48,91910982
19,77648;;;39,76327759
19,77698;;;40,98405522
19,77748;;;41,28924962
19,77798;;;33,96458384
19,77848;;;26,33472365
19,77898;;;23,89316839
19,77948;;;21,75680753
19,77998;;;16,87369701
19,78048;;;13,51655852
19,78098;;;11,99058648
19,78148;;;4,6659207
19,78198;;;-10,59379969
19,78248;;;-26,15871448
19,78298;;;-35,61974112
19,78348;;;-42,02882368
19,78398;;;-49,35348946
19,78448;;;-52,40543354
19,78498;;;-49,04829506
19,78548;;;-45,08076776
19,78598;;;-44,16518453
19,78648;;;-42,33401809
19,78698;;;-36,23012993
19,78748;;;-30,12624178
19,78798;;;-27,0742977
19,78848;;;-22,49638159
19,78898;;;-14,25613258
19,78948;;;-7,847050016
19,78998;;;-6,626272385
19,79048;;;-4,795105939
19,79098;;;2,529559846
19,79148;;;13,82175293
19,79198;;;25,11394602
19,79248;;;36,71133351
19,79298;;;49,52949863
19,79348;;;59,29571968
19,79398;;;62,04246935
19,79448;;;61,43208053
19,79498;;;60,82169172
19,79548;;;58,68533086
19,79598;;;54,41260916
19,79648;;;50,75027626
19,79698;;;49,52949863
19,79748;;;46,47755455
19,79798;;;39,76327759
19,79848;;;32,4386118
19,79898;;;27,86069569
19,79948;;;23,89316839
19,79998;;;19,31525227
19,80048;;;15,95811378
19,80098;;;11,99058648
19,80148;;;2,834754254
19,80198;;;-12,42496613
19,80248;;;-27,98988092
19,80298;;;-39,89246282
19,80348;;;-48,74310065
19,80398;;;-55,76257203
19,80448;;;-58,20412729
19,80498;;;-55,45737762
19,80548;;;-53,01582236
19,80598;;;-53,01582236
19,80648;;;-52,10023913
19,80698;;;-48,43790624
19,80748;;;-44,77557335
19,80798;;;-42,63921249
19,80848;;;-38,67168519
19,80898;;;-32,56779704
19,80948;;;-28,90546415
19,80998;;;-29,21065856
19,81048;;;-27,68468652
19,81098;;;-20,36002073
19,81148;;;-9,373022054
19,81198;;;1,308782215
19,81248;;;13,21136412
19,81298;;;26,33472365
19,81348;;;35,79575029
19,81398;;;39,45808318
19,81448;;;40,3736664
19,81498;;;41,28924962
19,81548;;;40,3736664
19,81598;;;37,32172232
19,81648;;;34,57497265
19,81698;;;33,35419502
19,81748;;;30,60744535
19,81798;;;24,5035572
19,81848;;;18,70486345
19,81898;;;15,04253056
19,81948;;;11,99058648
19,81998;;;8,633448
19,82048;;;6,497087146
19,82098;;;2,834754254
19,82148;;;-5,710689162
19,82198;;;-19,44443751
19,82248;;;-32,87299145
19,82298;;;-42,9444069
19,82348;;;-51,48985032
19,82398;;;-57,89893288
19,82448;;;-59,11971051
19,82497;;;-55,76257203
19,82547;;;-53,32101676
19,82597;;;-52,71062795
19,82647;;;-50,26907269
19,82697;;;-45,08076776
19,82747;;;-40,80804605
19,82797;;;-38,36649079
19,82847;;;-33,78857467
19,82897;;;-26,46390889
19,82947;;;-20,66521514
19,82997;;;-20,05482632
19,83047;;;-19,44443751
19,83097;;;-13,03535495
19,83147;;;-0,5223842311
19,83197;;;12,6009753
19,83247;;;23,89316839
19,83297;;;34,57497265
19,83347;;;44,03599929
19,83397;;;50,13988745
19,83447;;;51,05547067
19,83497;;;48,61391541
19,83547;;;46,47755455
19,83597;;;46,47755455
19,83647;;;44,3411937
19,83697;;;38,84769436
19,83747;;;34,88016706
19,83797;;;37,62691673
19,83847;;;41,59444403
19,83897;;;35,79575029
19,83947;;;20,5360299
19,83997;;;8,938642408
19,84047;;;7,717864777
19,84097;;;8,023059185
19,84147;;;-1,743161862
19,84197;;;-18,22365988
19,84247;;;-31,34701941
19,84297;;;-40,19765723
19,84347;;;-49,35348946
19,84397;;;-57,28854406
19,84447;;;-58,20412729
19,84497;;;-53,93140558
19,84547;;;-51,79504472
19,84597;;;-51,48985032
19,84647;;;-48,74310065
19,84697;;;-43,24960131
19,84747;;;-39,89246282
19,84797;;;-38,36649079
19,84847;;;-33,78857467
19,84897;;;-26,15871448
19,84947;;;-21,88599277
19,84997;;;-21,88599277
19,85047;;;-19,74963192
19,85097;;;-12,42496613
19,85147;;;-2,04835627
19,85197;;;8,938642408
19,85247;;;21,45161312
19,85297;;;33,65938943
19,85347;;;41,89963844
19,85397;;;45,25677692
19,85447;;;47,39313778
19,85497;;;48,308721
19,85547;;;46,17236015
19,85597;;;41,89963844
19,85647;;;39,45808318
19,85697;;;38,84769436
19,85747;;;36,10094469
19,85797;;;30,60744535
19,85847;;;25,41914042
19,85897;;;21,75680753
19,85947;;;18,09447464
19,85997;;;15,04253056
19,86047;;;14,12694734
19,86097;;;10,46461445
19,86147;;;-0,8275786388
19,86197;;;-16,69768784
19,86247;;;-29,51585296
19,86297;;;-38,06129638
19,86347;;;-46,60673979
19,86397;;;-54,54179439
19,86447;;;-55,76257203
19,86497;;;-50,8794615
19,86547;;;-47,82751742
19,86597;;;-49,04829506
19,86647;;;-48,13271183
19,86697;;;-42,9444069
19,86747;;;-37,75610197
19,86797;;;-35,31454671
19,86847;;;-31,041825
19,86897;;;-24,02235362
19,86947;;;-19,1392431
19,86997;;;-18,52885429
19,87047;;;-16,39249343
19,87097;;;-7,847050016
19,87147;;;3,139948661
19,87197;;;13,82175293
19,87247;;;26,33472365
19,87297;;;40,06847199
19,87347;;;49,83469304
19,87397;;;52,88663712
19,87447;;;53,19183152
19,87497;;;54,41260916
19,87547;;;54,10741475
19,87597;;;51,05547067
19,87647;;;48,308721
19,87697;;;47,08794337
19,87747;;;44,03599929
19,87797;;;37,32172232
19,87847;;;31,21783417
19,87897;;;27,86069569
19,87947;;;25,41914042
19,87997;;;21,75680753
19,88047;;;18,09447464
19,88096;;;14,12694734
19,88146;;;5,276309515
19,88196;;;-8,457438831
19,88246;;;-22,49638159
19,88296;;;-32,87299145
19,88346;;;-40,50285164
19,88396;;;-46,60673979
19,88446;;;-48,74310065
19,88496;;;-46,9119342
19,88546;;;-44,77557335
19,88596;;;-43,85999012
19,88646;;;-41,72362927
19,88696;;;-37,14571316
19,88746;;;-33,78857467
19,88796;;;-31,34701941
19,88846;;;-26,15871448
19,88896;;;-19,1392431
19,88946;;;-15,47691021
19,88996;;;-15,78210462
19,89046;;;-13,34054935
19,89096;;;-4,489911531
19,89146;;;6,802281554
19,89196;;;17,78928023
19,89246;;;29,99705654
19,89296;;;43,42561048
19,89346;;;52,2762483
19,89396;;;55,02299797
19,89446;;;55,93858119
19,89496;;;57,46455323
19,89546;;;56,2437756
19,89596;;;51,66585949
19,89646;;;49,22430422
19,89696;;;50,44508186
19,89746;;;48,00352659
19,89796;;;39,76327759
19,89846;;;32,4386118
19,89896;;;30,91263976
19,89946;;;29,69186213
19,89996;;;22,67239075
19,90046;;;17,17889142
19,90096;;;19,31525227
19,90146;;;21,45161312
19,90196;;;10,15942004
19,90246;;;-13,03535495
19,90296;;;-34,39896349
19,90346;;;-44,47037894
19,90396;;;-46,60673979
19,90446;;;-47,21712861
19,90496;;;-46,9119342
19,90546;;;-45,08076776
19,90596;;;-42,02882368
19,90646;;;-39,28207401
19,90696;;;-36,53532434
19,90746;;;-33,78857467
19,90796;;;-29,51585296
19,90846;;;-24,02235362
19,90896;;;-18,22365988
19,90946;;;-15,1717158
19,90996;;;-14,25613258
19,91046;;;-11,81457732
19,91096;;;-5,100300347
19,91146;;;3,445143069
19,91196;;;13,82175293
19,91246;;;26,02952924
19,91296;;;37,62691673
19,91346;;;45,25677692
19,91396;;;48,00352659
19,91446;;;48,91910982
19,91496;;;49,52949863
19,91546;;;47,39313778
19,91596;;;44,03599929
19,91646;;;41,28924962
19,91696;;;39,45808318
19,91746;;;35,18536147
19,91796;;;28,4710845
19,91846;;;22,97758516
19,91896;;;19,62044668
19,91946;;;15,95811378
19,91996;;;12,29578089
19,92046;;;10,15942004
19,92096;;;7,107475961
19,92146;;;-2,353550677
19,92196;;;-17,30807665
19,92246;;;-31,34701941
19,92296;;;-41,41843486
19,92346;;;-49,96387828
19,92396;;;-56,67815525
19,92446;;;-57,59373847
19,92496;;;-54,23659999
19,92546;;;-51,79504472
19,92596;;;-52,10023913
19,92646;;;-50,57426709
19,92696;;;-45,99635098
19,92746;;;-41,72362927
19,92796;;;-39,28207401
19,92846;;;-35,61974112
19,92896;;;-29,82104737
19,92946;;;-26,15871448
19,92996;;;-25,24313125
19,93046;;;-23,1067704
19,93096;;;-16,08729902
19,93146;;;-5,710689162
19,93196;;;5,581503923
19,93246;;;18,39966905
19,93296;;;29,99705654
19,93346;;;37,62691673
19,93396;;;41,89963844
19,93446;;;44,95158252
19,93496;;;46,47755455
19,93546;;;44,03599929
19,93596;;;39,76327759
19,93646;;;38,54249995
19,93696;;;38,54249995
19,93745;;;35,18536147
19,93795;;;28,16589009
19,93845;;;22,97758516
19,93895;;;20,5360299
19,93945;;;17,17889142
19,93995;;;13,82175293
19,94045;;;12,6009753
19,94095;;;10,46461445
19,94145;;;1,308782215
19,94195;;;-13,95093817
19,94245;;;-28,29507533
19,94295;;;-37,45090756
19,94345;;;-45,08076776
19,94395;;;-51,48985032
19,94445;;;-52,10023913
19,94495;;;-47,82751742
19,94545;;;-43,85999012
19,94595;;;-43,55479572
19,94645;;;-42,02882368
19,94695;;;-37,75610197
19,94745;;;-33,48338026
19,94795;;;-30,12624178
19,94845;;;-24,63274244
19,94895;;;-17,61327106
19,94945;;;-13,95093817
19,94995;;;-13,64574376
19,95045;;;-10,89899409
19,95095;;;-2,04835627
19,95145;;;9,243836815
19,95195;;;20,5360299
19,95245;;;32,4386118
19,95295;;;44,95158252
19,95345;;;54,10741475
19,95395;;;58,38013646
19,95445;;;60,2113029
19,95495;;;61,43208053
19,95545;;;60,82169172
19,95595;;;57,76974764
19,95645;;;55,63338679
19,95695;;;54,41260916
19,95745;;;51,36066508
19,95795;;;45,25677692
19,95845;;;40,06847199
19,95895;;;36,4061391
19,95945;;;32,74380621
19,95995;;;28,77627891
19,96045;;;27,25030687
19,96095;;;24,19836279
19,96145;;;13,21136412
19,96195;;;-4,184717123
19,96245;;;-18,22365988
19,96295;;;-25,24313125
19,96345;;;-32,56779704
19,96395;;;-42,9444069
19,96445;;;-47,21712861
19,96495;;;-38,36649079
19,96545;;;-25,54832566
19,96595;;;-23,71715922
19,96645;;;-32,26260263
19,96695;;;-38,9768796
19,96745;;;-37,14571316
19,96795;;;-30,43143619
19,96845;;;-25,24313125
19,96895;;;-21,58079836
19,96945;;;-19,1392431
19,96995;;;-17,61327106
19,97045;;;-15,47691021
19,97095;;;-9,678216462
19,97145;;;-0,2171898234
19,97195;;;11,68539208
19,97245;;;23,89316839
19,97295;;;34,26977825
19,97345;;;41,28924962
19,97395;;;44,64638811
19,97445;;;45,56197133
19,97495;;;44,3411937
19,97545;;;41,89963844
19,97595;;;38,84769436
19,97645;;;37,01652792
19,97695;;;34,88016706
19,97745;;;29,69186213
19,97795;;;23,28277957
19,97845;;;18,39966905
19,97895;;;15,04253056
19,97945;;;11,68539208
19,97995;;;8,938642408
19,98045;;;7,412670369
19,98095;;;3,139948661
19,98145;;;-7,847050016
19,98195;;;-23,41196481
19,98245;;;-36,23012993
19,98295;;;-45,08076776
19,98345;;;-53,62621117
19,98395;;;-60,64568255
19,98445;;;-61,86646018
19,98495;;;-57,89893288
19,98545;;;-54,8469888
19,98595;;;-54,23659999
19,98645;;;-52,10023913
19,98695;;;-47,52232302
19,98745;;;-43,85999012
19,98795;;;-41,11324046
19,98845;;;-35,92493552
19,98895;;;-28,29507533
19,98945;;;-24,63274244
19,98995;;;-24,93793685
19,99045;;;-22,80157599
19,99095;;;-14,25613258
19,99145;;;-1,743161862
19,99195;;;10,46461445
19,99245;;;22,36719635
19,99295;;;33,35419502
19,99344;;;41,59444403
19,99394;;;45,86716574
19,99444;;;48,00352659
19,99494;;;48,61391541
19,99544;;;47,39313778
19,99594;;;45,25677692
19,99644;;;44,03599929
19,99694;;;42,51002725
19,99744;;;38,23730555
19,99794;;;31,82822299
19,99844;;;27,25030687
19,99894;;;23,58797398
19,99944;;;19,92564108
19,99994;;;16,5685026
20,00044;;;14,43214175
20,00094;;;9,854225631
20,00144;;;-0,8275786388
20,00194;;;-15,78210462
20,00244;;;-28,29507533
20,00294;;;-37,75610197
20,00344;;;-46,60673979
20,00394;;;-52,71062795
20,00444;;;-52,71062795
20,00494;;;-49,65868387
20,00544;;;-48,74310065
20,00594;;;-48,74310065
20,00644;;;-46,30154539
20,00694;;;-42,02882368
20,00744;;;-38,67168519
20,00794;;;-35,92493552
20,00844;;;-30,12624178
20,00894;;;-23,41196481
20,00944;;;-21,27560395
20,00994;;;-21,88599277
20,01044;;;-19,44443751
20,01094;;;-11,2041885
20,01144;;;-1,132773046
20,01194;;;9,854225631
20,01244;;;23,28277957
20,01294;;;35,79575029
20,01344;;;43,12041607
20,01394;;;45,56197133
20,01444;;;47,39313778
20,01494;;;48,308721
20,01544;;;45,86716574
20,01594;;;42,20483285
20,01644;;;40,67886081
20,01694;;;39,76327759
20,01744;;;35,18536147
20,01794;;;28,4710845
20,01844;;;23,58797398
20,01894;;;21,14641872
20,01944;;;17,48408582
20,01994;;;14,43214175
20,02044;;;12,6009753
20,02094;;;8,023059185
20,02144;;;-3,574328308
20,02194;;;-18,52885429
20,02244;;;-29,82104737
20,02294;;;-38,06129638
20,02344;;;-47,21712861
20,02394;;;-54,23659999
20,02444;;;-53,32101676
20,02494;;;-48,74310065
20,02544;;;-47,52232302
20,02594;;;-48,43790624
20,02644;;;-45,38596216
20,02694;;;-39,89246282
20,02744;;;-37,45090756
20,02794;;;-35,61974112
20,02844;;;-27,98988092
20,02894;;;-20,36002073
20,02944;;;-20,97040955
20,02994;;;-23,41196481
20,03044;;;-13,95093817
20,03094;;;5,276309515
20,03144;;;18,70486345
20,03194;;;20,23083549
20,03244;;;22,36719635
20,03294;;;33,35419502
20,03344;;;45,86716574
20,03394;;;50,44508186
20,03444;;;49,83469304
20,03494;;;49,52949863
20,03544;;;49,22430422
20,03594;;;47,39313778
20,03644;;;44,95158252
20,03694;;;42,51002725
20,03744;;;38,23730555
20,03794;;;32,13341739
20,03844;;;28,4710845
20,03894;;;26,63991805
20,03944;;;22,67239075
20,03994;;;18,39966905
20,04044;;;16,5685026
20,04094;;;14,12694734
20,04144;;;3,750337477
20,04194;;;-12,11977172
20,04244;;;-25,54832566
20,04294;;;-33,78857467
20,04344;;;-41,11324046
20,04394;;;-47,82751742
20,04444;;;-48,43790624
20,04494;;;-43,85999012
20,04544;;;-41,41843486
20,04594;;;-42,9444069
20,04644;;;-41,41843486
20,04694;;;-34,70415789
20,04744;;;-29,82104737
20,04794;;;-28,29507533
20,04844;;;-24,93793685
20,04894;;;-16,69768784
20,04944;;;-10,28860528
20,04993;;;-9,98341087
20,05043;;;-9,067827647
20,05093;;;-1,437967454
20,05143;;;9,243836815
20,05193;;;19,01005786
20,05243;;;28,77627891
20,05293;;;41,28924962
20,05343;;;53,19183152
20,05393;;;58,38013646
20,05443;;;56,54897001
20,05493;;;52,58144271
20,05543;;;50,44508186
20,05593;;;49,52949863
20,05643;;;47,69833219
20,05693;;;43,73080489
20,05743;;;38,23730555
20,05793;;;33,65938943
20,05843;;;30,60744535
20,05893;;;26,63991805
20,05943;;;22,06200194
20,05993;;;18,70486345
20,06043;;;17,17889142
20,06093;;;11,99058648
20,06143;;;0,08800458433
20,06193;;;-14,56132699
20,06243;;;-27,0742977
20,06293;;;-36,84051875
20,06343;;;-45,99635098
20,06393;;;-51,79504472
20,06443;;;-51,18465591
20,06493;;;-48,74310065
20,06543;;;-48,13271183
20,06593;;;-48,13271183
20,06643;;;-45,08076776
20,06693;;;-40,19765723
20,06743;;;-37,75610197
20,06793;;;-35,0093523
20,06843;;;-28,60026974
20,06893;;;-22,19118718
20,06943;;;-20,05482632
20,06993;;;-20,66521514
20,07043;;;-17,61327106
20,07093;;;-9,373022054
20,07143;;;0,393198992
20,07193;;;11,68539208
20,07243;;;25,11394602
20,07293;;;36,71133351
20,07343;;;42,81522166
20,07393;;;45,56197133
20,07443;;;48,00352659
20,07493;;;48,91910982
20,07543;;;46,17236015
20,07593;;;43,42561048
20,07643;;;43,73080489
20,07693;;;43,42561048
20,07743;;;37,93211114
20,07793;;;30,30225095
20,07843;;;25,11394602
20,07893;;;21,45161312
20,07943;;;17,48408582
20,07993;;;14,43214175
20,08043;;;13,51655852
20,08093;;;8,938642408
20,08143;;;-3,574328308
20,08193;;;-19,1392431
20,08243;;;-30,43143619
20,08293;;;-38,9768796
20,08343;;;-47,82751742
20,08393;;;-53,93140558
20,08443;;;-53,01582236
20,08493;;;-48,74310065
20,08543;;;-47,52232302
20,08593;;;-48,13271183
20,08643;;;-45,99635098
20,08693;;;-41,72362927
20,08743;;;-38,06129638
20,08793;;;-33,78857467
20,08843;;;-27,0742977
20,08893;;;-21,88599277
20,08943;;;-20,36002073
20,08993;;;-18,83404869
20,09043;;;-13,95093817
20,09093;;;-6,931466793
20,09143;;;1,613976623
20,09193;;;15,65291938
20,09243;;;31,52302858
20,09293;;;40,67886081
20,09343;;;43,12041607
20,09393;;;50,13988745
20,09443;;;63,56844139
20,09493;;;69,06194072
20,09543;;;58,07494205
20,09593;;;43,42561048
20,09643;;;39,15288877
20,09693;;;40,98405522
20,09743;;;36,71133351
20,09793;;;27,55550128
20,09843;;;22,36719635
20,09893;;;20,84122431
20,09943;;;16,5685026
20,09993;;;11,99058648
20,10043;;;10,46461445
20,10093;;;7,412670369
20,10143;;;-4,489911531
20,10193;;;-20,66521514
20,10243;;;-32,56779704
20,10293;;;-40,19765723
20,10343;;;-49,04829506
20,10393;;;-56,06776643
20,10443;;;-56,06776643
20,10493;;;-52,10023913
20,10543;;;-51,48985032
20,10592;;;-53,01582236
20,10642;;;-50,57426709
20,10692;;;-45,38596216
20,10742;;;-42,33401809
20,10792;;;-39,58726842
20,10842;;;-33,48338026
20,10892;;;-26,46390889
20,10942;;;-24,63274244
20,10992;;;-25,85352007
20,11042;;;-22,49638159
20,11092;;;-13,95093817
20,11142;;;-3,574328308
20,11192;;;7,107475961
20,11242;;;19,92564108
20,11292;;;31,21783417
20,11342;;;37,32172232
20,11392;;;39,76327759
20,11442;;;41,59444403
20,11492;;;42,20483285
20,11542;;;39,76327759
20,11592;;;37,32172232
20,11642;;;37,01652792
20,11692;;;36,4061391
20,11742;;;31,52302858
20,11792;;;24,80875161
20,11842;;;21,45161312
20,11892;;;19,31525227
20,11942;;;15,34772497
20,11992;;;12,29578089
20,12042;;;11,68539208
20,12092;;;8,938642408
20,12142;;;-2,353550677
20,12192;;;-19,1392431
20,12242;;;-31,95740822
20,12292;;;-40,50285164
20,12342;;;-48,13271183
20,12392;;;-53,93140558
20,12442;;;-54,23659999
20,12492;;;-51,18465591
20,12542;;;-49,96387828
20,12592;;;-49,96387828
20,12642;;;-46,9119342
20,12692;;;-41,41843486
20,12742;;;-36,84051875
20,12792;;;-33,17818586
20,12842;;;-27,68468652
20,12892;;;-21,88599277
20,12942;;;-19,1392431
20,12992;;;-18,22365988
20,13042;;;-13,64574376
20,13092;;;-4,795105939
20,13142;;;5,581503923
20,13192;;;17,17889142
20,13242;;;29,99705654
20,13292;;;42,20483285
20,13342;;;49,83469304
20,13392;;;52,88663712
20,13442;;;54,71780356
20,13492;;;55,32819238
20,13542;;;53,80222034
20,13592;;;51,66585949
20,13642;;;50,44508186
20,13692;;;48,61391541
20,13742;;;43,42561048
20,13792;;;37,32172232
20,13842;;;33,04900062
20,13892;;;29,99705654
20,13942;;;26,94511246
20,13992;;;24,80875161
20,14042;;;23,89316839
20,14092;;;19,31525227
20,14142;;;7,717864777
20,14192;;;-5,710689162
20,14242;;;-16,69768784
20,14292;;;-24,93793685
20,14342;;;-33,78857467
20,14392;;;-39,89246282
20,14442;;;-39,58726842
20,14492;;;-35,92493552
20,14542;;;-34,70415789
20,14592;;;-34,39896349
20,14642;;;-31,34701941
20,14692;;;-26,46390889
20,14742;;;-23,71715922
20,14792;;;-21,58079836
20,14842;;;-16,08729902
20,14892;;;-9,373022054
20,14942;;;-7,541855608
20,14992;;;-9,067827647
20,15042;;;-6,321077977
20,15092;;;2,224365438
20,15142;;;12,90616971
20,15192;;;23,28277957
20,15242;;;35,79575029
20,15292;;;48,61391541
20,15342;;;54,41260916
20,15392;;;52,2762483
20,15442;;;51,05547067
20,15492;;;55,63338679
20,15542;;;58,38013646
20,15592;;;53,80222034
20,15642;;;47,39313778
20,15692;;;46,78274896
20,15742;;;48,00352659
20,15792;;;42,20483285
20,15842;;;32,13341739
20,15892;;;28,77627891
20,15942;;;34,88016706
20,15992;;;39,45808318
20,16042;;;33,96458384
20,16092;;;21,14641872
20,16142;;;9,243836815
20,16192;;;-0,5223842311
20,16241;;;-11,2041885
20,16291;;;-24,02235362
20,16341;;;-35,92493552
20,16391;;;-43,85999012
20,16441;;;-46,9119342
20,16491;;;-46,30154539
20,16541;;;-45,08076776
20,16591;;;-44,47037894
20,16641;;;-43,24960131
20,16691;;;-40,50285164
20,16741;;;-37,14571316
20,16791;;;-34,09376908
20,16841;;;-30,12624178
20,16891;;;-23,71715922
20,16941;;;-18,22365988
20,16991;;;-17,00288225
20,17041;;;-17,30807665
20,17091;;;-13,64574376
20,17141;;;-5,710689162
20,17191;;;3,750337477
20,17241;;;14,73733615
20,17291;;;26,63991805
20,17341;;;37,32172232
20,17391;;;42,81522166
20,17441;;;44,64638811
20,17491;;;45,86716574
20,17541;;;45,86716574
20,17591;;;43,12041607
20,17641;;;40,06847199
20,17691;;;38,84769436
20,17741;;;37,01652792
20,17791;;;31,82822299
20,17841;;;25,72433483
20,17891;;;22,06200194
20,17941;;;19,92564108
20,17991;;;16,5685026
20,18041;;;13,51655852
20,18091;;;12,6009753
20,18141;;;8,023059185
20,18191;;;-3,574328308
20,18241;;;-19,1392431
20,18291;;;-30,43143619
20,18341;;;-37,45090756
20,18391;;;-44,16518453
20,18441;;;-49,65868387
20,18491;;;-49,65868387
20,18541;;;-47,21712861
20,18591;;;-46,30154539
20,18641;;;-46,30154539
20,18691;;;-42,9444069
20,18741;;;-38,06129638
20,18791;;;-35,0093523
20,18841;;;-32,56779704
20,18891;;;-26,76910329
20,18941;;;-20,05482632
20,18991;;;-17,91846547
20,19041;;;-18,22365988
20,19091;;;-14,86652139
20,19141;;;-6,626272385
20,19191;;;2,834754254
20,19241;;;13,51655852
20,19291;;;26,02952924
20,19341;;;37,62691673
20,19391;;;43,12041607
20,19441;;;44,03599929
20,19491;;;44,64638811
20,19541;;;44,95158252
20,19591;;;41,89963844
20,19641;;;37,62691673
20,19691;;;35,79575029
20,19741;;;34,57497265
20,19791;;;29,69186213
20,19841;;;22,36719635
20,19891;;;17,17889142
20,19941;;;14,43214175
20,19991;;;10,76980885
20,20041;;;7,107475961
20,20091;;;4,6659207
20,20141;;;0,08800458433
20,20191;;;-10,59379969
20,20241;;;-25,24313125
20,20291;;;-37,75610197
20,20341;;;-46,30154539
20,20391;;;-53,62621117
20,20441;;;-58,8145161
20,20491;;;-60,03529373
20,20541;;;-58,20412729
20,20591;;;-56,98334966
20,20641;;;-56,37296084
20,20691;;;-53,62621117
20,20741;;;-50,26907269
20,20791;;;-47,82751742
20,20841;;;-43,85999012
20,20891;;;-36,84051875
20,20941;;;-31,65221382
20,20991;;;-31,65221382
20,21041;;;-33,78857467
20,21091;;;-31,95740822
20,21141;;;-24,93793685
20,21191;;;-15,78210462
20,21241;;;-5,405494754
20,21291;;;6,802281554
20,21341;;;18,09447464
20,21391;;;23,28277957
20,21441;;;23,89316839
20,21491;;;23,58797398
20,21541;;;23,58797398
20,21591;;;22,06200194
20,21641;;;19,92564108
20,21691;;;19,92564108
20,21741;;;20,23083549
20,21791;;;16,5685026
20,21840;;;9,854225631
20,21890;;;4,360726292
20,21940;;;2,834754254
20,21990;;;2,529559846
20,22040;;;1,308782215
20,22090;;;-0,2171898234
20,22140;;;-3,574328308
20,22190;;;-10,28860528
20,22240;;;-22,80157599
20,22290;;;-37,14571316
20,22340;;;-44,47037894
20,22390;;;-41,11324046
20,22440;;;-33,78857467
20,22490;;;-34,09376908
20,22540;;;-44,16518453
20,22590;;;-52,40543354
20,22640;;;-50,26907269
20,22690;;;-42,33401809
20,22740;;;-38,06129638
20,22790;;;-37,14571316
20,22840;;;-32,87299145
20,22890;;;-24,32754803
20,22940;;;-17,91846547
20,22990;;;-17,00288225
20,23040;;;-16,08729902
20,23090;;;-11,2041885
20,23140;;;-3,2691339
20,23190;;;6,191892738
20,23240;;;18,09447464
20,23290;;;31,21783417
20,23340;;;40,67886081
20,23390;;;46,17236015
20,23440;;;49,83469304
20,23490;;;52,88663712
20,23540;;;52,58144271
20,23590;;;49,83469304
20,23640;;;47,39313778
20,23690;;;46,78274896
20,23740;;;44,95158252
20,23790;;;40,67886081
20,23840;;;36,10094469
20,23890;;;32,13341739
20,23940;;;28,4710845
20,23990;;;25,72433483
20,24040;;;24,5035572
20,24090;;;22,06200194
20,24140;;;14,43214175
20,24190;;;2,834754254
20,24240;;;-7,847050016
20,24290;;;-17,00288225
20,24340;;;-26,15871448
20,24390;;;-33,48338026
20,24440;;;-35,0093523
20,24490;;;-31,95740822
20,24540;;;-30,73663059
20,24590;;;-31,95740822
20,24640;;;-30,43143619
20,24690;;;-24,93793685
20,24740;;;-20,97040955
20,24790;;;-20,36002073
20,24840;;;-17,61327106
20,24890;;;-10,28860528
20,24940;;;-4,184717123
20,24990;;;-3,574328308
20,25040;;;-3,574328308
20,25090;;;0,6983933997
20,25140;;;8,023059185
20,25190;;;15,34772497
20,25240;;;25,11394602
20,25290;;;37,62691673
20,25340;;;48,00352659
20,25390;;;51,97105389
20,25440;;;52,88663712
20,25490;;;54,41260916
20,25540;;;55,02299797
20,25590;;;52,2762483
20,25640;;;48,308721
20,25690;;;47,08794337
20,25740;;;46,17236015
20,25790;;;41,89963844
20,25840;;;36,10094469
20,25890;;;32,13341739
20,25940;;;29,08147332
20,25990;;;26,02952924
20,26040;;;23,28277957
20,26090;;;21,75680753
20,26140;;;16,5685026
20,26190;;;4,971115108
20,26240;;;-7,847050016
20,26290;;;-17,91846547
20,26340;;;-26,15871448
20,26390;;;-34,09376908
20,26440;;;-39,58726842
20,26490;;;-38,9768796
20,26540;;;-36,53532434
20,26590;;;-36,53532434
20,26640;;;-37,14571316
20,26690;;;-34,39896349
20,26740;;;-30,73663059
20,26790;;;-29,21065856
20,26840;;;-27,68468652
20,26890;;;-22,80157599
20,26940;;;-17,61327106
20,26990;;;-17,30807665
20,27040;;;-18,52885429
20,27090;;;-15,78210462
20,27140;;;-8,152244424
20,27190;;;0,08800458433
20,27240;;;8,328253592
20,27290;;;19,01005786
20,27340;;;28,77627891
20,27390;;;33,96458384
20,27440;;;35,79575029
20,27489;;;37,32172232
20,27539;;;37,62691673
20,27589;;;34,88016706
20,27639;;;31,82822299
20,27689;;;32,13341739
20,27739;;;32,13341739
20,27789;;;26,94511246
20,27839;;;19,92564108
20,27889;;;16,87369701
20,27939;;;16,5685026
20,27989;;;14,12694734
20,28039;;;11,07500326
20,28089;;;10,76980885
20,28139;;;9,243836815
20,28189;;;0,08800458433
20,28239;;;-13,95093817
20,28289;;;-23,1067704
20,28339;;;-27,68468652
20,28389;;;-35,31454671
20,28439;;;-43,85999012
20,28489;;;-42,63921249
20,28539;;;-30,12624178
20,28589;;;-20,66521514
20,28639;;;-24,32754803
20,28689;;;-34,70415789
20,28739;;;-38,36649079
20,28789;;;-33,17818586
20,28839;;;-26,76910329
20,28889;;;-23,1067704
20,28939;;;-20,66521514
20,28989;;;-18,83404869
20,29039;;;-17,30807665
20,29089;;;-15,78210462
20,29139;;;-11,2041885
20,29189;;;-2,658745085
20,29239;;;8,023059185
20,29289;;;17,78928023
20,29339;;;25,11394602
20,29389;;;29,38666772
20,29439;;;32,13341739
20,29489;;;33,35419502
20,29539;;;32,13341739
20,29589;;;29,69186213
20,29639;;;27,55550128
20,29689;;;26,33472365
20,29739;;;22,97758516
20,29789;;;17,48408582
20,29839;;;12,6009753
20,29889;;;8,938642408
20,29939;;;4,6659207
20,29989;;;0,393198992
20,30039;;;-0,5223842311
20,30089;;;-0,2171898234
20,30139;;;-5,405494754
20,30189;;;-17,00288225
20,30239;;;-29,51585296
20,30289;;;-38,67168519
20,30339;;;-46,60673979
20,30389;;;-54,23659999
20,30439;;;-57,89893288
20,30489;;;-56,37296084
20,30539;;;-53,93140558
20,30589;;;-54,8469888
20,30639;;;-54,54179439
20,30689;;;-50,26907269
20,30739;;;-45,38596216
20,30789;;;-43,24960131
20,30839;;;-40,50285164
20,30889;;;-33,48338026
20,30939;;;-26,76910329
20,30989;;;-24,93793685
20,31039;;;-25,24313125
20,31089;;;-21,88599277
20,31139;;;-13,95093817
20,31189;;;-4,184717123
20,31239;;;6,497087146
20,31289;;;18,39966905
20,31339;;;27,86069569
20,31389;;;33,35419502
20,31439;;;37,01652792
20,31489;;;40,3736664
20,31539;;;41,89963844
20,31589;;;40,3736664
20,31639;;;39,76327759
20,31689;;;40,98405522
20,31739;;;40,98405522
20,31789;;;37,32172232
20,31839;;;33,35419502
20,31889;;;32,13341739
20,31939;;;30,91263976
20,31989;;;29,08147332
20,32039;;;28,4710845
20,32089;;;29,08147332
20,32139;;;26,02952924
20,32189;;;15,95811378
20,32239;;;4,971115108
20,32289;;;-2,658745085
20,32339;;;-9,373022054
20,32389;;;-16,39249343
20,32439;;;-20,66521514
20,32489;;;-19,1392431
20,32539;;;-16,08729902
20,32589;;;-15,78210462
20,32639;;;-16,08729902
20,32689;;;-13,34054935
20,32739;;;-9,98341087
20,32789;;;-8,762633239
20,32839;;;-6,321077977
20,32889;;;-1,437967454
20,32939;;;2,529559846
20,32989;;;1,919171031
20,33039;;;0,6983933997
20,33088;;;3,750337477
20,33138;;;10,76980885
20,33188;;;17,48408582
20,33238;;;25,41914042
20,33288;;;35,49055588
20,33338;;;44,03599929
20,33388;;;47,69833219
20,33438;;;48,61391541
20,33488;;;49,22430422
20,33538;;;49,22430422
20,33588;;;46,78274896
20,33638;;;44,3411937
20,33688;;;44,03599929
20,33738;;;42,51002725
20,33788;;;37,32172232
20,33838;;;31,82822299
20,33888;;;29,38666772
20,33938;;;27,55550128
20,33988;;;23,58797398
20,34038;;;20,23083549
20,34088;;;19,92564108
20,34138;;;17,17889142
20,34188;;;7,412670369
20,34238;;;-4,795105939
20,34288;;;-13,03535495
20,34338;;;-18,52885429
20,34388;;;-24,63274244
20,34438;;;-29,51585296
20,34488;;;-28,90546415
20,34538;;;-26,15871448
20,34588;;;-26,46390889
20,34638;;;-27,0742977
20,34688;;;-23,41196481
20,34738;;;-17,61327106
20,34788;;;-16,39249343
20,34838;;;-16,39249343
20,34888;;;-7,847050016
20,34938;;;6,802281554
20,34988;;;15,04253056
20,35038;;;10,15942004
20,35088;;;1,308782215
20,35138;;;1,003587807
20,35188;;;10,76980885
20,35238;;;23,28277957
20,35288;;;33,04900062
20,35338;;;39,45808318
20,35388;;;43,73080489
20,35438;;;46,47755455
20,35488;;;47,69833219
20,35538;;;46,78274896
20,35588;;;44,64638811
20,35638;;;42,81522166
20,35688;;;42,20483285
20,35738;;;40,06847199
20,35788;;;34,88016706
20,35838;;;28,77627891
20,35888;;;24,5035572
20,35938;;;21,75680753
20,35988;;;19,31525227
20,36038;;;17,17889142
20,36088;;;14,12694734
20,36138;;;7,412670369
20,36188;;;-2,963939493
20,36238;;;-14,56132699
20,36288;;;-24,32754803
20,36338;;;-33,17818586
20,36388;;;-40,80804605
20,36438;;;-44,47037894
20,36488;;;-43,85999012
20,36538;;;-43,55479572
20,36588;;;-45,38596216
20,36638;;;-46,30154539
20,36688;;;-43,85999012
20,36738;;;-41,11324046
20,36788;;;-39,58726842
20,36838;;;-36,84051875
20,36888;;;-31,95740822
20,36938;;;-28,29507533
20,36988;;;-28,60026974
20,37038;;;-29,21065856
20,37088;;;-26,15871448
20,37138;;;-19,74963192
20,37188;;;-11,81457732
20,37238;;;-2,658745085
20,37288;;;7,412670369
20,37338;;;15,04253056
20,37388;;;18,70486345
20,37438;;;21,14641872
20,37488;;;23,28277957
20,37538;;;23,89316839
20,37588;;;22,36719635
20,37638;;;22,06200194
20,37688;;;23,89316839
20,37738;;;22,97758516
20,37788;;;17,78928023
20,37838;;;12,6009753
20,37888;;;11,07500326
20,37938;;;10,15942004
20,37988;;;7,412670369
20,38038;;;4,360726292
20,38088;;;2,529559846
20,38138;;;-1,437967454
20,38188;;;-10,89899409
20,38238;;;-22,19118718
20,38288;;;-31,041825
20,38338;;;-37,75610197
20,38388;;;-43,24960131
20,38438;;;-45,99635098
20,38488;;;-45,69115657
20,38538;;;-45,38596216
20,38588;;;-46,60673979
20,38638;;;-46,9119342
20,38688;;;-45,08076776
20,38737;;;-42,63921249
20,38787;;;-40,50285164
20,38837;;;-36,84051875
20,38887;;;-31,34701941
20,38937;;;-28,29507533
20,38987;;;-28,29507533
20,39037;;;-27,68468652
20,39087;;;-23,71715922
20,39137;;;-17,91846547
20,39187;;;-11,2041885
20,39237;;;-1,743161862
20,39287;;;9,549031223
20,39337;;;17,48408582
20,39387;;;20,84122431
20,39437;;;22,67239075
20,39487;;;25,11394602
20,39537;;;25,41914042
20,39587;;;22,97758516
20,39637;;;22,06200194
20,39687;;;23,58797398
20,39737;;;22,06200194
20,39787;;;15,95811378
20,39837;;;9,854225631
20,39887;;;7,717864777
20,39937;;;5,886698331
20,39987;;;2,529559846
20,40037;;;0,6983933997
20,40087;;;0,6983933997
20,40137;;;-2,658745085
20,40187;;;-13,03535495
20,40237;;;-25,24313125
20,40287;;;-34,39896349
20,40337;;;-41,72362927
20,40387;;;-48,43790624
20,40437;;;-51,79504472
20,40487;;;-50,26907269
20,40537;;;-49,04829506
20,40587;;;-50,8794615
20,40637;;;-51,48985032
20,40687;;;-47,52232302
20,40737;;;-42,9444069
20,40787;;;-41,11324046
20,40837;;;-38,36649079
20,40887;;;-31,95740822
20,40937;;;-27,0742977
20,40987;;;-27,37949211
20,41037;;;-27,98988092
20,41087;;;-21,58079836
20,41137;;;-12,42496613
20,41187;;;-6,626272385
20,41237;;;0,08800458433
20,41287;;;15,04253056
20,41337;;;34,57497265
20,41387;;;43,73080489
20,41437;;;38,54249995
20,41487;;;29,38666772
20,41537;;;26,94511246
20,41587;;;29,99705654
20,41637;;;31,82822299
20,41687;;;29,99705654
20,41737;;;26,94511246
20,41787;;;24,80875161
20,41837;;;22,36719635
20,41887;;;19,62044668
20,41937;;;16,5685026
20,41987;;;15,34772497
20,42037;;;15,65291938
20,42087;;;15,04253056
20,42137;;;9,243836815
20,42187;;;-0,2171898234
20,42237;;;-9,678216462
20,42287;;;-17,00288225
20,42337;;;-24,02235362
20,42387;;;-31,041825
20,42437;;;-34,39896349
20,42487;;;-33,78857467
20,42537;;;-32,87299145
20,42587;;;-33,17818586
20,42637;;;-32,26260263
20,42687;;;-29,21065856
20,42737;;;-26,46390889
20,42787;;;-24,93793685
20,42837;;;-20,97040955
20,42887;;;-14,25613258
20,42937;;;-9,067827647
20,42987;;;-8,762633239
20,43037;;;-9,373022054
20,43087;;;-5,710689162
20,43137;;;1,613976623
20,43187;;;10,15942004
20,43237;;;19,31525227
20,43287;;;28,4710845
20,43337;;;35,79575029
20,43387;;;40,06847199
20,43437;;;42,51002725
20,43487;;;44,3411937
20,43537;;;44,3411937
20,43587;;;43,73080489
20,43637;;;44,3411937
20,43687;;;44,95158252
20,43737;;;43,12041607
20,43787;;;39,15288877
20,43837;;;35,79575029
20,43887;;;33,04900062
20,43937;;;29,08147332
20,43987;;;25,41914042
20,44037;;;24,80875161
20,44087;;;24,5035572
20,44137;;;19,01005786
20,44187;;;8,023059185
20,44237;;;-2,353550677
20,44287;;;-10,28860528
20,44336;;;-18,22365988
20,44386;;;-26,15871448
20,44436;;;-30,12624178
20,44486;;;-29,51585296
20,44536;;;-29,51585296
20,44586;;;-32,26260263
20,44636;;;-33,17818586
20,44686;;;-30,73663059
20,44736;;;-27,98988092
20,44786;;;-26,76910329
20,44836;;;-24,32754803
20,44886;;;-19,74963192
20,44936;;;-16,39249343
20,44986;;;-16,08729902
20,45036;;;-15,78210462
20,45086;;;-12,42496613
20,45136;;;-6,626272385
20,45186;;;1,003587807
20,45236;;;10,76980885
20,45286;;;20,23083549
20,45336;;;26,02952924
20,45386;;;28,77627891
20,45436;;;32,4386118
20,45486;;;36,4061391
20,45536;;;36,71133351
20,45586;;;34,26977825
20,45636;;;33,65938943
20,45686;;;34,57497265
20,45736;;;33,35419502
20,45786;;;29,08147332
20,45836;;;25,72433483
20,45886;;;24,80875161
20,45936;;;22,97758516
20,45986;;;20,23083549
20,46036;;;19,92564108
20,46086;;;20,84122431
20,46136;;;15,95811378
20,46186;;;5,276309515
20,46236;;;-4,489911531
20,46286;;;-10,89899409
20,46336;;;-17,00288225
20,46386;;;-23,41196481
20,46436;;;-26,46390889
20,46486;;;-24,02235362
20,46536;;;-22,19118718
20,46586;;;-24,02235362
20,46636;;;-25,24313125
20,46686;;;-22,49638159
20,46736;;;-18,52885429
20,46786;;;-16,39249343
20,46836;;;-13,34054935
20,46886;;;-7,847050016
20,46936;;;-4,184717123
20,46986;;;-5,100300347
20,47036;;;-5,405494754
20,47086;;;-1,132773046
20,47136;;;5,276309515
20,47186;;;11,99058648
20,47236;;;21,45161312
20,47286;;;33,35419502
20,47336;;;40,98405522
20,47386;;;41,89963844
20,47436;;;42,51002725
20,47486;;;48,00352659
20,47536;;;51,97105389
20,47586;;;47,69833219
20,47636;;;42,81522166
20,47686;;;47,08794337
20,47736;;;56,54897001
20,47786;;;56,85416442
20,47836;;;44,03599929
20,47886;;;28,77627891
20,47936;;;22,36719635
20,47986;;;23,58797398
20,48036;;;25,11394602
20,48086;;;22,67239075
20,48136;;;16,26330819
20,48186;;;6,802281554
20,48236;;;-3,879522716
20,48286;;;-13,34054935
20,48336;;;-20,66521514
20,48386;;;-25,85352007
20,48436;;;-28,60026974
20,48486;;;-29,21065856
20,48536;;;-29,21065856
20,48586;;;-29,82104737
20,48636;;;-29,51585296
20,48686;;;-27,37949211
20,48736;;;-23,71715922
20,48786;;;-20,66521514
20,48836;;;-17,61327106
20,48886;;;-14,25613258
20,48936;;;-11,81457732
20,48986;;;-10,89899409
20,49036;;;-9,373022054
20,49086;;;-6,626272385
20,49136;;;-1,437967454
20,49186;;;6,191892738
20,49236;;;17,17889142
20,49286;;;27,55550128
20,49336;;;33,96458384
20,49386;;;37,01652792
20,49436;;;40,67886081
20,49486;;;44,3411937
20,49536;;;44,64638811
20,49586;;;43,12041607
20,49636;;;43,42561048
20,49686;;;44,3411937
20,49736;;;41,59444403
20,49786;;;35,49055588
20,49836;;;29,99705654
20,49886;;;27,25030687
20,49936;;;23,28277957
20,49985;;;18,70486345
20,50035;;;17,17889142
20,50085;;;16,87369701
20,50135;;;11,68539208
20,50185;;;0,08800458433
20,50235;;;-11,81457732
20,50285;;;-20,97040955
20,50335;;;-29,21065856
20,50385;;;-37,14571316
20,50435;;;-41,41843486
20,50485;;;-41,72362927
20,50535;;;-42,63921249
20,50585;;;-46,30154539
20,50635;;;-48,74310065
20,50685;;;-46,60673979
20,50735;;;-43,55479572
20,50785;;;-42,02882368
20,50835;;;-40,50285164
20,50885;;;-37,45090756
20,50935;;;-35,31454671
20,50985;;;-35,31454671
20,51035;;;-35,0093523
20,51085;;;-32,87299145
20,51135;;;-28,60026974
20,51185;;;-22,49638159
20,51235;;;-13,64574376
20,51285;;;-3,879522716
20,51335;;;2,529559846
20,51385;;;5,886698331
20,51435;;;8,328253592
20,51485;;;10,46461445
20,51535;;;11,07500326
20,51585;;;10,46461445
20,51635;;;11,07500326
20,51685;;;11,68539208
20,51735;;;8,938642408
20,51785;;;4,360726292
20,51835;;;1,003587807
20,51885;;;-0,2171898234
20,51935;;;-2,658745085
20,51985;;;-5,100300347
20,52035;;;-5,100300347
20,52085;;;-4,489911531
20,52135;;;-8,762633239
20,52185;;;-18,83404869
20,52235;;;-29,21065856
20,52285;;;-36,84051875
20,52335;;;-43,24960131
20,52385;;;-48,74310065
20,52435;;;-51,79504472
20,52485;;;-52,10023913
20,52535;;;-52,40543354
20,52585;;;-53,32101676
20,52635;;;-53,32101676
20,52685;;;-51,48985032
20,52735;;;-49,04829506
20,52785;;;-45,99635098
20,52835;;;-42,33401809
20,52885;;;-38,67168519
20,52935;;;-36,84051875
20,52985;;;-36,23012993
20,53035;;;-35,31454671
20,53085;;;-32,56779704
20,53135;;;-28,29507533
20,53185;;;-21,27560395
20,53235;;;-12,11977172
20,53285;;;-3,574328308
20,53335;;;2,834754254
20,53385;;;7,412670369
20,53435;;;10,76980885
20,53485;;;12,29578089
20,53535;;;12,29578089
20,53585;;;12,29578089
20,53635;;;12,29578089
20,53685;;;10,46461445
20,53735;;;7,107475961
20,53785;;;4,055531884
20,53835;;;1,308782215
20,53885;;;-2,04835627
20,53935;;;-5,100300347
20,53985;;;-4,795105939
20,54035;;;-4,489911531
20,54085;;;-8,762633239
20,54135;;;-13,95093817
20,54185;;;-14,25613258
20,54235;;;-13,34054935
20,54285;;;-23,71715922
20,54335;;;-43,55479572
20,54385;;;-57,59373847
20,54435;;;-56,98334966
20,54485;;;-52,10023913
20,54535;;;-53,62621117
20,54585;;;-56,67815525
20,54635;;;-53,62621117
20,54685;;;-47,21712861
20,54735;;;-44,47037894
20,54785;;;-42,9444069
20,54835;;;-37,45090756
20,54885;;;-29,51585296
20,54935;;;-26,15871448
20,54985;;;-25,24313125
20,55035;;;-21,58079836
20,55085;;;-15,1717158
20,55135;;;-8,152244424
20,55185;;;0,393198992
20,55235;;;13,51655852
20,55285;;;26,33472365
20,55335;;;34,57497265
20,55385;;;40,06847199
20,55435;;;46,78274896
20,55485;;;52,88663712
20,55535;;;55,02299797
20,55584;;;55,32819238
20,55634;;;57,46455323
20,55684;;;59,60091409
20,55734;;;58,38013646
20,55784;;;55,63338679
20,55834;;;54,71780356
20,55884;;;54,41260916
20,55934;;;52,58144271
20,55984;;;51,36066508
20,56034;;;53,19183152
20,56084;;;54,71780356
20,56134;;;49,83469304
20,56184;;;40,06847199
20,56234;;;30,91263976
20,56284;;;23,58797398
20,56334;;;16,26330819
20,56384;;;10,15942004
20,56434;;;8,328253592
20,56484;;;8,938642408
20,56534;;;7,717864777
20,56584;;;5,886698331
20,56634;;;6,497087146
20,56684;;;8,633448
20,56734;;;10,15942004
20,56784;;;11,99058648
20,56834;;;16,87369701
20,56884;;;22,06200194
20,56934;;;22,97758516
20,56984;;;21,14641872
20,57034;;;21,75680753
20,57084;;;25,72433483
20,57134;;;30,91263976
20,57184;;;37,32172232
20,57234;;;46,78274896
20,57284;;;56,85416442
20,57334;;;63,87363579
20,57384;;;67,53596869
20,57434;;;70,89310717
20,57484;;;73,33466243
20,57534;;;73,33466243
20,57584;;;72,41907921
20,57634;;;73,02946802
20,57684;;;73,02946802
20,57734;;;68,45155191
20,57784;;;61,73727494
20,57834;;;58,07494205
20,57884;;;55,63338679
20,57934;;;51,66585949
20,57984;;;47,08794337
20,58034;;;46,17236015
20,58084;;;45,56197133
20,58134;;;38,84769436
20,58184;;;26,63991805
20,58234;;;15,34772497
20,58284;;;7,412670369
20,58334;;;-0,2171898234
20,58384;;;-9,067827647
20,58434;;;-14,25613258
20,58484;;;-15,47691021
20,58534;;;-17,00288225
20,58584;;;-20,36002073
20,58634;;;-21,58079836
20,58684;;;-19,44443751
20,58734;;;-17,00288225
20,58784;;;-15,78210462
20,58834;;;-13,03535495
20,58884;;;-8,457438831
20,58934;;;-6,321077977
20,58984;;;-6,931466793
20,59034;;;-6,931466793
20,59084;;;-3,574328308
20,59134;;;1,919171031
20,59184;;;9,243836815
20,59234;;;18,09447464
20,59284;;;27,55550128
20,59334;;;33,65938943
20,59384;;;36,10094469
20,59434;;;38,54249995
20,59484;;;40,98405522
20,59534;;;41,89963844
20,59584;;;41,59444403
20,59634;;;41,28924962
20,59684;;;40,06847199
20,59734;;;35,49055588
20,59784;;;29,08147332
20,59834;;;25,11394602
20,59884;;;23,28277957
20,59934;;;20,5360299
20,59984;;;17,78928023
20,60034;;;17,78928023
20,60084;;;17,48408582
20,60134;;;11,07500326
20,60184;;;-1,132773046
20,60234;;;-13,03535495
20,60284;;;-21,27560395
20,60334;;;-29,21065856
20,60384;;;-36,84051875
20,60434;;;-40,19765723
20,60484;;;-39,28207401
20,60534;;;-40,19765723
20,60584;;;-44,47037894
20,60634;;;-45,38596216
20,60684;;;-40,80804605
20,60734;;;-37,45090756
20,60784;;;-39,28207401
20,60834;;;-37,14571316
20,60884;;;-25,54832566
20,60934;;;-12,73016054
20,60984;;;-12,42496613
20,61034;;;-23,1067704
20,61084;;;-31,041825
20,61134;;;-27,37949211
20,61184;;;-16,39249343
20,61233;;;-6,626272385
20,61283;;;-0,2171898234
20,61333;;;4,360726292
20,61383;;;9,243836815
20,61433;;;12,90616971
20,61483;;;13,82175293
20,61533;;;12,90616971
20,61583;;;11,99058648
20,61633;;;11,99058648
20,61683;;;10,46461445
20,61733;;;6,497087146
20,61783;;;1,308782215
20,61833;;;-2,353550677
20,61883;;;-6,01588357
20,61933;;;-10,28860528
20,61983;;;-13,03535495
20,62033;;;-13,64574376
20,62083;;;-15,47691021
20,62133;;;-22,80157599
20,62183;;;-33,48338026
20,62233;;;-43,24960131
20,62283;;;-51,18465591
20,62333;;;-59,42490492
20,62383;;;-67,35995952
20,62433;;;-71,63268123
20,62483;;;-72,54826445
20,62533;;;-73,15865326
20,62583;;;-74,6846253
20,62633;;;-74,6846253
20,62683;;;-72,85345886
20,62733;;;-70,717098
20,62783;;;-67,66515393
20,62833;;;-63,08723781
20,62883;;;-59,11971051
20,62933;;;-58,20412729
20,62983;;;-58,50932169
20,63033;;;-56,67815525
20,63083;;;-52,71062795
20,63133;;;-46,60673979
20,63183;;;-38,67168519
20,63233;;;-27,68468652
20,63283;;;-17,61327106
20,63333;;;-10,89899409
20,63383;;;-6,321077977
20,63433;;;-2,353550677
20,63483;;;0,393198992
20,63533;;;0,6983933997
20,63583;;;1,003587807
20,63633;;;2,529559846
20,63683;;;2,834754254
20,63733;;;-0,2171898234
20,63783;;;-4,795105939
20,63833;;;-7,847050016
20,63883;;;-9,98341087
20,63933;;;-12,73016054
20,63983;;;-14,56132699
20,64033;;;-14,25613258
20,64083;;;-14,86652139
20,64133;;;-20,97040955
20,64183;;;-31,041825
20,64233;;;-40,80804605
20,64283;;;-48,74310065
20,64333;;;-55,76257203
20,64383;;;-60,95087696
20,64433;;;-62,17165459
20,64483;;;-62,17165459
20,64533;;;-62,47684899
20,64583;;;-62,7820434
20,64633;;;-60,34048814
20,64683;;;-56,67815525
20,64733;;;-53,93140558
20,64783;;;-50,26907269
20,64833;;;-44,16518453
20,64883;;;-38,67168519
20,64933;;;-36,53532434
20,64983;;;-35,0093523
20,65033;;;-30,73663059
20,65083;;;-24,63274244
20,65133;;;-17,91846547
20,65183;;;-9,067827647
20,65233;;;3,139948661
20,65283;;;15,34772497
20,65333;;;23,58797398
20,65383;;;29,08147332
20,65433;;;35,49055588
20,65483;;;40,98405522
20,65533;;;42,51002725
20,65583;;;42,51002725
20,65633;;;44,3411937
20,65683;;;45,86716574
20,65733;;;43,73080489
20,65783;;;39,45808318
20,65833;;;37,93211114
20,65883;;;37,93211114
20,65933;;;36,10094469
20,65983;;;34,26977825
20,66033;;;35,79575029
20,66083;;;37,01652792
20,66133;;;31,21783417
20,66183;;;19,62044668
20,66233;;;10,15942004
20,66283;;;4,055531884
20,66333;;;-2,658745085
20,66383;;;-9,98341087
20,66433;;;-12,11977172
20,66483;;;-9,98341087
20,66533;;;-10,59379969
20,66583;;;-14,25613258
20,66633;;;-13,34054935
20,66683;;;-6,626272385
20,66733;;;-2,353550677
20,66783;;;-2,963939493
20,66832;;;0,08800458433
20,66882;;;13,21136412
20,66932;;;27,55550128
20,66982;;;29,69186213
20,67032;;;20,84122431
20,67082;;;14,43214175
20,67132;;;19,31525227
20,67182;;;32,4386118
20,67232;;;45,86716574
20,67282;;;55,93858119
20,67332;;;62,34766376
20,67382;;;67,53596869
20,67432;;;71,19830158
20,67482;;;72,1138848
20,67532;;;71,80869039
20,67582;;;72,41907921
20,67632;;;74,55544006
20,67682;;;74,55544006
20,67732;;;70,28271836
20,67782;;;65,09441342
20,67832;;;61,73727494
20,67882;;;59,29571968
20,67932;;;55,63338679
20,67982;;;52,58144271
20,68032;;;53,19183152
20,68082;;;53,19183152
20,68132;;;45,86716574
20,68182;;;32,74380621
20,68232;;;20,23083549
20,68282;;;10,76980885
20,68332;;;2,529559846
20,68382;;;-3,879522716
20,68432;;;-6,931466793
20,68482;;;-7,541855608
20,68532;;;-9,373022054
20,68582;;;-11,50938291
20,68632;;;-11,81457732
20,68682;;;-9,98341087
20,68732;;;-8,152244424
20,68782;;;-5,405494754
20,68832;;;-0,5223842311
20,68882;;;3,139948661
20,68932;;;3,750337477
20,68982;;;3,445143069
20,69032;;;4,6659207
20,69082;;;7,717864777
20,69132;;;12,6009753
20,69182;;;20,84122431
20,69232;;;31,82822299
20,69282;;;40,67886081
20,69332;;;45,25677692
20,69382;;;48,00352659
20,69432;;;51,66585949
20,69482;;;53,19183152
20,69532;;;50,75027626
20,69582;;;48,61391541
20,69632;;;49,22430422
20,69682;;;48,00352659
20,69732;;;41,59444403
20,69782;;;34,26977825
20,69832;;;30,91263976
20,69882;;;27,86069569
20,69932;;;22,06200194
20,69982;;;17,17889142
20,70032;;;16,87369701
20,70082;;;15,34772497
20,70132;;;5,886698331
20,70182;;;-8,457438831
20,70232;;;-20,97040955
20,70282;;;-30,43143619
20,70332;;;-39,89246282
20,70382;;;-48,74310065
20,70432;;;-53,32101676
20,70482;;;-54,8469888
20,70532;;;-56,98334966
20,70582;;;-59,42490492
20,70632;;;-59,73009933
20,70682;;;-58,50932169
20,70732;;;-58,20412729
20,70782;;;-56,37296084
20,70832;;;-51,48985032
20,70882;;;-46,9119342
20,70932;;;-46,9119342
20,70982;;;-48,74310065
20,71032;;;-46,9119342
20,71082;;;-42,33401809
20,71132;;;-36,84051875
20,71182;;;-29,51585296
20,71232;;;-17,91846547
20,71282;;;-6,321077977
20,71332;;;-0,5223842311
20,71382;;;1,308782215
20,71432;;;4,360726292
20,71482;;;7,717864777
20,71532;;;7,412670369
20,71582;;;5,581503923
20,71632;;;5,886698331
20,71682;;;6,191892738
20,71732;;;1,919171031
20,71782;;;-4,795105939
20,71832;;;-8,762633239
20,71882;;;-9,678216462
20,71932;;;-13,03535495
20,71982;;;-17,61327106
20,72032;;;-19,1392431
20,72082;;;-19,1392431
20,72132;;;-24,63274244
20,72182;;;-37,45090756
20,72232;;;-49,96387828
20,72282;;;-56,37296084
20,72332;;;-59,73009933
20,72382;;;-63,39243222
20,72432;;;-66,44437629
20,72481;;;-67,66515393
20,72531;;;-69,19112596
20,72581;;;-71,32748682
20,72631;;;-71,02229241
20,72681;;;-67,66515393
20,72731;;;-64,91840426
20,72781;;;-63,69762663
20,72831;;;-59,73009933
20,72881;;;-53,01582236
20,72931;;;-47,82751742
20,72981;;;-45,38596216
20,73031;;;-43,55479572
20,73081;;;-40,19765723
20,73131;;;-36,23012993
20,73181;;;-30,43143619
20,73231;;;-20,05482632
20,73281;;;-8,152244424
20,73331;;;0,08800458433
20,73381;;;7,717864777
20,73431;;;21,75680753
20,73481;;;37,93211114
20,73531;;;41,28924962
20,73581;;;30,30225095
20,73631;;;20,23083549
20,73681;;;21,45161312
20,73731;;;26,33472365
20,73781;;;24,19836279
20,73831;;;17,78928023
20,73881;;;15,65291938
20,73931;;;16,26330819
20,73981;;;14,43214175
20,74031;;;12,29578089
20,74081;;;13,82175293
20,74131;;;14,43214175
20,74181;;;7,717864777
20,74231;;;-3,879522716
20,74281;;;-14,25613258
20,74331;;;-21,27560395
20,74381;;;-27,68468652
20,74431;;;-33,17818586
20,74481;;;-35,31454671
20,74531;;;-34,70415789
20,74581;;;-34,39896349
20,74631;;;-33,78857467
20,74681;;;-31,041825
20,74731;;;-27,68468652
20,74781;;;-24,93793685
20,74831;;;-20,66521514
20,74881;;;-13,64574376
20,74931;;;-7,541855608
20,74981;;;-5,405494754
20,75031;;;-3,879522716
20,75081;;;0,08800458433
20,75131;;;5,276309515
20,75181;;;11,99058648
20,75231;;;22,06200194
20,75281;;;36,10094469
20,75331;;;48,308721
20,75381;;;55,32819238
20,75431;;;59,90610849
20,75481;;;65,39960783
20,75531;;;68,45155191
20,75581;;;66,92557987
20,75631;;;65,70480224
20,75681;;;66,92557987
20,75731;;;67,23077428
20,75781;;;62,65285816
20,75831;;;56,54897001
20,75881;;;53,49702593
20,75931;;;51,97105389
20,75981;;;48,61391541
20,76031;;;45,86716574
20,76081;;;45,86716574
20,76131;;;44,03599929
20,76181;;;36,10094469
20,76231;;;24,19836279
20,76281;;;14,12694734
20,76331;;;5,581503923
20,76381;;;-3,2691339
20,76431;;;-9,373022054
20,76481;;;-10,59379969
20,76531;;;-9,98341087
20,76581;;;-12,11977172
20,76631;;;-14,56132699
20,76681;;;-13,34054935
20,76731;;;-9,98341087
20,76781;;;-8,152244424
20,76831;;;-5,405494754
20,76881;;;0,393198992
20,76931;;;6,497087146
20,76981;;;8,023059185
20,77031;;;7,107475961
20,77081;;;9,243836815
20,77131;;;14,12694734
20,77181;;;20,5360299
20,77231;;;29,69186213
20,77281;;;42,51002725
20,77331;;;53,80222034
20,77381;;;59,60091409
20,77431;;;62,65285816
20,77481;;;66,92557987
20,77531;;;69,67232954
20,77581;;;67,84116309
20,77631;;;65,09441342
20,77681;;;66,00999665
20,77731;;;66,62038546
20,77781;;;62,34766376
20,77831;;;55,32819238
20,77881;;;50,75027626
20,77931;;;47,69833219
20,77981;;;43,42561048
20,78031;;;40,3736664
20,78080;;;40,67886081
20,78130;;;38,54249995
20,78180;;;28,77627891
20,78230;;;15,04253056
20,78280;;;4,6659207
20,78330;;;-3,574328308
20,78380;;;-12,73016054
20,78430;;;-20,05482632
20,78480;;;-21,58079836
20,78530;;;-20,66521514
20,78580;;;-22,19118718
20,78630;;;-24,63274244
20,78680;;;-24,02235362
20,78730;;;-21,88599277
20,78780;;;-20,66521514
20,78830;;;-18,22365988
20,78880;;;-13,03535495
20,78930;;;-9,373022054
20,78980;;;-9,373022054
20,79030;;;-10,28860528
20,79080;;;-8,762633239
20,79130;;;-5,405494754
20,79180;;;-0,8275786388
20,79230;;;8,023059185
20,79280;;;20,23083549
20,79330;;;28,77627891
20,79380;;;32,13341739
20,79430;;;36,4061391
20,79480;;;42,51002725
20,79530;;;43,73080489
20,79580;;;39,15288877
20,79630;;;37,32172232
20,79680;;;40,06847199
20,79730;;;37,93211114
20,79780;;;27,55550128
20,79830;;;22,97758516
20,79880;;;30,30225095
20,79930;;;35,18536147
20,79980;;;24,80875161
20,80030;;;8,938642408
20,80080;;;2,529559846
20,80130;;;2,834754254
20,80180;;;-3,879522716
20,80230;;;-18,22365988
20,80280;;;-29,21065856
20,80330;;;-36,23012993
20,80380;;;-44,47037894
20,80430;;;-53,32101676
20,80480;;;-56,06776643
20,80530;;;-54,54179439
20,80580;;;-55,76257203
20,80630;;;-59,11971051
20,80680;;;-59,11971051
20,80730;;;-55,76257203
20,80780;;;-54,23659999
20,80830;;;-53,01582236
20,80880;;;-49,04829506
20,80930;;;-44,16518453
20,80980;;;-42,9444069
20,81030;;;-43,55479572
20,81080;;;-41,41843486
20,81130;;;-36,53532434
20,81180;;;-30,43143619
20,81230;;;-21,88599277
20,81280;;;-10,28860528
20,81330;;;-0,5223842311
20,81380;;;4,055531884
20,81430;;;7,107475961
20,81480;;;11,38019767
20,81530;;;14,12694734
20,81580;;;12,6009753
20,81630;;;11,68539208
20,81680;;;12,90616971
20,81730;;;12,29578089
20,81780;;;6,802281554
20,81830;;;1,003587807
20,81880;;;-0,8275786388
20,81930;;;-2,658745085
20,81980;;;-7,541855608
20,82030;;;-10,89899409
20,82080;;;-9,678216462
20,82130;;;-10,28860528
20,82180;;;-19,44443751
20,82230;;;-32,87299145
20,82280;;;-42,9444069
20,82330;;;-49,96387828
20,82380;;;-57,28854406
20,82430;;;-64,61320985
20,82480;;;-67,66515393
20,82530;;;-66,7495707
20,82580;;;-66,7495707
20,82630;;;-67,05476511
20,82680;;;-66,13918189
20,82730;;;-63,39243222
20,82780;;;-60,34048814
20,82830;;;-56,37296084
20,82880;;;-50,8794615
20,82930;;;-46,9119342
20,82980;;;-45,99635098
20,83030;;;-44,77557335
20,83080;;;-40,80804605
20,83130;;;-35,0093523
20,83180;;;-28,60026974
20,83230;;;-19,44443751
20,83280;;;-6,931466793
20,83330;;;4,360726292
20,83380;;;11,38019767
20,83430;;;15,65291938
20,83480;;;19,92564108
20,83530;;;23,28277957
20,83580;;;23,89316839
20,83630;;;24,5035572
20,83680;;;25,72433483
20,83729;;;25,11394602
20,83779;;;20,84122431
20,83829;;;16,87369701
20,83879;;;15,95811378
20,83929;;;14,43214175
20,83979;;;10,46461445
20,84029;;;7,717864777
20,84079;;;8,633448
20,84129;;;7,412670369
20,84179;;;0,08800458433
20,84229;;;-9,98341087
20,84279;;;-18,52885429
20,84329;;;-26,46390889
20,84379;;;-35,0093523
20,84429;;;-40,80804605
20,84479;;;-41,72362927
20,84529;;;-40,50285164
20,84579;;;-41,11324046
20,84629;;;-40,80804605
20,84679;;;-37,75610197
20,84729;;;-33,78857467
20,84779;;;-31,34701941
20,84829;;;-27,68468652
20,84879;;;-20,97040955
20,84929;;;-15,47691021
20,84979;;;-14,25613258
20,85029;;;-13,34054935
20,85079;;;-9,373022054
20,85129;;;-3,2691339
20,85179;;;3,750337477
20,85229;;;13,82175293
20,85279;;;26,63991805
20,85329;;;37,01652792
20,85379;;;43,12041607
20,85429;;;47,69833219
20,85479;;;53,19183152
20,85529;;;56,54897001
20,85579;;;55,93858119
20,85629;;;55,32819238
20,85679;;;56,54897001
20,85729;;;55,63338679
20,85779;;;51,05547067
20,85829;;;45,56197133
20,85879;;;42,20483285
20,85929;;;39,15288877
20,85979;;;35,79575029
20,86029;;;35,18536147
20,86079;;;35,79575029
20,86129;;;33,04900062
20,86179;;;24,5035572
20,86229;;;14,43214175
20,86279;;;4,971115108
20,86329;;;-4,184717123
20,86379;;;-12,11977172
20,86429;;;-15,78210462
20,86479;;;-17,91846547
20,86529;;;-21,88599277
20,86579;;;-22,80157599
20,86629;;;-13,64574376
20,86679;;;-2,04835627
20,86729;;;-2,353550677
20,86779;;;-13,03535495
20,86829;;;-17,91846547
20,86879;;;-9,98341087
20,86929;;;-1,743161862
20,86979;;;-2,353550677
20,87029;;;-4,795105939
20,87079;;;-0,8275786388
20,87129;;;5,886698331
20,87179;;;10,46461445
20,87229;;;17,17889142
20,87279;;;29,08147332
20,87329;;;39,76327759
20,87379;;;44,3411937
20,87429;;;46,47755455
20,87479;;;50,75027626
20,87529;;;53,49702593
20,87579;;;51,66585949
20,87629;;;49,52949863
20,87679;;;50,75027626
20,87729;;;49,83469304
20,87779;;;44,03599929
20,87829;;;37,62691673
20,87879;;;35,49055588
20,87929;;;33,96458384
20,87979;;;30,30225095
20,88029;;;27,25030687
20,88079;;;27,25030687
20,88129;;;24,80875161
20,88179;;;15,65291938
20,88229;;;3,750337477
20,88279;;;-5,405494754
20,88329;;;-13,95093817
20,88379;;;-22,80157599
20,88429;;;-28,90546415
20,88479;;;-30,12624178
20,88529;;;-31,041825
20,88579;;;-35,0093523
20,88629;;;-38,36649079
20,88679;;;-37,14571316
20,88729;;;-33,17818586
20,88779;;;-31,041825
20,88829;;;-29,21065856
20,88879;;;-24,93793685
20,88929;;;-20,66521514
20,88979;;;-19,44443751
20,89029;;;-19,74963192
20,89079;;;-18,22365988
20,89129;;;-13,95093817
20,89179;;;-7,847050016
20,89229;;;1,003587807
20,89279;;;11,38019767
20,89328;;;19,62044668
20,89378;;;24,5035572
20,89428;;;28,77627891
20,89478;;;32,4386118
20,89528;;;33,65938943
20,89578;;;32,13341739
20,89628;;;31,82822299
20,89678;;;32,74380621
20,89728;;;30,60744535
20,89778;;;25,11394602
20,89828;;;21,14641872
20,89878;;;19,62044668
20,89928;;;16,5685026
20,89978;;;11,99058648
20,90028;;;10,46461445
20,90078;;;12,6009753
20,90128;;;10,76980885
20,90178;;;1,919171031
20,90228;;;-9,067827647
20,90278;;;-17,00288225
20,90328;;;-24,02235362
20,90378;;;-31,95740822
20,90428;;;-37,45090756
20,90478;;;-38,67168519
20,90528;;;-38,9768796
20,90578;;;-40,80804605
20,90628;;;-41,72362927
20,90678;;;-39,89246282
20,90728;;;-37,14571316
20,90778;;;-35,92493552
20,90828;;;-33,48338026
20,90878;;;-28,29507533
20,90928;;;-23,71715922
20,90978;;;-22,80157599
20,91028;;;-22,80157599
20,91078;;;-21,27560395
20,91128;;;-17,30807665
20,91178;;;-11,50938291
20,91228;;;-2,658745085
20,91278;;;7,107475961
20,91328;;;15,04253056
20,91378;;;19,62044668
20,91428;;;23,58797398
20,91478;;;27,55550128
20,91528;;;28,77627891
20,91578;;;27,25030687
20,91628;;;26,63991805
20,91678;;;27,55550128
20,91728;;;26,94511246
20,91778;;;22,97758516
20,91828;;;18,70486345
20,91878;;;16,5685026
20,91928;;;14,43214175
20,91978;;;11,38019767
20,92028;;;8,938642408
20,92078;;;8,328253592
20,92128;;;6,497087146
20,92178;;;0,08800458433
20,92228;;;-9,98341087
20,92278;;;-20,36002073
20,92328;;;-27,0742977
20,92378;;;-31,34701941
20,92428;;;-36,53532434
20,92478;;;-42,33401809
20,92528;;;-43,24960131
20,92578;;;-35,31454671
20,92628;;;-26,46390889
20,92678;;;-27,37949211
20,92728;;;-37,75610197
20,92778;;;-44,16518453
20,92828;;;-39,28207401
20,92878;;;-30,12624178
20,92928;;;-27,37949211
20,92978;;;-29,51585296
20,93028;;;-28,90546415
20,93078;;;-24,93793685
20,93128;;;-21,88599277
20,93178;;;-18,22365988
20,93228;;;-9,678216462
20,93278;;;1,003587807
20,93328;;;8,023059185
20,93378;;;11,38019767
20,93428;;;15,04253056
20,93478;;;19,92564108
20,93528;;;22,06200194
20,93578;;;21,14641872
20,93628;;;21,45161312
20,93678;;;23,28277957
20,93728;;;22,36719635
20,93778;;;18,39966905
20,93828;;;14,73733615
20,93878;;;13,21136412
20,93928;;;11,38019767
20,93978;;;9,549031223
20,94028;;;9,854225631
20,94078;;;11,07500326
20,94128;;;8,328253592
20,94178;;;0,393198992
20,94228;;;-9,067827647
20,94278;;;-17,30807665
20,94328;;;-24,63274244
20,94378;;;-31,041825
20,94428;;;-34,39896349
20,94478;;;-35,31454671
20,94528;;;-36,53532434
20,94578;;;-38,06129638
20,94628;;;-37,45090756
20,94678;;;-35,0093523
20,94728;;;-32,26260263
20,94778;;;-30,12624178
20,94828;;;-26,46390889
20,94878;;;-21,88599277
20,94928;;;-18,83404869
20,94977;;;-17,30807665
20,95027;;;-15,78210462
20,95077;;;-12,73016054
20,95127;;;-8,762633239
20,95177;;;-2,658745085
20,95227;;;6,497087146
20,95277;;;16,87369701
20,95327;;;24,19836279
20,95377;;;29,08147332
20,95427;;;33,96458384
20,95477;;;38,23730555
20,95527;;;38,84769436
20,95577;;;37,62691673
20,95627;;;38,84769436
20,95677;;;40,98405522
20,95727;;;39,45808318
20,95777;;;34,57497265
20,95827;;;31,52302858
20,95877;;;30,91263976
20,95927;;;28,4710845
20,95977;;;24,5035572
20,96027;;;23,89316839
20,96077;;;26,02952924
20,96127;;;23,89316839
20,96177;;;14,73733615
20,96227;;;4,055531884
20,96277;;;-3,574328308
20,96327;;;-9,98341087
20,96377;;;-16,39249343
20,96427;;;-20,66521514
20,96477;;;-21,27560395
20,96527;;;-21,58079836
20,96577;;;-23,41196481
20,96627;;;-24,32754803
20,96677;;;-22,80157599
20,96727;;;-20,05482632
20,96777;;;-17,91846547
20,96827;;;-13,95093817
20,96877;;;-8,762633239
20,96927;;;-5,405494754
20,96977;;;-4,795105939
20,97027;;;-4,184717123
20,97077;;;-2,04835627
20,97127;;;1,003587807
20,97177;;;5,886698331
20,97227;;;14,73733615
20,97277;;;25,11394602
20,97327;;;32,13341739
20,97377;;;34,88016706
20,97427;;;38,23730555
20,97477;;;43,12041607
20,97527;;;44,64638811
20,97577;;;42,51002725
20,97627;;;41,59444403
20,97677;;;43,42561048
20,97727;;;42,81522166
20,97777;;;38,23730555
20,97827;;;33,96458384
20,97877;;;33,04900062
20,97927;;;31,21783417
20,97977;;;26,94511246
20,98027;;;24,80875161
20,98077;;;26,02952924
20,98127;;;24,5035572
20,98177;;;16,26330819
20,98227;;;6,191892738
20,98277;;;-1,132773046
20,98327;;;-8,457438831
20,98377;;;-16,69768784
20,98427;;;-21,88599277
20,98477;;;-22,19118718
20,98527;;;-22,49638159
20,98577;;;-24,63274244
20,98627;;;-25,24313125
20,98677;;;-22,49638159
20,98727;;;-20,66521514
20,98777;;;-21,27560395
20,98827;;;-18,22365988
20,98877;;;-11,2041885
20,98927;;;-8,152244424
20,98977;;;-12,73016054
20,99027;;;-13,34054935
20,99077;;;-2,04835627
20,99127;;;11,07500326
20,99177;;;14,12694734
20,99227;;;10,46461445
20,99277;;;12,6009753
20,99327;;;21,75680753
20,99377;;;29,69186213
20,99427;;;32,4386118
20,99477;;;33,65938943
20,99527;;;35,49055588
20,99577;;;36,10094469
20,99627;;;35,79575029
20,99677;;;36,4061391
20,99727;;;36,10094469
20,99777;;;32,4386118
20,99827;;;26,94511246
20,99877;;;23,89316839
20,99927;;;21,75680753
20,99977;;;19,31525227
21,00027;;;17,78928023
21,00077;;;17,78928023
21,00127;;;15,34772497
21,00177;;;6,802281554
21,00227;;;-3,879522716
21,00277;;;-12,73016054
21,00327;;;-19,1392431
21,00377;;;-25,24313125
21,00427;;;-29,82104737
21,00477;;;-31,65221382
21,00527;;;-31,95740822
21,00576;;;-33,48338026
21,00626;;;-35,0093523
21,00676;;;-34,39896349
21,00726;;;-32,56779704
21,00776;;;-29,82104737
21,00826;;;-26,15871448
21,00876;;;-21,58079836
21,00926;;;-19,1392431
21,00976;;;-18,52885429
21,01026;;;-17,61327106
21,01076;;;-14,86652139
21,01126;;;-11,81457732
21,01176;;;-7,541855608
21,01226;;;0,393198992
21,01276;;;9,854225631
21,01326;;;16,5685026
21,01376;;;20,23083549
21,01426;;;24,19836279
21,01476;;;29,08147332
21,01526;;;30,91263976
21,01576;;;29,69186213
21,01626;;;29,38666772
21,01676;;;30,30225095
21,01726;;;28,16589009
21,01776;;;22,97758516
21,01826;;;19,31525227
21,01876;;;17,78928023
21,01926;;;14,43214175
21,01976;;;10,46461445
21,02026;;;9,549031223
21,02076;;;11,38019767
21,02126;;;8,938642408
21,02176;;;-0,2171898234
21,02226;;;-10,28860528
21,02276;;;-17,30807665
21,02326;;;-23,41196481
21,02376;;;-30,73663059
21,02426;;;-35,61974112
21,02476;;;-36,53532434
21,02526;;;-36,53532434
21,02576;;;-38,9768796
21,02626;;;-40,50285164
21,02676;;;-39,28207401
21,02726;;;-36,84051875
21,02776;;;-35,0093523
21,02826;;;-31,95740822
21,02876;;;-27,98988092
21,02926;;;-25,54832566
21,02976;;;-25,85352007
21,03026;;;-25,54832566
21,03076;;;-23,1067704
21,03126;;;-19,44443751
21,03176;;;-13,95093817
21,03226;;;-6,01588357
21,03276;;;2,834754254
21,03326;;;9,854225631
21,03376;;;14,43214175
21,03426;;;18,39966905
21,03476;;;21,75680753
21,03526;;;22,36719635
21,03576;;;21,75680753
21,03626;;;22,36719635
21,03676;;;22,97758516
21,03726;;;20,5360299
21,03776;;;15,95811378
21,03826;;;12,90616971
21,03876;;;11,68539208
21,03926;;;9,243836815
21,03976;;;6,191892738
21,04026;;;5,581503923
21,04076;;;5,886698331
21,04126;;;3,139948661
21,04176;;;-3,879522716
21,04226;;;-12,42496613
21,04276;;;-20,05482632
21,04326;;;-27,37949211
21,04376;;;-33,48338026
21,04426;;;-37,14571316
21,04476;;;-38,67168519
21,04526;;;-40,19765723
21,04576;;;-40,80804605
21,04626;;;-39,58726842
21,04676;;;-38,06129638
21,04726;;;-37,14571316
21,04776;;;-34,70415789
21,04826;;;-30,12624178
21,04876;;;-26,76910329
21,04926;;;-25,85352007
21,04976;;;-25,24313125
21,05026;;;-23,41196481
21,05076;;;-21,27560395
21,05126;;;-18,52885429
21,05176;;;-11,2041885
21,05226;;;-1,437967454
21,05276;;;4,6659207
21,05326;;;8,938642408
21,05376;;;19,31525227
21,05426;;;34,57497265
21,05476;;;41,28924962
21,05526;;;33,35419502
21,05576;;;23,58797398
21,05626;;;24,19836279
21,05676;;;29,99705654
21,05726;;;28,77627891
21,05776;;;21,75680753
21,05826;;;19,01005786
21,05876;;;19,62044668
21,05926;;;16,87369701
21,05976;;;11,99058648
21,06026;;;12,29578089
21,06076;;;15,34772497
21,06126;;;12,29578089
21,06176;;;2,224365438
21,06225;;;-7,236661201
21,06275;;;-13,34054935
21,06325;;;-20,05482632
21,06375;;;-27,0742977
21,06425;;;-30,12624178
21,06475;;;-30,12624178
21,06525;;;-31,34701941
21,06575;;;-33,48338026
21,06625;;;-32,87299145
21,06675;;;-29,82104737
21,06725;;;-28,60026974
21,06775;;;-27,37949211
21,06825;;;-22,49638159
21,06875;;;-16,08729902
21,06925;;;-13,64574376
21,06975;;;-15,1717158
21,07025;;;-14,86652139
21,07075;;;-11,81457732
21,07125;;;-8,457438831
21,07175;;;-3,879522716
21,07225;;;4,360726292
21,07275;;;15,04253056
21,07325;;;22,06200194
21,07375;;;25,72433483
21,07425;;;29,99705654
21,07475;;;34,26977825
21,07525;;;35,79575029
21,07575;;;34,88016706
21,07625;;;35,18536147
21,07675;;;36,10094469
21,07725;;;33,96458384
21,07775;;;29,38666772
21,07825;;;26,63991805
21,07875;;;25,41914042
21,07925;;;22,67239075
21,07975;;;19,62044668
21,08025;;;19,62044668
21,08075;;;20,5360299
21,08125;;;16,5685026
21,08175;;;7,412670369
21,08225;;;-1,437967454
21,08275;;;-8,457438831
21,08325;;;-15,1717158
21,08375;;;-21,88599277
21,08425;;;-25,24313125
21,08475;;;-26,46390889
21,08525;;;-27,98988092
21,08575;;;-30,43143619
21,08625;;;-31,041825
21,08675;;;-29,82104737
21,08725;;;-27,98988092
21,08775;;;-25,24313125
21,08825;;;-20,66521514
21,08875;;;-17,30807665
21,08925;;;-17,00288225
21,08975;;;-17,30807665
21,09025;;;-15,78210462
21,09075;;;-12,73016054
21,09125;;;-9,98341087
21,09175;;;-4,795105939
21,09225;;;4,6659207
21,09275;;;15,34772497
21,09325;;;21,75680753
21,09375;;;25,11394602
21,09425;;;29,38666772
21,09475;;;33,35419502
21,09525;;;33,96458384
21,09575;;;33,04900062
21,09625;;;33,96458384
21,09675;;;35,49055588
21,09725;;;33,04900062
21,09775;;;28,16589009
21,09825;;;25,11394602
21,09875;;;23,89316839
21,09925;;;21,14641872
21,09975;;;17,78928023
21,10025;;;18,39966905
21,10075;;;20,23083549
21,10125;;;16,87369701
21,10175;;;7,107475961
21,10225;;;-2,658745085
21,10275;;;-9,678216462
21,10325;;;-15,1717158
21,10375;;;-21,27560395
21,10425;;;-26,15871448
21,10475;;;-27,98988092
21,10525;;;-29,21065856
21,10575;;;-30,43143619
21,10625;;;-31,041825
21,10675;;;-30,12624178
21,10725;;;-27,98988092
21,10775;;;-25,54832566
21,10825;;;-22,80157599
21,10875;;;-19,74963192
21,10925;;;-17,61327106
21,10975;;;-17,00288225
21,11025;;;-16,69768784
21,11075;;;-14,86652139
21,11125;;;-11,2041885
21,11175;;;-4,795105939
21,11225;;;3,139948661
21,11275;;;11,99058648
21,11325;;;19,31525227
21,11375;;;23,89316839
21,11425;;;26,63991805
21,11475;;;28,77627891
21,11525;;;31,52302858
21,11575;;;32,13341739
21,11625;;;30,30225095
21,11675;;;28,4710845
21,11725;;;31,52302858
21,11775;;;37,93211114
21,11824;;;37,62691673
21,11874;;;26,63991805
21,11924;;;13,21136412
21,11974;;;9,243836815
21,12024;;;13,21136412
21,12074;;;14,43214175
21,12124;;;7,412670369
21,12174;;;-1,132773046
21,12224;;;-7,847050016
21,12274;;;-14,56132699
21,12324;;;-23,41196481
21,12374;;;-30,73663059
21,12424;;;-33,17818586
21,12474;;;-34,09376908
21,12524;;;-36,23012993
21,12574;;;-37,14571316
21,12624;;;-35,61974112
21,12674;;;-34,39896349
21,12724;;;-35,0093523
21,12774;;;-33,48338026
21,12824;;;-27,98988092
21,12874;;;-23,1067704
21,12924;;;-23,1067704
21,12974;;;-24,32754803
21,13024;;;-22,49638159
21,13074;;;-18,52885429
21,13124;;;-15,1717158
21,13174;;;-9,373022054
21,13224;;;0,6983933997
21,13274;;;10,76980885
21,13324;;;16,5685026
21,13374;;;19,92564108
21,13424;;;25,41914042
21,13474;;;30,30225095
21,13524;;;31,21783417
21,13574;;;30,30225095
21,13624;;;31,82822299
21,13674;;;33,35419502
21,13724;;;30,91263976
21,13774;;;25,41914042
21,13824;;;22,36719635
21,13874;;;21,75680753
21,13924;;;20,23083549
21,13974;;;17,48408582
21,14024;;;17,48408582
21,14074;;;17,78928023
21,14124;;;13,51655852
21,14174;;;5,276309515
21,14224;;;-3,2691339
21,14274;;;-10,59379969
21,14324;;;-17,61327106
21,14374;;;-23,41196481
21,14424;;;-25,54832566
21,14474;;;-26,46390889
21,14524;;;-29,82104737
21,14574;;;-33,17818586
21,14624;;;-32,56779704
21,14674;;;-29,21065856
21,14724;;;-27,68468652
21,14774;;;-27,0742977
21,14824;;;-23,71715922
21,14874;;;-19,1392431
21,14924;;;-17,00288225
21,14974;;;-17,30807665
21,15024;;;-16,69768784
21,15074;;;-13,64574376
21,15124;;;-9,98341087
21,15174;;;-4,489911531
21,15224;;;4,055531884
21,15274;;;13,51655852
21,15324;;;19,31525227
21,15374;;;23,28277957
21,15424;;;28,16589009
21,15474;;;32,13341739
21,15524;;;33,04900062
21,15574;;;32,4386118
21,15624;;;33,96458384
21,15674;;;34,88016706
21,15724;;;31,52302858
21,15774;;;26,02952924
21,15824;;;22,97758516
21,15874;;;22,36719635
21,15924;;;20,23083549
21,15974;;;17,78928023
21,16024;;;17,78928023
21,16074;;;18,09447464
21,16124;;;13,82175293
21,16174;;;5,276309515
21,16224;;;-3,2691339
21,16274;;;-10,59379969
21,16324;;;-17,61327106
21,16374;;;-23,1067704
21,16424;;;-24,93793685
21,16474;;;-24,93793685
21,16524;;;-27,0742977
21,16574;;;-30,43143619
21,16624;;;-31,34701941
21,16674;;;-29,51585296
21,16724;;;-26,76910329
21,16774;;;-24,02235362
21,16824;;;-19,44443751
21,16874;;;-14,86652139
21,16924;;;-13,95093817
21,16974;;;-14,86652139
21,17024;;;-14,25613258
21,17074;;;-10,59379969
21,17124;;;-5,710689162
21,17174;;;0,6983933997
21,17224;;;10,15942004
21,17274;;;20,5360299
21,17324;;;27,86069569
21,17374;;;31,52302858
21,17424;;;34,57497265
21,17473;;;37,93211114
21,17523;;;40,06847199
21,17573;;;40,3736664
21,17623;;;40,3736664
21,17673;;;40,67886081
21,17723;;;38,84769436
21,17773;;;33,96458384
21,17823;;;29,08147332
21,17873;;;26,94511246
21,17923;;;26,33472365
21,17973;;;23,28277957
21,18023;;;18,09447464
21,18073;;;16,87369701
21,18123;;;22,36719635
21,18173;;;26,94511246
21,18223;;;17,78928023
21,18273;;;-3,2691339
21,18323;;;-21,58079836
21,18373;;;-26,15871448
21,18423;;;-23,41196481
21,18473;;;-24,93793685
21,18523;;;-30,43143619
21,18573;;;-31,95740822
21,18623;;;-28,29507533
21,18673;;;-27,0742977
21,18723;;;-28,90546415
21,18773;;;-27,0742977
21,18823;;;-20,05482632
21,18873;;;-15,1717158
21,18923;;;-16,08729902
21,18973;;;-17,30807665
21,19023;;;-14,25613258
21,19073;;;-10,28860528
21,19123;;;-8,152244424
21,19173;;;-3,2691339
21,19223;;;7,412670369
21,19273;;;17,48408582
21,19323;;;21,14641872
21,19373;;;22,06200194
21,19423;;;26,33472365
21,19473;;;32,74380621
21,19523;;;35,49055588
21,19573;;;35,49055588
21,19623;;;36,4061391
21,19673;;;36,71133351
21,19723;;;32,74380621
21,19773;;;26,94511246
21,19823;;;23,58797398
21,19873;;;22,36719635
21,19923;;;19,31525227
21,19973;;;16,26330819
21,20023;;;17,17889142
21,20073;;;18,70486345
21,20123;;;14,12694734
21,20173;;;3,139948661
21,20223;;;-7,236661201
21,20273;;;-14,86652139
21,20323;;;-21,58079836
21,20373;;;-27,68468652
21,20423;;;-31,041825
21,20473;;;-31,95740822
21,20523;;;-33,78857467
21,20573;;;-35,92493552
21,20623;;;-36,23012993
21,20673;;;-34,70415789
21,20723;;;-33,48338026
21,20773;;;-31,65221382
21,20823;;;-27,37949211
21,20873;;;-22,49638159
21,20923;;;-20,97040955
21,20973;;;-22,49638159
21,21023;;;-21,88599277
21,21073;;;-18,83404869
21,21123;;;-14,56132699
21,21173;;;-8,762633239
21,21223;;;0,08800458433
21,21273;;;8,633448
21,21323;;;14,12694734
21,21373;;;17,48408582
21,21423;;;22,06200194
21,21473;;;26,33472365
21,21523;;;26,94511246
21,21573;;;26,02952924
21,21623;;;26,94511246
21,21673;;;27,86069569
21,21723;;;25,11394602
21,21773;;;20,23083549
21,21823;;;17,17889142
21,21873;;;15,95811378
21,21923;;;13,21136412
21,21973;;;10,46461445
21,22023;;;10,76980885
21,22073;;;11,68539208
21,22123;;;8,328253592
21,22173;;;-0,8275786388
21,22223;;;-10,59379969
21,22273;;;-17,91846547
21,22323;;;-23,71715922
21,22373;;;-29,21065856
21,22423;;;-32,56779704
21,22473;;;-34,09376908
21,22523;;;-35,0093523
21,22573;;;-35,92493552
21,22623;;;-35,31454671
21,22673;;;-33,17818586
21,22723;;;-31,041825
21,22773;;;-28,29507533
21,22823;;;-24,02235362
21,22873;;;-19,44443751
21,22923;;;-17,30807665
21,22973;;;-17,30807665
21,23023;;;-16,39249343
21,23072;;;-13,95093817
21,23122;;;-10,28860528
21,23172;;;-4,184717123
21,23222;;;4,6659207
21,23272;;;14,12694734
21,23322;;;19,62044668
21,23372;;;22,36719635
21,23422;;;25,72433483
21,23472;;;29,69186213
21,23522;;;31,52302858
21,23572;;;30,91263976
21,23622;;;31,21783417
21,23672;;;31,82822299
21,23722;;;29,38666772
21,23772;;;24,19836279
21,23822;;;20,5360299
21,23872;;;19,62044668
21,23922;;;18,09447464
21,23972;;;15,65291938
21,24022;;;15,34772497
21,24072;;;16,26330819
21,24122;;;11,68539208
21,24172;;;1,003587807
21,24222;;;-8,152244424
21,24272;;;-13,34054935
21,24322;;;-19,1392431
21,24372;;;-28,60026974
21,24422;;;-33,48338026
21,24472;;;-26,76910329
21,24522;;;-16,39249343
21,24572;;;-16,69768784
21,24622;;;-27,98988092
21,24672;;;-37,45090756
21,24722;;;-35,92493552
21,24772;;;-28,29507533
21,24822;;;-23,71715922
21,24872;;;-22,80157599
21,24922;;;-22,19118718
21,24972;;;-19,74963192
21,25022;;;-17,91846547
21,25072;;;-16,08729902
21,25122;;;-12,73016054
21,25172;;;-6,01588357
21,25222;;;2,834754254
21,25272;;;11,68539208
21,25322;;;17,78928023
21,25372;;;22,36719635
21,25422;;;26,63991805
21,25472;;;29,99705654
21,25522;;;30,91263976
21,25572;;;30,91263976
